image_id,true_label,cluster_id
0,5,9
1,0,2
2,4,8
3,1,6
4,9,3
5,2,1
6,1,0
7,3,9
8,1,0
9,4,4
10,3,5
11,5,1
12,3,5
13,6,7
14,1,0
15,7,4
16,2,1
17,8,9
18,6,7
19,9,4
20,4,8
21,0,2
22,9,4
23,1,6
24,1,1
25,2,1
26,4,3
27,3,5
28,2,4
29,7,4
30,3,5
31,8,9
32,6,7
33,9,4
34,0,9
35,5,9
36,6,7
37,0,9
38,7,3
39,6,7
40,1,0
41,8,9
42,7,3
43,9,4
44,3,5
45,9,3
46,8,9
47,5,9
48,9,5
49,3,5
50,3,5
51,0,2
52,7,3
53,4,6
54,9,3
55,8,9
56,0,2
57,9,4
58,4,8
59,1,6
60,4,8
61,4,9
62,6,7
63,0,2
64,4,8
65,5,9
66,6,7
67,1,6
68,0,2
69,0,5
70,1,0
71,7,4
72,1,0
73,6,7
74,3,5
75,0,2
76,2,5
77,1,6
78,1,6
79,7,4
80,9,5
81,0,9
82,2,1
83,6,7
84,7,3
85,8,9
86,3,5
87,9,4
88,0,2
89,4,4
90,6,7
91,7,4
92,4,8
93,6,7
94,8,9
95,0,2
96,7,4
97,8,9
98,3,5
99,1,6
100,5,9
101,7,3
102,1,0
103,7,4
104,1,0
105,1,6
106,6,7
107,3,5
108,0,2
109,2,7
110,9,8
111,3,5
112,1,0
113,1,6
114,0,2
115,4,4
116,9,3
117,2,1
118,0,2
119,0,2
120,2,5
121,0,2
122,2,1
123,7,4
124,1,0
125,8,9
126,6,7
127,4,4
128,1,0
129,6,7
130,3,5
131,4,4
132,5,0
133,9,3
134,1,5
135,3,9
136,3,5
137,8,6
138,5,5
139,4,4
140,7,4
141,7,4
142,4,3
143,2,1
144,8,5
145,5,9
146,8,9
147,6,7
148,7,4
149,3,5
150,4,0
151,6,7
152,1,0
153,9,4
154,9,3
155,6,7
156,0,2
157,3,9
158,7,8
159,2,1
160,8,5
161,2,9
162,9,3
163,4,4
164,4,8
165,6,7
166,4,4
167,9,4
168,7,4
169,0,9
170,9,3
171,2,1
172,9,3
173,5,9
174,1,0
175,5,9
176,9,3
177,1,6
178,2,2
179,3,5
180,2,0
181,3,9
182,5,5
183,9,4
184,1,0
185,7,4
186,6,7
187,2,1
188,8,8
189,2,1
190,2,1
191,5,9
192,0,2
193,7,4
194,4,8
195,9,4
196,7,8
197,8,9
198,3,5
199,2,1
200,1,0
201,1,6
202,8,9
203,3,9
204,6,7
205,1,6
206,0,2
207,3,9
208,1,0
209,0,2
210,0,2
211,1,0
212,7,3
213,2,1
214,7,8
215,3,5
216,0,5
217,4,3
218,6,7
219,5,9
220,2,1
221,6,7
222,4,8
223,7,4
224,1,4
225,8,9
226,9,3
227,9,3
228,3,5
229,0,2
230,7,4
231,1,0
232,0,7
233,2,1
234,0,2
235,3,5
236,5,9
237,4,8
238,6,7
239,5,9
240,8,0
241,6,7
242,3,5
243,7,4
244,5,5
245,8,9
246,0,2
247,9,3
248,1,0
249,0,2
250,3,7
251,1,0
252,2,1
253,2,1
254,3,5
255,3,9
256,6,6
257,4,4
258,7,4
259,5,9
260,0,2
261,6,7
262,2,7
263,7,4
264,9,8
265,8,9
266,5,5
267,9,3
268,2,4
269,1,6
270,1,0
271,4,3
272,4,3
273,5,9
274,6,9
275,4,3
276,1,0
277,2,1
278,5,7
279,3,5
280,9,3
281,3,5
282,9,8
283,0,2
284,5,5
285,9,3
286,6,7
287,5,9
288,7,3
289,4,3
290,1,6
291,3,9
292,4,3
293,0,2
294,4,8
295,8,9
296,0,2
297,4,4
298,3,5
299,6,7
300,8,9
301,7,4
302,6,7
303,0,2
304,9,3
305,7,4
306,5,2
307,7,4
308,2,1
309,1,6
310,1,0
311,6,7
312,8,5
313,9,4
314,4,8
315,1,6
316,5,5
317,2,1
318,2,1
319,9,4
320,0,2
321,3,9
322,9,8
323,6,7
324,7,3
325,2,1
326,0,2
327,3,9
328,5,9
329,4,4
330,3,5
331,6,7
332,5,5
333,8,5
334,9,8
335,5,9
336,4,3
337,7,4
338,4,3
339,2,1
340,7,3
341,3,9
342,4,3
343,8,9
344,9,8
345,1,6
346,9,9
347,2,1
348,8,9
349,7,4
350,9,3
351,1,6
352,8,5
353,7,4
354,4,3
355,1,6
356,3,5
357,1,6
358,1,0
359,0,2
360,2,1
361,3,9
362,9,3
363,4,4
364,9,3
365,2,1
366,1,0
367,6,7
368,8,9
369,4,3
370,7,0
371,7,3
372,4,3
373,4,4
374,9,8
375,2,1
376,5,5
377,7,4
378,2,1
379,4,4
380,4,8
381,2,1
382,1,0
383,9,4
384,7,3
385,2,1
386,8,5
387,7,4
388,6,7
389,9,4
390,2,1
391,2,1
392,3,5
393,8,9
394,1,0
395,6,7
396,5,9
397,1,6
398,1,0
399,0,2
400,2,1
401,6,7
402,4,3
403,5,9
404,8,5
405,3,5
406,1,0
407,5,9
408,1,0
409,9,4
410,2,1
411,7,4
412,4,3
413,4,4
414,4,7
415,8,9
416,1,6
417,5,9
418,8,1
419,9,4
420,5,9
421,6,7
422,7,4
423,9,4
424,9,8
425,3,9
426,7,3
427,0,2
428,9,8
429,0,2
430,6,7
431,6,7
432,2,1
433,3,9
434,9,8
435,0,2
436,7,3
437,5,9
438,4,8
439,8,9
440,0,2
441,9,3
442,4,3
443,1,6
444,2,0
445,8,9
446,7,8
447,1,6
448,2,1
449,6,7
450,1,0
451,0,7
452,3,5
453,0,2
454,1,0
455,1,6
456,8,9
457,2,1
458,0,2
459,3,3
460,9,8
461,4,8
462,0,2
463,5,9
464,0,2
465,6,7
466,1,6
467,7,4
468,7,2
469,8,9
470,1,0
471,9,4
472,2,0
473,0,2
474,5,9
475,1,6
476,2,1
477,2,1
478,7,3
479,3,5
480,5,5
481,4,4
482,9,3
483,7,4
484,1,0
485,8,9
486,3,5
487,9,4
488,6,1
489,0,2
490,3,5
491,1,6
492,1,6
493,2,1
494,6,2
495,3,5
496,5,5
497,7,1
498,6,7
499,8,9
500,3,3
501,9,9
502,5,5
503,8,9
504,5,5
505,7,4
506,6,1
507,1,6
508,1,6
509,3,9
510,1,6
511,7,9
512,5,5
513,5,9
514,5,5
515,2,1
516,5,8
517,8,9
518,7,4
519,0,2
520,9,8
521,7,4
522,7,3
523,5,9
524,0,2
525,9,4
526,0,2
527,0,9
528,8,7
529,9,4
530,2,1
531,4,4
532,8,5
533,1,9
534,6,7
535,1,6
536,6,7
537,5,9
538,1,6
539,8,9
540,3,9
541,4,4
542,0,7
543,5,9
544,5,5
545,8,9
546,3,5
547,6,7
548,2,1
549,3,9
550,9,8
551,2,1
552,1,0
553,1,6
554,5,5
555,2,1
556,1,0
557,3,9
558,2,7
559,8,9
560,7,4
561,3,9
562,7,3
563,2,1
564,4,3
565,6,7
566,9,3
567,7,4
568,2,1
569,4,4
570,2,1
571,8,9
572,1,0
573,1,6
574,3,0
575,8,9
576,4,3
577,0,2
578,6,7
579,5,9
580,9,3
581,3,9
582,0,5
583,9,9
584,2,7
585,4,4
586,7,4
587,1,6
588,2,6
589,9,4
590,4,3
591,2,1
592,6,7
593,1,6
594,8,5
595,9,4
596,0,2
597,6,9
598,6,7
599,7,4
600,9,3
601,9,4
602,8,5
603,0,9
604,1,6
605,4,9
606,4,8
607,6,9
608,7,8
609,1,6
610,5,8
611,7,6
612,0,2
613,3,9
614,5,9
615,8,9
616,4,8
617,7,4
618,1,0
619,2,1
620,5,5
621,9,4
622,5,2
623,6,7
624,7,4
625,5,9
626,9,4
627,8,7
628,8,5
629,3,9
630,6,5
631,9,9
632,7,3
633,0,9
634,7,4
635,5,1
636,7,4
637,1,6
638,1,0
639,0,2
640,7,8
641,9,6
642,2,1
643,3,9
644,7,6
645,3,9
646,2,6
647,4,4
648,1,6
649,6,7
650,2,1
651,7,4
652,5,9
653,5,9
654,7,3
655,4,4
656,0,7
657,2,1
658,6,1
659,3,9
660,6,7
661,4,9
662,0,2
663,4,4
664,2,1
665,6,9
666,0,7
667,0,9
668,0,2
669,0,2
670,3,2
671,1,6
672,6,7
673,2,1
674,2,0
675,3,5
676,1,0
677,4,3
678,1,0
679,5,9
680,4,9
681,6,7
682,4,8
683,7,4
684,2,1
685,8,9
686,7,8
687,9,3
688,2,1
689,0,2
690,5,5
691,1,6
692,4,8
693,2,1
694,8,5
695,3,9
696,2,1
697,4,4
698,1,6
699,5,5
700,4,4
701,6,7
702,0,2
703,7,4
704,9,8
705,8,9
706,4,8
707,9,4
708,8,5
709,0,2
710,1,0
711,1,6
712,0,9
713,2,1
714,2,1
715,3,9
716,2,1
717,4,4
718,4,8
719,5,5
720,8,0
721,6,7
722,5,8
723,7,4
724,7,3
725,8,9
726,8,5
727,9,3
728,7,4
729,4,8
730,7,3
731,3,9
732,2,1
733,0,2
734,8,5
735,6,7
736,8,5
737,6,7
738,1,0
739,6,7
740,8,5
741,9,3
742,4,8
743,0,2
744,9,3
745,0,2
746,4,0
747,1,6
748,5,5
749,4,4
750,7,3
751,5,9
752,3,5
753,7,4
754,4,3
755,9,4
756,8,9
757,5,9
758,8,9
759,6,7
760,3,5
761,8,9
762,6,7
763,9,3
764,9,8
765,1,6
766,8,9
767,3,5
768,5,5
769,8,9
770,6,1
771,5,9
772,9,4
773,7,4
774,2,1
775,5,9
776,0,7
777,8,9
778,5,8
779,1,6
780,1,0
781,0,2
782,9,3
783,1,6
784,8,9
785,6,7
786,7,3
787,0,2
788,9,9
789,3,9
790,0,2
791,8,9
792,8,5
793,9,3
794,6,7
795,7,4
796,8,9
797,4,4
798,7,3
799,5,9
800,9,3
801,2,1
802,6,7
803,7,4
804,4,8
805,5,9
806,9,3
807,2,1
808,3,3
809,1,6
810,6,7
811,3,9
812,9,3
813,2,1
814,2,1
815,5,5
816,6,7
817,8,9
818,0,2
819,7,4
820,7,8
821,1,6
822,9,4
823,8,9
824,7,3
825,0,2
826,9,8
827,9,4
828,4,1
829,6,7
830,2,5
831,8,9
832,5,9
833,1,6
834,4,3
835,1,6
836,5,5
837,5,9
838,1,0
839,7,4
840,3,5
841,6,7
842,4,8
843,3,9
844,2,2
845,5,9
846,6,5
847,4,4
848,4,8
849,0,2
850,4,7
851,4,8
852,6,7
853,7,4
854,2,3
855,4,4
856,3,5
857,3,9
858,8,9
859,0,2
860,0,2
861,3,9
862,2,1
863,2,8
864,9,4
865,8,9
866,2,5
867,3,9
868,7,3
869,0,2
870,1,0
871,1,6
872,0,2
873,2,1
874,3,5
875,3,5
876,8,5
877,4,8
878,3,9
879,5,9
880,7,4
881,6,7
882,4,8
883,7,3
884,7,6
885,8,9
886,5,5
887,9,4
888,7,3
889,0,2
890,3,5
891,1,6
892,6,1
893,2,9
894,4,4
895,3,5
896,4,4
897,4,8
898,7,3
899,5,9
900,9,3
901,6,7
902,9,2
903,0,9
904,7,3
905,1,6
906,4,8
907,2,1
908,7,8
909,3,5
910,6,2
911,7,4
912,5,9
913,8,9
914,4,8
915,5,9
916,5,7
917,2,1
918,7,6
919,1,6
920,1,0
921,5,9
922,6,7
923,8,9
924,5,5
925,8,9
926,4,8
927,0,2
928,7,4
929,9,4
930,9,4
931,2,9
932,9,8
933,7,4
934,7,4
935,8,1
936,7,3
937,4,4
938,2,5
939,6,1
940,9,8
941,1,6
942,7,4
943,0,9
944,6,7
945,4,4
946,2,9
947,5,9
948,7,6
949,0,2
950,7,3
951,1,6
952,0,2
953,3,5
954,7,4
955,6,7
956,5,5
957,0,9
958,6,7
959,1,6
960,5,5
961,1,6
962,7,3
963,8,9
964,5,9
965,0,2
966,3,7
967,4,8
968,7,3
969,7,4
970,5,5
971,7,4
972,8,9
973,6,7
974,9,5
975,3,5
976,8,9
977,6,7
978,1,0
979,0,9
980,9,3
981,7,4
982,1,0
983,3,5
984,0,2
985,5,9
986,6,8
987,4,4
988,4,8
989,2,1
990,4,8
991,4,3
992,3,5
993,1,6
994,7,3
995,7,4
996,6,7
997,0,9
998,3,5
999,6,7
1000,0,2
1001,7,4
1002,1,0
1003,1,6
1004,4,5
1005,9,4
1006,4,3
1007,3,3
1008,4,3
1009,8,9
1010,2,1
1011,2,1
1012,1,0
1013,8,9
1014,7,8
1015,0,2
1016,8,5
1017,1,6
1018,0,2
1019,7,9
1020,6,7
1021,3,9
1022,7,4
1023,7,4
1024,5,8
1025,8,9
1026,8,9
1027,9,4
1028,0,2
1029,0,2
1030,4,7
1031,1,6
1032,5,9
1033,2,1
1034,2,1
1035,3,9
1036,9,4
1037,4,4
1038,9,8
1039,5,9
1040,0,2
1041,6,7
1042,7,3
1043,7,4
1044,1,6
1045,8,9
1046,0,2
1047,2,1
1048,2,1
1049,0,2
1050,4,8
1051,1,6
1052,1,0
1053,2,1
1054,7,3
1055,3,9
1056,9,3
1057,7,4
1058,2,5
1059,8,9
1060,1,0
1061,9,4
1062,5,9
1063,8,9
1064,8,5
1065,1,6
1066,9,4
1067,8,9
1068,3,5
1069,1,6
1070,6,9
1071,5,9
1072,7,3
1073,4,4
1074,2,1
1075,7,8
1076,0,5
1077,3,9
1078,0,2
1079,4,6
1080,1,6
1081,1,6
1082,7,4
1083,9,8
1084,1,0
1085,1,6
1086,8,5
1087,5,7
1088,7,4
1089,5,9
1090,0,2
1091,6,7
1092,6,7
1093,0,2
1094,4,3
1095,1,6
1096,2,1
1097,3,1
1098,4,3
1099,4,4
1100,6,0
1101,8,9
1102,0,2
1103,9,4
1104,5,5
1105,8,9
1106,7,6
1107,0,2
1108,3,5
1109,5,9
1110,4,3
1111,5,1
1112,9,3
1113,6,7
1114,7,3
1115,1,6
1116,9,8
1117,6,1
1118,1,0
1119,3,2
1120,8,5
1121,3,9
1122,9,3
1123,1,6
1124,2,1
1125,7,4
1126,7,4
1127,7,2
1128,0,2
1129,2,1
1130,3,5
1131,1,6
1132,1,0
1133,4,4
1134,2,1
1135,5,9
1136,6,7
1137,0,9
1138,9,3
1139,6,7
1140,2,1
1141,8,5
1142,9,3
1143,2,5
1144,3,5
1145,3,5
1146,6,7
1147,9,4
1148,1,6
1149,4,3
1150,3,5
1151,3,5
1152,0,2
1153,7,4
1154,7,4
1155,1,6
1156,7,3
1157,7,4
1158,3,5
1159,6,7
1160,4,8
1161,9,4
1162,5,5
1163,4,4
1164,4,8
1165,2,1
1166,7,3
1167,9,4
1168,0,9
1169,9,4
1170,8,5
1171,4,4
1172,4,8
1173,9,4
1174,1,0
1175,2,1
1176,4,8
1177,9,3
1178,3,9
1179,0,2
1180,4,3
1181,1,6
1182,6,9
1183,2,1
1184,6,7
1185,3,1
1186,7,3
1187,4,8
1188,2,1
1189,6,7
1190,6,1
1191,7,3
1192,1,0
1193,8,9
1194,9,8
1195,0,9
1196,4,8
1197,1,6
1198,4,8
1199,2,1
1200,1,0
1201,3,9
1202,6,7
1203,4,3
1204,6,7
1205,7,4
1206,5,5
1207,8,9
1208,7,3
1209,0,2
1210,5,5
1211,1,6
1212,4,8
1213,2,7
1214,8,9
1215,4,8
1216,7,3
1217,7,4
1218,3,5
1219,8,9
1220,4,8
1221,9,3
1222,5,1
1223,8,4
1224,6,7
1225,7,3
1226,3,5
1227,4,4
1228,6,7
1229,7,4
1230,1,0
1231,7,3
1232,4,8
1233,3,9
1234,3,9
1235,9,4
1236,8,5
1237,8,9
1238,1,0
1239,8,4
1240,6,7
1241,3,1
1242,1,0
1243,1,0
1244,3,8
1245,5,9
1246,2,1
1247,8,9
1248,4,8
1249,2,1
1250,9,4
1251,7,3
1252,1,0
1253,4,8
1254,8,5
1255,2,1
1256,9,3
1257,6,7
1258,4,8
1259,1,6
1260,3,8
1261,4,3
1262,2,1
1263,5,9
1264,2,1
1265,5,9
1266,6,7
1267,8,9
1268,0,9
1269,6,7
1270,2,0
1271,4,3
1272,9,8
1273,4,8
1274,9,4
1275,4,3
1276,5,2
1277,1,6
1278,5,7
1279,8,9
1280,4,4
1281,7,3
1282,9,5
1283,5,9
1284,9,4
1285,5,9
1286,9,3
1287,1,6
1288,5,5
1289,8,9
1290,3,5
1291,9,3
1292,9,4
1293,1,0
1294,8,9
1295,3,1
1296,8,5
1297,6,7
1298,5,9
1299,2,1
1300,7,4
1301,2,1
1302,7,4
1303,6,7
1304,0,2
1305,9,3
1306,7,3
1307,9,4
1308,4,8
1309,6,7
1310,0,2
1311,5,9
1312,3,5
1313,5,9
1314,7,8
1315,3,9
1316,9,4
1317,3,1
1318,6,7
1319,8,9
1320,3,5
1321,1,6
1322,7,3
1323,6,7
1324,5,5
1325,5,9
1326,7,3
1327,6,7
1328,5,3
1329,8,9
1330,2,1
1331,1,6
1332,7,4
1333,9,4
1334,2,1
1335,7,4
1336,3,5
1337,6,7
1338,7,3
1339,8,9
1340,5,5
1341,3,1
1342,7,3
1343,7,3
1344,8,5
1345,4,4
1346,0,2
1347,7,4
1348,3,9
1349,0,9
1350,6,7
1351,3,9
1352,9,5
1353,7,4
1354,1,0
1355,9,4
1356,5,5
1357,3,9
1358,6,7
1359,0,9
1360,9,8
1361,2,8
1362,8,5
1363,0,2
1364,9,5
1365,1,6
1366,6,1
1367,0,2
1368,0,2
1369,1,6
1370,9,8
1371,0,2
1372,0,2
1373,4,3
1374,2,7
1375,1,6
1376,7,8
1377,0,9
1378,3,5
1379,4,3
1380,4,1
1381,7,4
1382,5,8
1383,9,3
1384,8,9
1385,2,1
1386,0,2
1387,0,9
1388,8,9
1389,6,7
1390,2,1
1391,2,1
1392,7,4
1393,6,7
1394,1,0
1395,2,1
1396,9,3
1397,2,1
1398,6,7
1399,9,3
1400,7,3
1401,9,8
1402,5,8
1403,0,2
1404,8,7
1405,1,6
1406,5,5
1407,2,1
1408,4,8
1409,3,5
1410,9,4
1411,4,9
1412,7,3
1413,5,9
1414,6,2
1415,6,7
1416,7,8
1417,7,4
1418,6,7
1419,8,9
1420,5,5
1421,9,4
1422,7,4
1423,0,4
1424,6,7
1425,1,6
1426,9,3
1427,2,1
1428,3,5
1429,3,9
1430,5,9
1431,4,4
1432,3,5
1433,5,9
1434,8,9
1435,6,7
1436,3,5
1437,7,4
1438,2,1
1439,8,9
1440,4,8
1441,9,4
1442,5,9
1443,0,2
1444,2,7
1445,1,6
1446,4,8
1447,2,1
1448,4,8
1449,3,2
1450,1,0
1451,7,4
1452,1,0
1453,8,9
1454,0,5
1455,9,9
1456,6,7
1457,8,9
1458,1,0
1459,9,4
1460,4,8
1461,4,1
1462,9,8
1463,1,6
1464,8,9
1465,9,4
1466,6,8
1467,5,9
1468,5,9
1469,3,9
1470,3,5
1471,0,2
1472,1,0
1473,4,6
1474,3,5
1475,8,9
1476,3,9
1477,4,9
1478,2,1
1479,0,2
1480,7,4
1481,5,1
1482,5,9
1483,1,6
1484,8,9
1485,5,9
1486,3,5
1487,4,4
1488,6,7
1489,0,2
1490,5,5
1491,7,4
1492,2,7
1493,6,7
1494,6,7
1495,0,2
1496,1,6
1497,1,6
1498,4,8
1499,7,4
1500,9,3
1501,0,2
1502,0,2
1503,6,7
1504,6,7
1505,8,9
1506,6,7
1507,9,4
1508,4,8
1509,5,9
1510,2,1
1511,4,8
1512,0,9
1513,7,4
1514,5,3
1515,6,7
1516,5,9
1517,0,2
1518,9,8
1519,8,9
1520,6,7
1521,1,6
1522,9,8
1523,7,4
1524,5,9
1525,7,4
1526,5,5
1527,1,6
1528,1,0
1529,3,9
1530,0,2
1531,2,1
1532,0,2
1533,3,9
1534,8,8
1535,1,9
1536,6,7
1537,4,8
1538,6,1
1539,2,1
1540,6,7
1541,4,8
1542,8,9
1543,8,9
1544,1,0
1545,4,6
1546,4,8
1547,7,4
1548,1,0
1549,2,1
1550,2,1
1551,3,9
1552,9,3
1553,6,7
1554,4,0
1555,9,4
1556,5,5
1557,6,7
1558,2,1
1559,3,9
1560,9,8
1561,2,1
1562,6,7
1563,2,1
1564,7,3
1565,4,4
1566,3,5
1567,6,7
1568,4,8
1569,9,4
1570,7,4
1571,0,2
1572,2,5
1573,2,8
1574,9,8
1575,5,9
1576,4,8
1577,5,9
1578,0,2
1579,1,6
1580,4,8
1581,3,5
1582,6,7
1583,3,5
1584,2,1
1585,9,4
1586,7,3
1587,5,9
1588,3,5
1589,7,4
1590,0,2
1591,9,4
1592,5,5
1593,8,9
1594,3,9
1595,2,1
1596,0,2
1597,1,6
1598,8,9
1599,3,9
1600,0,5
1601,1,6
1602,2,1
1603,3,9
1604,4,8
1605,0,2
1606,0,2
1607,1,0
1608,7,8
1609,2,1
1610,9,4
1611,3,5
1612,9,4
1613,4,8
1614,2,1
1615,5,9
1616,8,5
1617,6,7
1618,7,3
1619,7,3
1620,9,8
1621,8,9
1622,9,8
1623,9,3
1624,2,1
1625,0,2
1626,0,2
1627,1,6
1628,4,8
1629,2,1
1630,4,8
1631,3,5
1632,9,8
1633,4,8
1634,3,9
1635,5,9
1636,7,3
1637,6,7
1638,5,9
1639,7,4
1640,1,0
1641,8,9
1642,6,2
1643,9,4
1644,3,5
1645,0,2
1646,4,8
1647,1,6
1648,2,1
1649,2,1
1650,5,5
1651,3,5
1652,7,5
1653,4,8
1654,1,0
1655,7,3
1656,7,0
1657,8,9
1658,1,6
1659,9,4
1660,2,1
1661,3,1
1662,2,1
1663,4,3
1664,0,2
1665,1,6
1666,8,5
1667,4,4
1668,3,5
1669,6,7
1670,5,5
1671,6,7
1672,4,8
1673,7,3
1674,9,2
1675,3,5
1676,1,0
1677,3,5
1678,0,2
1679,2,1
1680,1,6
1681,1,6
1682,0,2
1683,9,3
1684,9,8
1685,4,8
1686,6,7
1687,7,4
1688,6,2
1689,3,5
1690,5,9
1691,5,9
1692,4,8
1693,4,3
1694,6,7
1695,9,3
1696,1,0
1697,1,6
1698,3,5
1699,1,6
1700,1,0
1701,0,2
1702,5,8
1703,1,6
1704,4,0
1705,4,3
1706,6,7
1707,6,7
1708,6,7
1709,0,2
1710,1,0
1711,2,1
1712,0,2
1713,8,9
1714,2,5
1715,2,1
1716,1,0
1717,1,6
1718,3,5
1719,7,3
1720,9,8
1721,5,8
1722,3,9
1723,0,2
1724,2,1
1725,0,2
1726,6,7
1727,2,1
1728,9,4
1729,0,2
1730,7,3
1731,6,7
1732,9,8
1733,9,3
1734,1,6
1735,2,1
1736,9,3
1737,3,5
1738,4,8
1739,7,3
1740,9,8
1741,6,7
1742,0,2
1743,9,3
1744,4,8
1745,8,9
1746,7,3
1747,7,4
1748,9,8
1749,8,9
1750,6,9
1751,9,3
1752,5,5
1753,2,5
1754,2,1
1755,2,5
1756,3,5
1757,9,8
1758,8,9
1759,8,9
1760,8,5
1761,6,7
1762,4,3
1763,4,4
1764,4,8
1765,4,4
1766,2,1
1767,4,4
1768,6,7
1769,0,2
1770,7,4
1771,0,2
1772,7,3
1773,8,9
1774,2,1
1775,0,2
1776,8,9
1777,8,9
1778,3,5
1779,6,7
1780,8,9
1781,6,7
1782,6,1
1783,8,9
1784,6,9
1785,5,9
1786,1,0
1787,1,6
1788,8,5
1789,7,4
1790,8,5
1791,3,5
1792,6,7
1793,8,9
1794,9,8
1795,5,9
1796,0,2
1797,0,2
1798,0,2
1799,3,9
1800,2,1
1801,6,7
1802,6,7
1803,7,4
1804,8,9
1805,3,9
1806,5,9
1807,1,6
1808,4,3
1809,3,5
1810,5,9
1811,9,4
1812,4,7
1813,5,9
1814,4,1
1815,1,6
1816,1,0
1817,5,9
1818,4,4
1819,0,2
1820,9,8
1821,7,4
1822,1,0
1823,2,1
1824,5,5
1825,7,3
1826,9,8
1827,4,4
1828,0,2
1829,3,9
1830,6,7
1831,1,6
1832,7,4
1833,7,4
1834,5,9
1835,6,7
1836,3,5
1837,0,2
1838,1,0
1839,1,0
1840,4,8
1841,2,1
1842,4,8
1843,3,5
1844,6,7
1845,4,8
1846,7,6
1847,5,5
1848,7,3
1849,6,7
1850,9,3
1851,7,8
1852,2,8
1853,8,9
1854,4,3
1855,9,8
1856,8,9
1857,0,2
1858,7,8
1859,1,6
1860,1,6
1861,2,7
1862,3,5
1863,3,5
1864,5,9
1865,4,8
1866,6,7
1867,5,9
1868,0,2
1869,6,7
1870,3,9
1871,7,3
1872,3,5
1873,8,9
1874,2,1
1875,9,9
1876,0,2
1877,0,2
1878,9,3
1879,1,6
1880,2,1
1881,2,7
1882,9,3
1883,3,5
1884,9,8
1885,4,8
1886,6,8
1887,5,5
1888,2,1
1889,6,7
1890,6,7
1891,7,4
1892,6,7
1893,8,9
1894,2,1
1895,9,4
1896,2,1
1897,0,2
1898,6,7
1899,7,3
1900,2,1
1901,8,4
1902,6,7
1903,9,3
1904,0,7
1905,9,3
1906,6,9
1907,0,2
1908,3,5
1909,1,6
1910,1,0
1911,4,8
1912,9,8
1913,5,9
1914,8,5
1915,1,6
1916,0,2
1917,6,7
1918,6,7
1919,7,4
1920,2,5
1921,3,5
1922,4,8
1923,2,1
1924,3,9
1925,9,3
1926,0,2
1927,0,2
1928,4,3
1929,5,5
1930,0,2
1931,6,9
1932,4,8
1933,7,4
1934,4,8
1935,3,1
1936,1,0
1937,9,3
1938,3,9
1939,9,3
1940,9,8
1941,3,5
1942,1,0
1943,8,9
1944,7,4
1945,1,0
1946,7,8
1947,2,1
1948,8,3
1949,9,3
1950,9,8
1951,6,7
1952,2,1
1953,7,3
1954,2,1
1955,5,9
1956,0,2
1957,6,7
1958,7,3
1959,3,5
1960,9,8
1961,5,5
1962,9,8
1963,0,2
1964,8,5
1965,5,9
1966,8,5
1967,4,3
1968,9,3
1969,0,2
1970,5,9
1971,3,9
1972,2,1
1973,4,3
1974,8,5
1975,7,3
1976,4,8
1977,1,6
1978,5,5
1979,4,8
1980,6,7
1981,3,7
1982,7,3
1983,7,3
1984,9,8
1985,6,7
1986,6,7
1987,2,1
1988,2,6
1989,1,6
1990,6,7
1991,5,9
1992,4,3
1993,5,5
1994,3,5
1995,0,2
1996,5,5
1997,5,5
1998,2,1
1999,0,2
2000,5,7
2001,8,9
2002,8,5
2003,4,4
2004,2,1
2005,6,7
2006,9,4
2007,7,3
2008,1,0
2009,0,2
2010,2,1
2011,3,5
2012,1,0
2013,8,9
2014,7,8
2015,1,0
2016,8,5
2017,2,1
2018,7,6
2019,2,1
2020,6,7
2021,3,5
2022,2,1
2023,3,9
2024,7,3
2025,6,7
2026,8,5
2027,7,3
2028,5,9
2029,3,5
2030,8,5
2031,4,8
2032,4,8
2033,9,3
2034,4,1
2035,6,7
2036,4,8
2037,5,9
2038,5,5
2039,1,6
2040,1,0
2041,9,3
2042,3,9
2043,8,9
2044,6,0
2045,1,6
2046,4,3
2047,1,6
2048,7,4
2049,5,9
2050,4,3
2051,0,2
2052,4,8
2053,2,1
2054,7,3
2055,7,4
2056,5,5
2057,8,9
2058,0,2
2059,6,7
2060,9,8
2061,6,7
2062,6,7
2063,8,9
2064,7,1
2065,2,1
2066,0,9
2067,8,9
2068,8,5
2069,4,8
2070,8,6
2071,4,3
2072,4,8
2073,2,1
2074,3,5
2075,2,1
2076,3,9
2077,8,9
2078,2,5
2079,0,2
2080,5,5
2081,0,2
2082,0,2
2083,1,6
2084,0,2
2085,2,1
2086,1,6
2087,3,5
2088,3,5
2089,4,3
2090,7,3
2091,5,9
2092,3,8
2093,6,7
2094,1,0
2095,7,3
2096,6,7
2097,8,9
2098,3,4
2099,9,3
2100,0,2
2101,0,2
2102,7,3
2103,1,0
2104,2,1
2105,2,1
2106,4,8
2107,3,5
2108,7,6
2109,4,8
2110,1,6
2111,5,9
2112,0,2
2113,6,7
2114,3,9
2115,7,3
2116,9,4
2117,8,9
2118,7,8
2119,9,4
2120,5,9
2121,0,2
2122,1,6
2123,1,6
2124,8,5
2125,2,1
2126,6,2
2127,3,5
2128,3,5
2129,4,8
2130,3,5
2131,5,9
2132,3,6
2133,7,3
2134,1,0
2135,8,9
2136,1,0
2137,9,3
2138,6,7
2139,8,5
2140,9,4
2141,9,3
2142,7,4
2143,5,5
2144,0,2
2145,7,3
2146,3,5
2147,0,2
2148,6,7
2149,3,5
2150,8,3
2151,1,0
2152,6,7
2153,6,7
2154,1,0
2155,8,5
2156,6,7
2157,4,3
2158,6,7
2159,1,6
2160,0,2
2161,7,3
2162,1,0
2163,6,7
2164,4,8
2165,5,9
2166,1,6
2167,6,7
2168,7,3
2169,4,4
2170,8,5
2171,2,1
2172,5,5
2173,7,3
2174,3,9
2175,8,9
2176,4,8
2177,1,6
2178,6,7
2179,3,5
2180,3,5
2181,4,3
2182,5,5
2183,3,5
2184,2,5
2185,4,3
2186,5,5
2187,7,3
2188,1,0
2189,2,1
2190,4,8
2191,0,2
2192,0,9
2193,5,5
2194,8,3
2195,0,2
2196,6,7
2197,1,0
2198,1,0
2199,9,3
2200,3,5
2201,2,1
2202,1,0
2203,3,5
2204,4,8
2205,2,1
2206,4,3
2207,3,5
2208,4,4
2209,5,7
2210,8,5
2211,5,7
2212,6,7
2213,7,8
2214,6,7
2215,8,9
2216,9,3
2217,4,3
2218,0,2
2219,9,3
2220,4,7
2221,9,3
2222,4,3
2223,7,3
2224,4,3
2225,1,0
2226,6,7
2227,1,0
2228,3,5
2229,7,3
2230,3,5
2231,8,1
2232,3,5
2233,3,5
2234,2,7
2235,4,3
2236,4,2
2237,8,8
2238,7,4
2239,6,7
2240,4,8
2241,3,5
2242,6,7
2243,8,5
2244,7,8
2245,0,2
2246,7,3
2247,9,4
2248,5,5
2249,6,7
2250,5,9
2251,2,1
2252,3,0
2253,0,2
2254,4,3
2255,1,0
2256,4,8
2257,0,2
2258,5,2
2259,6,7
2260,1,0
2261,2,1
2262,6,7
2263,3,5
2264,4,8
2265,8,5
2266,5,9
2267,9,3
2268,5,8
2269,0,2
2270,2,1
2271,7,3
2272,5,9
2273,2,1
2274,9,8
2275,3,5
2276,4,3
2277,4,3
2278,0,7
2279,5,9
2280,2,1
2281,5,5
2282,5,5
2283,2,1
2284,9,8
2285,8,5
2286,3,0
2287,5,5
2288,2,1
2289,4,8
2290,4,8
2291,6,7
2292,7,2
2293,6,7
2294,4,3
2295,6,7
2296,6,7
2297,7,3
2298,0,2
2299,9,3
2300,6,7
2301,1,6
2302,8,5
2303,8,5
2304,5,8
2305,2,1
2306,1,0
2307,1,0
2308,5,9
2309,2,1
2310,0,2
2311,6,7
2312,9,8
2313,5,9
2314,2,1
2315,3,5
2316,1,0
2317,4,3
2318,1,0
2319,7,3
2320,6,9
2321,9,3
2322,2,1
2323,4,3
2324,6,1
2325,0,2
2326,1,0
2327,0,2
2328,5,5
2329,5,5
2330,5,9
2331,9,3
2332,2,1
2333,0,2
2334,4,3
2335,1,6
2336,1,0
2337,2,1
2338,4,8
2339,3,9
2340,0,2
2341,4,4
2342,2,5
2343,5,9
2344,7,3
2345,6,7
2346,2,1
2347,7,4
2348,7,4
2349,8,9
2350,3,5
2351,9,4
2352,0,2
2353,0,2
2354,2,1
2355,1,6
2356,1,6
2357,2,1
2358,8,9
2359,3,9
2360,4,8
2361,4,4
2362,1,0
2363,5,9
2364,9,8
2365,6,7
2366,1,0
2367,7,4
2368,5,5
2369,8,9
2370,9,3
2371,9,4
2372,6,7
2373,0,2
2374,1,6
2375,1,6
2376,7,3
2377,2,1
2378,8,5
2379,3,9
2380,7,3
2381,7,2
2382,8,9
2383,8,9
2384,8,9
2385,9,4
2386,7,8
2387,6,7
2388,8,9
2389,2,1
2390,4,8
2391,7,4
2392,4,4
2393,1,6
2394,8,5
2395,5,9
2396,0,2
2397,6,7
2398,9,3
2399,2,1
2400,8,5
2401,5,9
2402,2,1
2403,0,2
2404,0,2
2405,5,9
2406,4,1
2407,4,4
2408,3,9
2409,2,1
2410,1,1
2411,0,2
2412,5,5
2413,8,9
2414,5,5
2415,1,6
2416,4,3
2417,7,4
2418,2,1
2419,1,6
2420,4,8
2421,8,9
2422,6,7
2423,3,1
2424,4,8
2425,8,9
2426,1,6
2427,7,4
2428,5,5
2429,1,6
2430,3,5
2431,7,4
2432,1,0
2433,7,4
2434,9,3
2435,0,9
2436,0,2
2437,1,6
2438,9,3
2439,4,4
2440,0,2
2441,4,4
2442,8,5
2443,4,4
2444,8,0
2445,5,9
2446,1,0
2447,7,4
2448,1,0
2449,4,4
2450,2,7
2451,4,4
2452,4,8
2453,9,4
2454,2,1
2455,7,4
2456,3,9
2457,2,1
2458,4,8
2459,6,7
2460,9,3
2461,5,9
2462,1,6
2463,3,9
2464,2,1
2465,9,4
2466,4,8
2467,4,4
2468,3,5
2469,3,9
2470,6,7
2471,9,4
2472,2,5
2473,0,2
2474,6,7
2475,8,9
2476,8,5
2477,7,4
2478,5,5
2479,6,7
2480,6,7
2481,3,9
2482,8,5
2483,0,2
2484,4,9
2485,4,4
2486,6,7
2487,6,7
2488,7,3
2489,3,9
2490,4,3
2491,7,4
2492,7,3
2493,0,2
2494,6,7
2495,1,6
2496,6,7
2497,1,6
2498,6,7
2499,2,1
2500,0,2
2501,9,4
2502,7,3
2503,3,9
2504,6,7
2505,1,6
2506,3,5
2507,8,9
2508,2,1
2509,9,4
2510,2,1
2511,8,9
2512,7,3
2513,2,1
2514,9,3
2515,5,9
2516,6,7
2517,2,1
2518,2,1
2519,6,7
2520,4,8
2521,9,4
2522,7,3
2523,6,7
2524,3,5
2525,0,2
2526,0,2
2527,5,9
2528,0,2
2529,3,9
2530,1,6
2531,3,9
2532,0,2
2533,6,7
2534,2,5
2535,3,9
2536,3,5
2537,5,9
2538,0,2
2539,0,2
2540,7,3
2541,3,9
2542,4,3
2543,7,4
2544,5,9
2545,6,7
2546,4,3
2547,1,6
2548,4,8
2549,5,9
2550,2,1
2551,5,9
2552,1,6
2553,9,4
2554,5,5
2555,8,9
2556,6,7
2557,0,2
2558,7,8
2559,9,9
2560,4,3
2561,0,2
2562,9,8
2563,1,6
2564,3,9
2565,2,1
2566,5,3
2567,3,5
2568,3,5
2569,4,3
2570,6,7
2571,5,5
2572,1,6
2573,6,7
2574,7,3
2575,7,4
2576,7,4
2577,8,9
2578,4,4
2579,9,3
2580,3,0
2581,0,2
2582,0,5
2583,1,6
2584,0,2
2585,2,1
2586,0,2
2587,3,5
2588,6,1
2589,4,4
2590,6,7
2591,7,4
2592,5,5
2593,8,9
2594,1,0
2595,9,4
2596,4,8
2597,0,2
2598,8,9
2599,1,6
2600,9,3
2601,2,1
2602,6,7
2603,3,5
2604,1,6
2605,5,5
2606,0,2
2607,6,7
2608,4,8
2609,7,6
2610,8,9
2611,8,9
2612,7,8
2613,9,4
2614,6,7
2615,0,9
2616,1,0
2617,0,2
2618,7,4
2619,1,6
2620,5,5
2621,0,2
2622,5,5
2623,1,6
2624,0,2
2625,2,1
2626,2,1
2627,3,5
2628,8,5
2629,0,2
2630,1,0
2631,6,7
2632,3,5
2633,9,4
2634,7,8
2635,6,7
2636,8,2
2637,6,7
2638,6,7
2639,5,9
2640,9,8
2641,2,1
2642,0,2
2643,9,3
2644,6,7
2645,1,6
2646,5,9
2647,4,4
2648,2,2
2649,9,4
2650,7,8
2651,5,9
2652,3,5
2653,7,4
2654,1,0
2655,5,9
2656,6,7
2657,6,7
2658,7,3
2659,7,8
2660,3,5
2661,3,5
2662,6,7
2663,1,6
2664,2,1
2665,4,8
2666,7,4
2667,1,6
2668,8,9
2669,3,5
2670,2,1
2671,3,5
2672,8,5
2673,7,4
2674,5,5
2675,3,5
2676,7,1
2677,9,4
2678,8,5
2679,8,9
2680,6,1
2681,8,1
2682,8,5
2683,8,9
2684,2,1
2685,8,9
2686,4,3
2687,8,9
2688,1,0
2689,4,3
2690,5,8
2691,7,4
2692,1,6
2693,2,1
2694,2,1
2695,1,6
2696,9,8
2697,9,3
2698,5,5
2699,8,9
2700,2,1
2701,7,4
2702,9,8
2703,9,4
2704,7,3
2705,3,5
2706,7,8
2707,3,1
2708,1,0
2709,0,2
2710,6,7
2711,7,4
2712,9,3
2713,5,4
2714,2,5
2715,4,9
2716,1,0
2717,1,6
2718,0,7
2719,1,6
2720,3,3
2721,2,1
2722,9,3
2723,6,7
2724,4,3
2725,1,6
2726,3,5
2727,5,5
2728,9,4
2729,0,2
2730,1,0
2731,1,0
2732,4,8
2733,2,1
2734,3,5
2735,3,5
2736,0,2
2737,4,8
2738,2,5
2739,5,3
2740,3,5
2741,6,1
2742,4,3
2743,7,8
2744,5,5
2745,0,2
2746,0,2
2747,1,0
2748,2,2
2749,2,1
2750,7,3
2751,3,5
2752,7,3
2753,4,8
2754,7,4
2755,5,3
2756,6,7
2757,6,7
2758,5,5
2759,7,8
2760,3,5
2761,8,9
2762,1,0
2763,9,8
2764,9,3
2765,0,8
2766,7,3
2767,1,0
2768,8,9
2769,2,1
2770,0,2
2771,3,5
2772,4,8
2773,4,8
2774,3,5
2775,5,9
2776,1,0
2777,6,7
2778,7,3
2779,9,8
2780,5,5
2781,8,5
2782,0,2
2783,2,1
2784,1,6
2785,6,7
2786,3,5
2787,9,8
2788,3,5
2789,6,7
2790,2,1
2791,1,6
2792,2,0
2793,9,4
2794,1,0
2795,9,4
2796,3,5
2797,9,4
2798,9,2
2799,4,8
2800,4,3
2801,4,7
2802,2,5
2803,3,7
2804,9,8
2805,8,5
2806,0,2
2807,1,6
2808,4,8
2809,4,8
2810,8,9
2811,1,6
2812,2,1
2813,2,1
2814,7,4
2815,9,8
2816,3,5
2817,0,7
2818,3,5
2819,4,8
2820,3,5
2821,9,3
2822,6,7
2823,1,6
2824,2,1
2825,7,3
2826,0,5
2827,4,3
2828,6,7
2829,4,8
2830,1,0
2831,1,6
2832,4,3
2833,8,5
2834,3,9
2835,7,8
2836,6,7
2837,6,7
2838,2,1
2839,0,2
2840,2,1
2841,8,4
2842,8,9
2843,1,6
2844,7,4
2845,8,5
2846,2,1
2847,2,1
2848,7,4
2849,6,7
2850,6,7
2851,2,1
2852,7,3
2853,1,6
2854,0,2
2855,2,1
2856,4,3
2857,5,9
2858,1,0
2859,4,7
2860,9,3
2861,5,9
2862,6,7
2863,6,7
2864,0,2
2865,7,3
2866,2,1
2867,7,4
2868,5,5
2869,5,9
2870,1,6
2871,3,5
2872,1,0
2873,0,2
2874,4,8
2875,2,1
2876,1,0
2877,2,1
2878,1,6
2879,2,1
2880,6,8
2881,7,3
2882,0,2
2883,3,5
2884,6,0
2885,5,9
2886,3,5
2887,2,1
2888,4,9
2889,1,6
2890,0,2
2891,4,8
2892,2,1
2893,4,4
2894,1,0
2895,3,5
2896,4,3
2897,0,2
2898,6,7
2899,0,2
2900,5,3
2901,8,9
2902,4,3
2903,7,4
2904,0,9
2905,3,5
2906,1,0
2907,1,6
2908,2,5
2909,7,4
2910,6,7
2911,9,3
2912,5,9
2913,6,7
2914,0,2
2915,3,5
2916,5,5
2917,3,8
2918,1,0
2919,0,2
2920,1,0
2921,5,5
2922,4,8
2923,6,7
2924,9,4
2925,6,7
2926,3,5
2927,8,9
2928,5,7
2929,7,4
2930,6,7
2931,3,5
2932,1,6
2933,5,5
2934,9,2
2935,0,2
2936,2,1
2937,1,6
2938,1,0
2939,2,1
2940,8,5
2941,3,5
2942,8,5
2943,4,4
2944,0,2
2945,5,9
2946,5,3
2947,6,7
2948,5,9
2949,7,4
2950,7,8
2951,8,5
2952,0,2
2953,9,4
2954,6,9
2955,0,9
2956,9,4
2957,1,6
2958,8,5
2959,2,1
2960,3,5
2961,3,5
2962,4,8
2963,4,4
2964,3,5
2965,5,9
2966,5,5
2967,6,7
2968,5,5
2969,7,4
2970,1,0
2971,8,9
2972,8,5
2973,9,4
2974,0,2
2975,0,2
2976,2,1
2977,1,6
2978,6,7
2979,2,1
2980,7,6
2981,3,5
2982,7,3
2983,4,4
2984,7,8
2985,7,4
2986,7,4
2987,8,9
2988,1,6
2989,9,4
2990,4,3
2991,8,9
2992,6,7
2993,5,5
2994,1,6
2995,7,4
2996,0,2
2997,9,4
2998,1,0
2999,5,9
3000,9,8
3001,0,9
3002,8,4
3003,8,9
3004,1,0
3005,3,9
3006,2,1
3007,5,9
3008,7,4
3009,4,4
3010,7,0
3011,8,9
3012,0,2
3013,3,5
3014,8,4
3015,0,2
3016,0,2
3017,2,1
3018,4,8
3019,1,9
3020,9,3
3021,0,2
3022,9,3
3023,2,1
3024,0,2
3025,5,9
3026,8,5
3027,8,5
3028,8,9
3029,8,5
3030,9,7
3031,5,9
3032,8,5
3033,3,5
3034,3,5
3035,0,2
3036,6,7
3037,4,4
3038,4,3
3039,4,4
3040,8,5
3041,1,6
3042,2,1
3043,6,7
3044,9,8
3045,1,6
3046,6,9
3047,3,5
3048,3,5
3049,0,2
3050,6,7
3051,3,3
3052,4,8
3053,6,7
3054,2,1
3055,9,4
3056,4,5
3057,3,5
3058,6,7
3059,7,4
3060,7,4
3061,4,4
3062,5,5
3063,9,4
3064,2,1
3065,7,6
3066,8,8
3067,0,2
3068,1,0
3069,9,4
3070,1,8
3071,4,4
3072,4,7
3073,8,9
3074,4,3
3075,3,9
3076,9,3
3077,2,1
3078,2,1
3079,7,4
3080,1,0
3081,7,4
3082,8,9
3083,9,4
3084,9,3
3085,5,9
3086,8,5
3087,7,4
3088,4,3
3089,6,7
3090,9,8
3091,4,4
3092,4,8
3093,8,9
3094,8,5
3095,9,4
3096,6,7
3097,6,7
3098,6,7
3099,9,4
3100,4,3
3101,4,4
3102,2,1
3103,1,6
3104,9,8
3105,2,1
3106,0,2
3107,0,9
3108,3,5
3109,6,7
3110,4,8
3111,1,6
3112,2,1
3113,1,6
3114,8,5
3115,6,7
3116,7,3
3117,4,4
3118,5,5
3119,8,9
3120,1,0
3121,9,4
3122,1,0
3123,6,7
3124,3,5
3125,4,4
3126,5,5
3127,6,7
3128,0,2
3129,5,7
3130,1,0
3131,0,2
3132,1,0
3133,2,1
3134,2,5
3135,0,2
3136,6,9
3137,5,9
3138,4,8
3139,6,7
3140,7,4
3141,5,9
3142,2,1
3143,0,2
3144,8,5
3145,1,6
3146,9,4
3147,2,1
3148,8,5
3149,1,6
3150,3,9
3151,7,4
3152,8,5
3153,8,9
3154,8,5
3155,1,6
3156,2,1
3157,4,4
3158,8,5
3159,3,5
3160,0,2
3161,2,1
3162,7,3
3163,8,9
3164,9,8
3165,2,1
3166,2,1
3167,7,4
3168,8,4
3169,9,4
3170,5,9
3171,3,9
3172,6,7
3173,9,4
3174,3,5
3175,0,2
3176,2,1
3177,1,6
3178,3,9
3179,2,1
3180,5,5
3181,3,5
3182,4,4
3183,4,3
3184,4,4
3185,5,9
3186,9,8
3187,6,7
3188,5,9
3189,7,4
3190,9,3
3191,8,9
3192,3,3
3193,9,4
3194,4,8
3195,0,2
3196,8,5
3197,1,6
3198,0,2
3199,2,1
3200,2,5
3201,3,1
3202,9,8
3203,4,4
3204,5,2
3205,5,9
3206,7,3
3207,6,7
3208,2,5
3209,7,4
3210,7,3
3211,8,9
3212,1,0
3213,0,2
3214,7,4
3215,3,5
3216,5,5
3217,4,4
3218,4,7
3219,5,9
3220,3,1
3221,6,7
3222,4,8
3223,7,4
3224,2,1
3225,8,9
3226,1,0
3227,9,4
3228,7,3
3229,6,7
3230,1,0
3231,0,9
3232,9,3
3233,3,5
3234,1,0
3235,4,4
3236,7,3
3237,1,6
3238,9,8
3239,4,4
3240,4,8
3241,0,9
3242,2,1
3243,8,9
3244,2,1
3245,6,7
3246,7,8
3247,0,9
3248,0,2
3249,7,4
3250,7,3
3251,8,9
3252,7,3
3253,7,4
3254,8,5
3255,7,4
3256,9,8
3257,9,4
3258,3,5
3259,0,2
3260,4,3
3261,4,4
3262,0,2
3263,9,3
3264,3,5
3265,9,3
3266,5,5
3267,7,4
3268,6,6
3269,0,9
3270,7,3
3271,5,9
3272,1,0
3273,8,9
3274,2,1
3275,5,9
3276,7,4
3277,9,4
3278,4,8
3279,8,9
3280,4,3
3281,8,9
3282,7,3
3283,7,4
3284,9,8
3285,5,9
3286,0,2
3287,6,7
3288,6,7
3289,5,0
3290,4,7
3291,3,9
3292,9,3
3293,8,9
3294,6,7
3295,1,6
3296,9,8
3297,6,6
3298,7,4
3299,8,9
3300,2,1
3301,5,9
3302,9,8
3303,9,4
3304,2,1
3305,2,1
3306,1,0
3307,2,1
3308,2,1
3309,0,2
3310,9,3
3311,9,4
3312,4,8
3313,2,1
3314,3,5
3315,4,4
3316,9,3
3317,7,4
3318,3,5
3319,3,5
3320,3,5
3321,1,0
3322,9,8
3323,3,5
3324,7,3
3325,6,7
3326,5,9
3327,6,9
3328,0,2
3329,2,1
3330,6,1
3331,1,6
3332,3,9
3333,2,1
3334,4,8
3335,6,7
3336,3,5
3337,0,2
3338,8,5
3339,2,1
3340,4,4
3341,2,1
3342,2,1
3343,7,4
3344,1,0
3345,1,6
3346,9,8
3347,3,9
3348,9,8
3349,7,4
3350,4,6
3351,4,4
3352,4,8
3353,8,9
3354,8,5
3355,9,4
3356,5,9
3357,2,1
3358,3,0
3359,9,4
3360,4,3
3361,5,9
3362,2,1
3363,6,9
3364,6,9
3365,8,9
3366,6,9
3367,0,9
3368,7,3
3369,0,9
3370,4,8
3371,9,4
3372,7,4
3373,1,6
3374,9,5
3375,1,6
3376,0,2
3377,0,2
3378,5,5
3379,1,6
3380,1,0
3381,2,1
3382,9,8
3383,3,5
3384,5,9
3385,5,3
3386,3,5
3387,6,7
3388,4,3
3389,9,3
3390,2,1
3391,0,2
3392,6,2
3393,1,6
3394,1,0
3395,2,1
3396,0,2
3397,3,5
3398,9,3
3399,4,4
3400,3,5
3401,5,9
3402,3,5
3403,6,7
3404,3,5
3405,7,4
3406,1,0
3407,8,6
3408,7,0
3409,0,2
3410,0,2
3411,1,6
3412,1,0
3413,2,1
3414,9,8
3415,3,3
3416,5,5
3417,4,4
3418,1,0
3419,5,4
3420,8,9
3421,6,7
3422,3,5
3423,7,4
3424,3,2
3425,8,9
3426,7,8
3427,1,6
3428,7,4
3429,0,2
3430,1,0
3431,1,6
3432,8,0
3433,5,8
3434,0,2
3435,3,5
3436,4,8
3437,4,4
3438,8,9
3439,4,4
3440,1,6
3441,0,9
3442,7,8
3443,0,2
3444,2,1
3445,6,9
3446,8,9
3447,9,4
3448,7,4
3449,6,7
3450,4,8
3451,6,7
3452,3,5
3453,5,4
3454,6,7
3455,4,4
3456,1,0
3457,4,4
3458,4,3
3459,4,4
3460,3,5
3461,0,7
3462,3,3
3463,7,4
3464,1,0
3465,9,4
3466,3,5
3467,5,9
3468,1,6
3469,7,4
3470,2,1
3471,3,5
3472,3,5
3473,1,6
3474,6,9
3475,4,4
3476,8,5
3477,4,4
3478,1,0
3479,0,7
3480,8,5
3481,9,4
3482,8,5
3483,9,3
3484,4,3
3485,6,7
3486,2,1
3487,1,6
3488,1,0
3489,8,9
3490,0,2
3491,3,5
3492,0,2
3493,8,9
3494,7,4
3495,8,9
3496,4,8
3497,8,9
3498,7,3
3499,8,9
3500,5,9
3501,8,9
3502,8,9
3503,4,4
3504,4,3
3505,7,4
3506,9,8
3507,7,4
3508,9,8
3509,1,6
3510,9,6
3511,9,4
3512,8,5
3513,8,9
3514,0,2
3515,7,4
3516,0,2
3517,8,9
3518,7,3
3519,9,3
3520,6,7
3521,3,9
3522,7,3
3523,3,5
3524,6,2
3525,5,4
3526,8,8
3527,5,9
3528,9,3
3529,0,2
3530,6,7
3531,7,4
3532,1,0
3533,9,4
3534,0,2
3535,5,9
3536,2,1
3537,6,9
3538,7,4
3539,5,9
3540,1,0
3541,0,2
3542,3,5
3543,6,2
3544,9,8
3545,1,6
3546,1,0
3547,4,4
3548,4,3
3549,1,6
3550,3,5
3551,1,6
3552,3,5
3553,2,1
3554,8,5
3555,8,9
3556,7,3
3557,2,1
3558,5,5
3559,6,7
3560,1,0
3561,1,6
3562,0,2
3563,5,4
3564,2,1
3565,0,2
3566,9,8
3567,1,6
3568,0,2
3569,2,1
3570,8,4
3571,3,5
3572,6,1
3573,4,8
3574,2,1
3575,5,9
3576,3,5
3577,6,1
3578,2,1
3579,7,8
3580,5,8
3581,8,5
3582,2,1
3583,9,3
3584,8,5
3585,0,2
3586,6,7
3587,1,0
3588,9,8
3589,2,1
3590,0,2
3591,3,5
3592,1,6
3593,1,0
3594,9,8
3595,5,9
3596,3,5
3597,6,7
3598,9,4
3599,7,3
3600,8,5
3601,8,5
3602,1,6
3603,0,2
3604,1,0
3605,1,6
3606,3,5
3607,2,1
3608,4,8
3609,3,5
3610,0,2
3611,4,8
3612,0,2
3613,5,9
3614,3,5
3615,6,1
3616,8,5
3617,7,3
3618,7,3
3619,8,9
3620,7,8
3621,9,4
3622,0,2
3623,6,1
3624,4,3
3625,4,8
3626,3,3
3627,2,1
3628,1,0
3629,6,7
3630,8,9
3631,4,8
3632,0,2
3633,7,3
3634,5,9
3635,5,9
3636,9,8
3637,5,9
3638,5,5
3639,4,3
3640,7,4
3641,7,3
3642,2,1
3643,8,5
3644,1,3
3645,9,8
3646,6,7
3647,2,1
3648,5,9
3649,9,3
3650,6,7
3651,3,5
3652,4,8
3653,9,8
3654,6,7
3655,3,5
3656,3,5
3657,8,5
3658,8,9
3659,2,1
3660,2,1
3661,0,2
3662,9,0
3663,9,3
3664,8,9
3665,8,5
3666,4,3
3667,0,2
3668,4,4
3669,5,9
3670,3,5
3671,6,7
3672,2,5
3673,0,2
3674,3,5
3675,1,6
3676,2,8
3677,0,2
3678,9,3
3679,2,1
3680,2,1
3681,5,9
3682,5,8
3683,3,5
3684,3,5
3685,5,9
3686,4,8
3687,3,5
3688,8,9
3689,8,5
3690,8,4
3691,0,2
3692,7,0
3693,0,2
3694,4,8
3695,5,9
3696,9,3
3697,4,3
3698,0,2
3699,3,5
3700,6,7
3701,4,8
3702,0,2
3703,1,6
3704,9,8
3705,5,9
3706,6,7
3707,3,9
3708,4,8
3709,0,2
3710,2,1
3711,8,5
3712,2,1
3713,3,5
3714,1,0
3715,0,2
3716,4,8
3717,6,1
3718,7,3
3719,2,2
3720,0,5
3721,7,8
3722,2,1
3723,1,6
3724,4,8
3725,1,6
3726,6,7
3727,8,9
3728,7,4
3729,1,6
3730,8,8
3731,7,3
3732,4,4
3733,1,6
3734,0,2
3735,3,5
3736,6,7
3737,8,9
3738,4,8
3739,4,8
3740,3,5
3741,2,1
3742,9,5
3743,0,2
3744,8,5
3745,9,3
3746,9,3
3747,7,2
3748,2,5
3749,6,1
3750,7,3
3751,7,8
3752,5,5
3753,4,8
3754,3,5
3755,1,6
3756,3,9
3757,6,8
3758,1,0
3759,8,5
3760,9,8
3761,4,8
3762,8,1
3763,1,6
3764,6,7
3765,2,1
3766,8,5
3767,6,1
3768,5,5
3769,7,3
3770,9,3
3771,1,6
3772,6,7
3773,9,3
3774,6,7
3775,8,9
3776,0,2
3777,0,2
3778,0,2
3779,6,1
3780,7,3
3781,9,3
3782,7,3
3783,4,8
3784,9,8
3785,9,3
3786,9,8
3787,9,3
3788,7,4
3789,6,7
3790,7,8
3791,2,2
3792,8,5
3793,3,9
3794,6,7
3795,7,8
3796,9,8
3797,1,6
3798,7,6
3799,2,1
3800,1,0
3801,5,8
3802,1,0
3803,3,4
3804,7,3
3805,7,4
3806,0,2
3807,8,9
3808,6,7
3809,0,2
3810,3,8
3811,1,6
3812,3,5
3813,2,1
3814,6,2
3815,3,5
3816,8,5
3817,4,4
3818,9,8
3819,5,5
3820,6,7
3821,6,7
3822,1,0
3823,7,4
3824,3,1
3825,8,9
3826,2,1
3827,9,4
3828,4,3
3829,0,2
3830,2,1
3831,1,6
3832,5,5
3833,2,1
3834,9,3
3835,3,5
3836,2,1
3837,4,4
3838,4,3
3839,5,5
3840,7,0
3841,6,7
3842,8,9
3843,7,4
3844,3,0
3845,8,9
3846,7,3
3847,9,3
3848,2,1
3849,0,2
3850,1,0
3851,1,6
3852,9,3
3853,2,1
3854,7,3
3855,3,5
3856,6,7
3857,4,3
3858,6,7
3859,5,9
3860,5,5
3861,6,7
3862,4,8
3863,7,6
3864,5,9
3865,8,9
3866,8,5
3867,9,3
3868,7,3
3869,6,7
3870,5,5
3871,2,6
3872,8,5
3873,6,7
3874,9,8
3875,5,9
3876,0,2
3877,4,4
3878,1,6
3879,2,9
3880,2,1
3881,0,2
3882,0,2
3883,8,9
3884,0,2
3885,1,6
3886,2,1
3887,7,4
3888,0,2
3889,1,6
3890,2,1
3891,8,9
3892,8,9
3893,3,5
3894,7,8
3895,7,4
3896,0,2
3897,1,6
3898,1,0
3899,7,4
3900,1,0
3901,1,6
3902,2,1
3903,4,4
3904,9,8
3905,4,4
3906,0,2
3907,5,9
3908,6,7
3909,7,4
3910,6,9
3911,4,4
3912,9,3
3913,9,4
3914,7,3
3915,7,4
3916,7,4
3917,2,1
3918,8,5
3919,6,7
3920,3,5
3921,5,9
3922,5,5
3923,3,5
3924,2,1
3925,9,4
3926,1,0
3927,9,3
3928,8,5
3929,0,2
3930,2,1
3931,8,3
3932,6,7
3933,7,4
3934,2,1
3935,9,3
3936,6,1
3937,0,2
3938,3,5
3939,6,7
3940,7,3
3941,3,9
3942,7,3
3943,0,2
3944,5,9
3945,4,4
3946,4,3
3947,6,7
3948,7,1
3949,3,9
3950,6,7
3951,7,4
3952,6,9
3953,0,2
3954,1,0
3955,1,6
3956,1,6
3957,4,4
3958,8,5
3959,8,9
3960,6,9
3961,8,9
3962,1,0
3963,1,6
3964,0,2
3965,2,1
3966,1,0
3967,9,4
3968,8,4
3969,3,5
3970,9,4
3971,1,6
3972,5,7
3973,4,4
3974,5,9
3975,2,9
3976,8,5
3977,9,4
3978,4,8
3979,8,9
3980,2,1
3981,2,1
3982,9,3
3983,8,9
3984,4,7
3985,6,7
3986,8,5
3987,9,4
3988,5,5
3989,2,9
3990,4,8
3991,9,4
3992,7,8
3993,6,7
3994,6,7
3995,3,5
3996,1,0
3997,3,5
3998,9,8
3999,6,7
4000,7,4
4001,3,5
4002,0,2
4003,1,6
4004,5,5
4005,2,9
4006,8,3
4007,5,5
4008,0,2
4009,0,2
4010,1,0
4011,3,5
4012,1,0
4013,1,6
4014,1,0
4015,5,5
4016,2,1
4017,5,2
4018,6,7
4019,9,4
4020,7,8
4021,8,9
4022,3,5
4023,0,2
4024,7,4
4025,9,4
4026,9,8
4027,0,2
4028,2,5
4029,1,6
4030,6,1
4031,2,1
4032,9,8
4033,3,5
4034,7,4
4035,4,4
4036,8,9
4037,5,9
4038,4,8
4039,6,7
4040,8,5
4041,7,8
4042,7,4
4043,8,9
4044,0,2
4045,9,4
4046,7,8
4047,0,9
4048,5,5
4049,1,6
4050,9,8
4051,2,1
4052,8,5
4053,3,5
4054,6,7
4055,4,4
4056,9,8
4057,5,9
4058,8,8
4059,6,7
4060,9,8
4061,7,2
4062,5,8
4063,8,9
4064,1,0
4065,9,4
4066,1,5
4067,0,2
4068,3,9
4069,1,6
4070,1,0
4071,2,1
4072,6,7
4073,3,1
4074,7,3
4075,4,4
4076,5,5
4077,5,9
4078,6,7
4079,6,7
4080,2,0
4081,7,2
4082,0,2
4083,8,9
4084,8,5
4085,9,4
4086,2,1
4087,6,7
4088,4,3
4089,1,6
4090,6,7
4091,9,4
4092,9,3
4093,9,3
4094,3,9
4095,9,3
4096,2,1
4097,4,8
4098,9,8
4099,4,4
4100,8,9
4101,3,5
4102,4,8
4103,8,9
4104,5,9
4105,1,6
4106,0,2
4107,4,7
4108,0,2
4109,1,6
4110,6,7
4111,2,7
4112,6,7
4113,5,8
4114,4,8
4115,0,2
4116,7,4
4117,9,4
4118,9,3
4119,5,9
4120,1,6
4121,3,5
4122,9,4
4123,0,2
4124,9,8
4125,4,3
4126,5,5
4127,9,3
4128,1,0
4129,1,6
4130,7,4
4131,7,4
4132,4,8
4133,4,7
4134,5,5
4135,4,3
4136,3,5
4137,1,6
4138,3,8
4139,8,9
4140,1,0
4141,7,4
4142,0,7
4143,6,7
4144,2,1
4145,0,9
4146,4,3
4147,8,9
4148,8,3
4149,1,6
4150,6,7
4151,8,9
4152,1,6
4153,2,7
4154,3,5
4155,6,7
4156,3,5
4157,2,1
4158,9,8
4159,0,2
4160,1,0
4161,9,3
4162,1,0
4163,1,6
4164,7,3
4165,2,1
4166,1,0
4167,5,9
4168,5,5
4169,4,4
4170,6,1
4171,5,9
4172,4,8
4173,7,3
4174,4,8
4175,7,3
4176,8,5
4177,5,9
4178,4,4
4179,3,1
4180,4,3
4181,0,2
4182,2,5
4183,2,1
4184,5,8
4185,2,7
4186,1,0
4187,2,1
4188,6,1
4189,7,3
4190,1,6
4191,3,5
4192,5,9
4193,1,6
4194,5,9
4195,4,4
4196,3,5
4197,4,4
4198,6,7
4199,3,5
4200,7,3
4201,0,2
4202,1,0
4203,0,2
4204,2,1
4205,4,9
4206,9,8
4207,7,4
4208,2,1
4209,9,3
4210,6,7
4211,7,3
4212,2,0
4213,8,9
4214,6,1
4215,8,9
4216,0,2
4217,7,3
4218,0,2
4219,9,3
4220,0,2
4221,6,7
4222,9,3
4223,3,5
4224,4,4
4225,1,6
4226,7,8
4227,7,8
4228,4,8
4229,9,4
4230,2,1
4231,6,7
4232,6,1
4233,3,5
4234,3,5
4235,3,5
4236,3,5
4237,1,6
4238,3,5
4239,0,9
4240,4,8
4241,2,1
4242,7,3
4243,6,2
4244,9,8
4245,0,2
4246,3,5
4247,5,9
4248,1,0
4249,6,7
4250,3,5
4251,6,7
4252,4,8
4253,8,1
4254,7,3
4255,7,4
4256,3,5
4257,3,9
4258,8,9
4259,5,9
4260,9,8
4261,8,9
4262,3,9
4263,3,1
4264,4,8
4265,0,2
4266,7,3
4267,1,6
4268,6,7
4269,2,1
4270,0,2
4271,3,9
4272,8,5
4273,7,4
4274,4,8
4275,8,9
4276,3,8
4277,9,4
4278,2,9
4279,0,2
4280,7,3
4281,3,5
4282,8,9
4283,4,8
4284,0,2
4285,7,4
4286,1,6
4287,8,9
4288,0,2
4289,0,2
4290,5,3
4291,1,6
4292,4,8
4293,2,1
4294,1,0
4295,3,9
4296,7,3
4297,4,8
4298,7,3
4299,5,9
4300,1,0
4301,6,7
4302,5,5
4303,7,4
4304,5,9
4305,8,9
4306,9,3
4307,9,4
4308,8,5
4309,5,9
4310,0,2
4311,1,6
4312,5,5
4313,9,4
4314,6,7
4315,9,2
4316,0,2
4317,7,4
4318,4,8
4319,1,6
4320,9,8
4321,0,2
4322,2,4
4323,9,4
4324,8,9
4325,0,9
4326,7,3
4327,5,9
4328,3,5
4329,9,4
4330,7,3
4331,7,4
4332,7,4
4333,1,6
4334,7,8
4335,3,9
4336,4,8
4337,6,7
4338,7,4
4339,3,9
4340,0,9
4341,2,1
4342,3,5
4343,0,2
4344,0,2
4345,9,4
4346,4,3
4347,0,2
4348,8,5
4349,6,7
4350,9,8
4351,1,6
4352,3,5
4353,7,4
4354,7,8
4355,2,1
4356,0,2
4357,8,9
4358,7,3
4359,3,9
4360,6,1
4361,4,8
4362,9,2
4363,7,4
4364,6,7
4365,6,7
4366,7,3
4367,6,7
4368,9,8
4369,3,9
4370,8,5
4371,2,1
4372,7,3
4373,3,9
4374,0,2
4375,8,9
4376,5,5
4377,9,4
4378,9,3
4379,4,4
4380,2,1
4381,8,9
4382,4,7
4383,8,9
4384,8,5
4385,7,4
4386,4,3
4387,1,6
4388,8,5
4389,0,2
4390,1,0
4391,8,9
4392,6,9
4393,7,4
4394,7,3
4395,7,4
4396,7,3
4397,5,9
4398,2,1
4399,9,4
4400,3,5
4401,2,1
4402,6,9
4403,3,5
4404,6,7
4405,1,6
4406,4,8
4407,1,6
4408,6,0
4409,4,8
4410,4,8
4411,5,9
4412,1,6
4413,5,9
4414,2,1
4415,0,2
4416,5,8
4417,4,4
4418,3,5
4419,8,9
4420,1,6
4421,7,4
4422,7,8
4423,4,4
4424,5,9
4425,9,4
4426,6,7
4427,2,1
4428,2,1
4429,3,9
4430,6,7
4431,6,7
4432,7,4
4433,4,8
4434,8,5
4435,1,6
4436,4,8
4437,2,1
4438,4,3
4439,4,3
4440,8,5
4441,1,6
4442,2,1
4443,5,9
4444,0,2
4445,1,6
4446,2,5
4447,9,4
4448,8,9
4449,3,9
4450,5,5
4451,2,1
4452,7,4
4453,0,2
4454,4,3
4455,0,2
4456,9,8
4457,2,1
4458,7,8
4459,9,2
4460,4,4
4461,3,9
4462,5,5
4463,6,1
4464,4,3
4465,0,2
4466,9,8
4467,1,0
4468,8,7
4469,2,1
4470,1,0
4471,3,5
4472,7,8
4473,4,8
4474,2,1
4475,5,5
4476,2,0
4477,6,7
4478,7,8
4479,7,3
4480,5,4
4481,8,5
4482,8,9
4483,9,8
4484,1,0
4485,0,2
4486,1,0
4487,1,6
4488,0,7
4489,2,1
4490,3,5
4491,3,5
4492,1,0
4493,4,3
4494,4,8
4495,5,2
4496,0,2
4497,6,7
4498,4,3
4499,7,3
4500,0,2
4501,8,9
4502,1,1
4503,9,3
4504,1,0
4505,0,2
4506,3,5
4507,1,6
4508,3,5
4509,2,1
4510,3,5
4511,3,5
4512,3,5
4513,4,8
4514,2,9
4515,5,9
4516,7,4
4517,6,7
4518,2,1
4519,7,3
4520,6,7
4521,8,9
4522,4,3
4523,9,4
4524,1,6
4525,8,3
4526,6,7
4527,0,2
4528,7,4
4529,5,5
4530,7,3
4531,6,7
4532,0,2
4533,6,7
4534,1,0
4535,0,2
4536,6,7
4537,8,3
4538,4,8
4539,0,2
4540,4,8
4541,2,1
4542,2,1
4543,3,5
4544,9,8
4545,7,3
4546,6,7
4547,9,3
4548,7,3
4549,4,8
4550,2,1
4551,7,3
4552,3,5
4553,1,6
4554,1,6
4555,9,3
4556,0,2
4557,1,6
4558,5,9
4559,7,4
4560,6,9
4561,1,6
4562,5,5
4563,0,2
4564,4,8
4565,0,2
4566,1,6
4567,4,3
4568,9,8
4569,1,6
4570,3,5
4571,7,4
4572,6,7
4573,5,5
4574,2,1
4575,7,4
4576,2,1
4577,1,6
4578,8,0
4579,3,5
4580,8,9
4581,3,5
4582,8,5
4583,3,5
4584,3,5
4585,1,6
4586,6,7
4587,6,7
4588,0,2
4589,9,3
4590,5,8
4591,7,4
4592,7,8
4593,4,8
4594,9,8
4595,3,5
4596,5,8
4597,0,2
4598,8,9
4599,2,1
4600,5,5
4601,5,5
4602,1,0
4603,2,1
4604,7,3
4605,6,1
4606,9,8
4607,0,2
4608,0,2
4609,8,9
4610,2,1
4611,9,3
4612,6,7
4613,4,8
4614,5,3
4615,3,5
4616,4,8
4617,5,5
4618,7,8
4619,4,6
4620,6,7
4621,8,9
4622,5,9
4623,1,6
4624,0,2
4625,5,5
4626,4,8
4627,9,3
4628,3,5
4629,0,2
4630,9,8
4631,6,7
4632,3,9
4633,4,8
4634,8,9
4635,6,7
4636,4,4
4637,8,3
4638,3,0
4639,1,6
4640,6,5
4641,4,8
4642,0,2
4643,7,4
4644,1,0
4645,5,2
4646,2,7
4647,7,3
4648,2,1
4649,2,7
4650,2,1
4651,2,1
4652,8,3
4653,0,2
4654,1,6
4655,0,2
4656,0,2
4657,1,6
4658,3,5
4659,7,4
4660,6,7
4661,7,4
4662,2,1
4663,9,3
4664,2,1
4665,5,5
4666,5,7
4667,9,4
4668,9,8
4669,8,9
4670,5,5
4671,9,4
4672,7,4
4673,6,7
4674,3,5
4675,8,9
4676,1,6
4677,8,5
4678,9,8
4679,2,7
4680,7,3
4681,3,5
4682,0,2
4683,6,1
4684,8,5
4685,1,6
4686,0,2
4687,2,8
4688,0,2
4689,9,3
4690,9,3
4691,8,9
4692,8,5
4693,9,4
4694,3,5
4695,5,9
4696,1,0
4697,2,1
4698,8,5
4699,6,7
4700,8,5
4701,2,1
4702,6,7
4703,4,8
4704,5,9
4705,8,9
4706,2,1
4707,4,8
4708,1,6
4709,6,7
4710,1,0
4711,5,9
4712,6,7
4713,0,2
4714,2,1
4715,1,0
4716,2,1
4717,2,1
4718,0,7
4719,3,5
4720,9,3
4721,4,8
4722,2,1
4723,5,5
4724,6,7
4725,7,8
4726,7,8
4727,8,8
4728,5,3
4729,0,2
4730,4,8
4731,1,0
4732,6,7
4733,2,1
4734,7,3
4735,3,5
4736,3,5
4737,4,8
4738,0,2
4739,5,5
4740,3,9
4741,6,7
4742,3,5
4743,7,8
4744,0,2
4745,8,5
4746,4,8
4747,9,8
4748,0,2
4749,0,2
4750,1,0
4751,1,0
4752,5,9
4753,2,1
4754,9,3
4755,3,1
4756,0,7
4757,4,8
4758,4,8
4759,7,8
4760,5,5
4761,8,1
4762,3,3
4763,1,0
4764,1,0
4765,6,7
4766,1,0
4767,8,8
4768,4,3
4769,9,8
4770,6,7
4771,9,8
4772,1,0
4773,0,2
4774,7,4
4775,1,0
4776,0,2
4777,2,1
4778,6,7
4779,4,8
4780,4,3
4781,4,8
4782,4,3
4783,3,5
4784,7,8
4785,7,8
4786,5,5
4787,4,8
4788,9,8
4789,4,8
4790,1,0
4791,4,8
4792,3,9
4793,0,2
4794,7,8
4795,3,5
4796,4,8
4797,8,8
4798,4,3
4799,7,8
4800,6,7
4801,5,8
4802,4,3
4803,8,3
4804,0,9
4805,2,1
4806,7,3
4807,1,0
4808,3,5
4809,7,3
4810,1,0
4811,9,8
4812,4,3
4813,1,0
4814,8,5
4815,1,0
4816,9,4
4817,6,7
4818,6,9
4819,2,1
4820,5,5
4821,1,0
4822,4,4
4823,3,5
4824,9,8
4825,8,3
4826,9,3
4827,6,7
4828,6,7
4829,4,8
4830,9,3
4831,9,8
4832,7,3
4833,4,8
4834,8,2
4835,2,1
4836,3,5
4837,4,8
4838,4,8
4839,4,8
4840,7,3
4841,6,1
4842,7,3
4843,2,1
4844,5,5
4845,5,5
4846,2,8
4847,5,5
4848,8,5
4849,0,2
4850,3,5
4851,2,1
4852,0,2
4853,8,8
4854,0,2
4855,0,2
4856,2,1
4857,6,1
4858,7,4
4859,8,5
4860,8,5
4861,1,0
4862,8,8
4863,7,8
4864,3,5
4865,1,0
4866,3,8
4867,6,1
4868,3,5
4869,7,8
4870,0,2
4871,6,7
4872,1,0
4873,8,8
4874,4,8
4875,7,8
4876,7,3
4877,4,8
4878,3,5
4879,9,8
4880,2,1
4881,3,5
4882,6,7
4883,3,5
4884,1,0
4885,5,5
4886,6,7
4887,8,8
4888,7,3
4889,0,2
4890,4,8
4891,3,5
4892,0,2
4893,7,8
4894,9,3
4895,9,8
4896,4,8
4897,7,8
4898,3,5
4899,7,8
4900,1,0
4901,9,8
4902,9,3
4903,1,0
4904,7,4
4905,6,7
4906,0,2
4907,7,8
4908,5,0
4909,8,1
4910,6,7
4911,0,2
4912,9,3
4913,1,0
4914,2,7
4915,2,1
4916,9,8
4917,3,5
4918,0,7
4919,4,8
4920,1,0
4921,5,9
4922,6,8
4923,6,7
4924,1,0
4925,7,4
4926,0,2
4927,8,9
4928,7,8
4929,9,3
4930,6,7
4931,0,2
4932,9,4
4933,1,6
4934,6,7
4935,2,9
4936,9,8
4937,3,5
4938,2,1
4939,4,4
4940,5,9
4941,5,9
4942,1,0
4943,6,9
4944,1,0
4945,7,4
4946,7,3
4947,8,9
4948,5,5
4949,9,4
4950,1,0
4951,0,2
4952,4,8
4953,1,6
4954,4,8
4955,2,5
4956,3,5
4957,3,5
4958,1,0
4959,4,3
4960,1,0
4961,5,9
4962,0,5
4963,6,7
4964,7,3
4965,7,4
4966,3,5
4967,8,9
4968,9,5
4969,5,9
4970,1,0
4971,1,0
4972,1,0
4973,9,3
4974,5,5
4975,9,3
4976,1,0
4977,7,4
4978,1,0
4979,1,6
4980,6,7
4981,0,2
4982,8,9
4983,9,4
4984,7,4
4985,0,2
4986,2,1
4987,5,9
4988,3,9
4989,9,4
4990,6,7
4991,7,4
4992,8,9
4993,1,6
4994,0,2
4995,7,4
4996,3,5
4997,2,1
4998,1,0
4999,2,1
5000,7,8
5001,3,9
5002,4,3
5003,6,7
5004,1,0
5005,8,9
5006,1,0
5007,0,2
5008,9,8
5009,8,9
5010,0,2
5011,3,5
5012,1,0
5013,2,2
5014,7,3
5015,0,2
5016,2,1
5017,9,3
5018,6,7
5019,0,2
5020,1,0
5021,6,7
5022,7,3
5023,1,6
5024,9,8
5025,7,4
5026,6,7
5027,5,9
5028,5,5
5029,8,9
5030,8,9
5031,3,9
5032,4,8
5033,4,4
5034,8,9
5035,7,4
5036,3,5
5037,6,9
5038,4,3
5039,6,7
5040,6,7
5041,3,5
5042,8,5
5043,8,9
5044,9,4
5045,9,8
5046,4,8
5047,4,4
5048,0,2
5049,7,3
5050,8,5
5051,1,6
5052,0,2
5053,0,2
5054,1,0
5055,8,5
5056,5,9
5057,7,4
5058,1,0
5059,7,4
5060,5,5
5061,5,9
5062,9,8
5063,9,4
5064,4,8
5065,2,1
5066,5,5
5067,3,9
5068,7,2
5069,4,4
5070,6,7
5071,6,7
5072,0,2
5073,1,6
5074,0,2
5075,1,6
5076,2,1
5077,4,3
5078,8,5
5079,5,9
5080,3,5
5081,5,9
5082,0,9
5083,0,2
5084,6,7
5085,4,7
5086,3,9
5087,8,9
5088,3,5
5089,7,4
5090,1,0
5091,4,3
5092,3,5
5093,9,8
5094,2,1
5095,2,1
5096,0,2
5097,3,9
5098,6,9
5099,6,7
5100,7,3
5101,4,3
5102,3,5
5103,2,2
5104,2,9
5105,4,4
5106,9,8
5107,1,6
5108,0,2
5109,5,9
5110,2,1
5111,4,8
5112,8,5
5113,2,1
5114,1,6
5115,0,2
5116,8,9
5117,4,7
5118,4,8
5119,8,9
5120,0,2
5121,6,7
5122,4,4
5123,1,6
5124,4,0
5125,9,3
5126,6,7
5127,3,1
5128,1,0
5129,2,2
5130,9,8
5131,0,2
5132,1,6
5133,0,2
5134,4,8
5135,2,1
5136,9,5
5137,9,3
5138,4,8
5139,3,5
5140,8,9
5141,6,7
5142,9,3
5143,3,9
5144,0,2
5145,6,7
5146,7,3
5147,0,2
5148,3,3
5149,1,6
5150,4,3
5151,2,1
5152,3,7
5153,3,5
5154,0,2
5155,4,6
5156,2,1
5157,5,9
5158,5,9
5159,6,7
5160,3,5
5161,7,4
5162,2,1
5163,8,9
5164,5,8
5165,9,4
5166,2,1
5167,0,2
5168,1,6
5169,1,6
5170,8,5
5171,2,9
5172,9,3
5173,3,9
5174,1,3
5175,4,6
5176,1,0
5177,5,9
5178,7,3
5179,6,7
5180,4,3
5181,7,4
5182,7,8
5183,8,9
5184,3,5
5185,9,4
5186,3,5
5187,0,2
5188,5,5
5189,1,6
5190,3,5
5191,2,1
5192,0,5
5193,3,5
5194,0,2
5195,4,4
5196,0,2
5197,7,4
5198,4,8
5199,8,9
5200,8,9
5201,9,4
5202,0,2
5203,0,2
5204,1,0
5205,8,9
5206,7,4
5207,3,9
5208,9,8
5209,9,4
5210,5,5
5211,5,9
5212,9,3
5213,6,7
5214,7,3
5215,8,9
5216,2,4
5217,4,4
5218,6,7
5219,9,4
5220,8,9
5221,1,6
5222,6,7
5223,7,4
5224,9,3
5225,1,6
5226,6,7
5227,2,1
5228,0,2
5229,9,4
5230,6,7
5231,6,7
5232,2,6
5233,9,4
5234,1,0
5235,1,6
5236,2,1
5237,1,6
5238,3,5
5239,1,6
5240,5,5
5241,2,1
5242,7,3
5243,8,9
5244,0,2
5245,1,6
5246,0,2
5247,2,1
5248,8,5
5249,0,9
5250,2,5
5251,7,4
5252,3,5
5253,7,4
5254,5,4
5255,5,9
5256,1,0
5257,8,9
5258,2,1
5259,2,1
5260,6,7
5261,9,4
5262,1,6
5263,8,9
5264,7,3
5265,4,6
5266,0,2
5267,6,7
5268,0,2
5269,7,4
5270,3,5
5271,1,6
5272,0,9
5273,6,7
5274,6,7
5275,0,2
5276,9,3
5277,3,5
5278,4,8
5279,6,7
5280,7,3
5281,8,9
5282,9,8
5283,7,4
5284,3,5
5285,0,2
5286,0,2
5287,4,6
5288,0,5
5289,2,1
5290,6,9
5291,7,4
5292,5,9
5293,4,9
5294,6,0
5295,4,6
5296,8,3
5297,2,1
5298,0,8
5299,8,9
5300,7,3
5301,1,6
5302,7,2
5303,5,9
5304,1,0
5305,1,6
5306,2,5
5307,2,8
5308,7,8
5309,5,9
5310,6,7
5311,6,7
5312,7,3
5313,4,4
5314,2,1
5315,3,1
5316,9,8
5317,0,2
5318,2,1
5319,0,2
5320,9,8
5321,0,2
5322,4,3
5323,3,5
5324,4,3
5325,7,4
5326,7,3
5327,0,2
5328,3,9
5329,6,7
5330,0,2
5331,4,4
5332,3,7
5333,8,5
5334,6,1
5335,8,9
5336,1,0
5337,3,5
5338,8,5
5339,9,4
5340,0,2
5341,9,4
5342,0,2
5343,8,9
5344,0,2
5345,2,1
5346,8,4
5347,7,4
5348,8,5
5349,7,4
5350,9,8
5351,1,6
5352,7,3
5353,0,2
5354,3,5
5355,1,6
5356,4,3
5357,2,1
5358,3,5
5359,3,5
5360,8,5
5361,4,4
5362,9,8
5363,5,9
5364,6,7
5365,6,7
5366,4,8
5367,7,4
5368,0,9
5369,8,9
5370,3,8
5371,9,3
5372,8,5
5373,0,2
5374,6,7
5375,1,6
5376,8,5
5377,2,1
5378,5,3
5379,3,5
5380,2,1
5381,4,4
5382,5,8
5383,5,9
5384,6,1
5385,6,7
5386,9,8
5387,7,8
5388,3,5
5389,8,9
5390,9,0
5391,9,4
5392,3,5
5393,0,2
5394,8,5
5395,1,6
5396,3,9
5397,2,1
5398,0,2
5399,3,5
5400,2,1
5401,4,4
5402,9,2
5403,5,9
5404,9,3
5405,6,7
5406,4,8
5407,7,4
5408,3,9
5409,8,9
5410,4,8
5411,9,4
5412,3,5
5413,6,7
5414,5,4
5415,2,1
5416,7,8
5417,5,9
5418,8,5
5419,6,7
5420,2,1
5421,2,1
5422,7,8
5423,5,9
5424,5,5
5425,1,6
5426,9,3
5427,7,4
5428,1,6
5429,1,6
5430,8,5
5431,8,9
5432,3,5
5433,3,5
5434,3,5
5435,8,9
5436,2,5
5437,7,3
5438,2,1
5439,1,6
5440,5,9
5441,7,4
5442,3,5
5443,1,6
5444,4,8
5445,4,4
5446,7,4
5447,7,4
5448,7,3
5449,2,1
5450,4,3
5451,6,7
5452,5,5
5453,5,5
5454,9,4
5455,3,5
5456,5,5
5457,9,4
5458,3,5
5459,9,3
5460,8,9
5461,0,2
5462,0,2
5463,8,9
5464,0,5
5465,7,3
5466,6,9
5467,3,5
5468,0,2
5469,0,2
5470,0,2
5471,3,5
5472,7,4
5473,7,4
5474,8,1
5475,0,2
5476,8,9
5477,1,6
5478,9,8
5479,1,6
5480,2,5
5481,2,1
5482,4,3
5483,1,6
5484,1,0
5485,6,7
5486,6,7
5487,0,2
5488,0,2
5489,5,9
5490,4,8
5491,3,5
5492,9,8
5493,3,5
5494,1,6
5495,6,7
5496,7,8
5497,3,5
5498,0,7
5499,5,9
5500,1,0
5501,9,4
5502,0,2
5503,9,4
5504,7,4
5505,0,2
5506,5,5
5507,1,6
5508,2,1
5509,2,1
5510,3,5
5511,3,5
5512,0,2
5513,4,4
5514,0,2
5515,5,9
5516,1,0
5517,6,7
5518,9,8
5519,7,4
5520,1,0
5521,8,9
5522,9,8
5523,9,4
5524,6,7
5525,0,2
5526,5,5
5527,1,6
5528,2,1
5529,2,1
5530,1,0
5531,3,9
5532,9,8
5533,4,4
5534,8,5
5535,7,4
5536,8,7
5537,8,9
5538,9,3
5539,9,4
5540,7,3
5541,0,2
5542,3,5
5543,1,6
5544,9,3
5545,2,1
5546,7,3
5547,3,9
5548,8,5
5549,4,4
5550,5,5
5551,5,9
5552,1,0
5553,6,2
5554,6,2
5555,7,4
5556,6,7
5557,8,9
5558,9,4
5559,9,4
5560,0,2
5561,6,7
5562,3,9
5563,0,2
5564,7,6
5565,7,3
5566,6,1
5567,3,9
5568,7,3
5569,7,4
5570,1,0
5571,1,6
5572,9,8
5573,3,5
5574,8,9
5575,7,4
5576,6,7
5577,9,4
5578,3,5
5579,7,4
5580,4,8
5581,4,4
5582,1,0
5583,0,2
5584,7,4
5585,0,2
5586,6,7
5587,6,7
5588,3,5
5589,9,4
5590,4,8
5591,5,9
5592,9,8
5593,6,7
5594,8,3
5595,9,4
5596,7,3
5597,8,9
5598,5,3
5599,5,9
5600,6,7
5601,1,6
5602,2,7
5603,5,9
5604,0,2
5605,3,2
5606,5,5
5607,9,4
5608,0,2
5609,8,9
5610,1,0
5611,3,1
5612,0,2
5613,4,4
5614,9,8
5615,0,2
5616,3,0
5617,5,9
5618,2,1
5619,6,7
5620,5,3
5621,3,9
5622,0,2
5623,4,4
5624,2,1
5625,8,9
5626,7,4
5627,0,2
5628,8,6
5629,6,7
5630,1,3
5631,4,4
5632,6,5
5633,8,9
5634,6,1
5635,1,6
5636,4,8
5637,3,9
5638,2,4
5639,4,4
5640,3,1
5641,0,2
5642,3,5
5643,1,6
5644,1,6
5645,9,4
5646,0,2
5647,2,1
5648,1,0
5649,3,9
5650,7,6
5651,7,4
5652,7,8
5653,5,9
5654,6,7
5655,1,6
5656,2,1
5657,7,4
5658,9,8
5659,2,9
5660,3,5
5661,8,4
5662,0,2
5663,7,4
5664,9,4
5665,0,2
5666,5,9
5667,1,6
5668,5,5
5669,9,3
5670,8,9
5671,6,7
5672,9,8
5673,4,8
5674,0,2
5675,1,6
5676,7,6
5677,2,1
5678,5,5
5679,3,2
5680,8,5
5681,1,6
5682,6,7
5683,3,5
5684,6,1
5685,5,9
5686,6,7
5687,3,9
5688,5,9
5689,4,4
5690,0,2
5691,1,6
5692,0,2
5693,6,7
5694,0,2
5695,8,9
5696,8,9
5697,0,9
5698,0,2
5699,8,9
5700,2,5
5701,9,4
5702,3,5
5703,4,3
5704,9,3
5705,9,4
5706,2,0
5707,2,1
5708,1,0
5709,6,7
5710,3,5
5711,0,9
5712,5,5
5713,1,6
5714,1,0
5715,2,1
5716,7,4
5717,3,9
5718,9,8
5719,5,9
5720,4,8
5721,6,7
5722,2,1
5723,7,4
5724,2,5
5725,8,9
5726,9,8
5727,9,4
5728,3,5
5729,0,9
5730,0,2
5731,1,6
5732,1,6
5733,2,1
5734,4,8
5735,4,4
5736,3,4
5737,5,9
5738,3,5
5739,6,7
5740,9,2
5741,7,4
5742,5,9
5743,8,9
5744,2,1
5745,9,4
5746,9,3
5747,0,9
5748,3,5
5749,1,6
5750,6,7
5751,2,1
5752,5,9
5753,3,9
5754,7,3
5755,4,4
5756,1,0
5757,5,9
5758,2,7
5759,6,7
5760,1,0
5761,7,4
5762,2,1
5763,8,9
5764,4,4
5765,9,4
5766,6,7
5767,0,2
5768,7,4
5769,7,4
5770,3,9
5771,5,9
5772,6,7
5773,0,9
5774,6,7
5775,8,9
5776,5,5
5777,4,4
5778,7,3
5779,1,6
5780,6,9
5781,8,9
5782,6,7
5783,8,9
5784,7,4
5785,1,6
5786,7,3
5787,3,9
5788,3,5
5789,1,6
5790,2,7
5791,8,9
5792,4,8
5793,3,9
5794,9,8
5795,7,4
5796,4,8
5797,9,3
5798,3,3
5799,3,9
5800,8,7
5801,0,2
5802,6,1
5803,9,3
5804,6,7
5805,4,4
5806,9,3
5807,4,3
5808,0,2
5809,0,9
5810,6,7
5811,7,4
5812,3,5
5813,4,4
5814,1,0
5815,2,1
5816,2,5
5817,9,3
5818,7,3
5819,8,9
5820,3,5
5821,7,4
5822,4,8
5823,2,1
5824,1,0
5825,7,4
5826,6,6
5827,8,9
5828,5,8
5829,9,3
5830,0,2
5831,3,9
5832,6,7
5833,1,6
5834,1,0
5835,4,9
5836,9,8
5837,6,7
5838,3,5
5839,5,9
5840,1,0
5841,2,9
5842,1,9
5843,2,1
5844,0,2
5845,2,9
5846,6,7
5847,5,9
5848,6,0
5849,6,7
5850,1,0
5851,7,4
5852,3,5
5853,8,9
5854,4,8
5855,7,4
5856,5,5
5857,5,9
5858,3,5
5859,1,6
5860,9,3
5861,6,7
5862,1,0
5863,4,9
5864,1,0
5865,9,3
5866,5,5
5867,2,1
5868,9,8
5869,9,4
5870,3,5
5871,3,9
5872,5,5
5873,5,9
5874,9,3
5875,3,9
5876,1,1
5877,6,7
5878,9,4
5879,6,7
5880,4,3
5881,0,2
5882,1,0
5883,0,9
5884,0,2
5885,2,1
5886,0,2
5887,5,9
5888,0,2
5889,6,7
5890,2,1
5891,4,9
5892,9,8
5893,9,4
5894,8,5
5895,2,1
5896,8,3
5897,7,4
5898,9,9
5899,4,9
5900,2,1
5901,9,4
5902,2,1
5903,1,6
5904,5,7
5905,0,9
5906,7,3
5907,2,1
5908,2,1
5909,2,1
5910,6,7
5911,3,9
5912,7,1
5913,6,7
5914,2,1
5915,1,6
5916,8,5
5917,8,9
5918,9,8
5919,3,9
5920,6,1
5921,0,9
5922,3,5
5923,3,9
5924,9,3
5925,5,9
5926,3,5
5927,0,9
5928,2,0
5929,0,2
5930,1,0
5931,6,7
5932,0,2
5933,1,6
5934,5,5
5935,6,7
5936,4,0
5937,9,4
5938,0,2
5939,5,9
5940,9,3
5941,3,9
5942,3,5
5943,9,4
5944,4,8
5945,4,4
5946,7,8
5947,5,9
5948,6,7
5949,8,9
5950,1,0
5951,6,7
5952,2,1
5953,7,4
5954,4,4
5955,1,6
5956,6,7
5957,1,6
5958,3,5
5959,7,4
5960,4,4
5961,0,2
5962,6,9
5963,1,6
5964,9,8
5965,2,1
5966,1,0
5967,3,5
5968,7,4
5969,4,4
5970,3,9
5971,5,9
5972,8,1
5973,6,7
5974,3,9
5975,7,4
5976,7,4
5977,8,9
5978,0,2
5979,9,3
5980,3,5
5981,0,2
5982,4,8
5983,1,6
5984,5,5
5985,2,1
5986,7,4
5987,3,5
5988,2,1
5989,4,4
5990,6,7
5991,5,9
5992,9,3
5993,6,7
5994,1,6
5995,7,3
5996,6,7
5997,8,9
5998,6,7
5999,9,4
6000,6,7
6001,0,2
6002,1,0
6003,1,6
6004,5,8
6005,2,1
6006,8,1
6007,3,5
6008,0,2
6009,4,4
6010,9,3
6011,5,9
6012,2,1
6013,6,7
6014,7,4
6015,7,4
6016,3,3
6017,8,5
6018,5,5
6019,9,4
6020,1,0
6021,1,6
6022,8,5
6023,0,2
6024,6,7
6025,4,8
6026,5,9
6027,5,9
6028,4,8
6029,6,7
6030,8,5
6031,6,7
6032,3,5
6033,3,5
6034,0,2
6035,4,4
6036,9,3
6037,4,4
6038,2,1
6039,2,1
6040,3,5
6041,8,5
6042,9,8
6043,1,6
6044,2,8
6045,0,2
6046,7,4
6047,6,7
6048,3,5
6049,4,8
6050,7,7
6051,9,4
6052,1,0
6053,7,4
6054,7,3
6055,2,1
6056,2,1
6057,3,5
6058,4,3
6059,3,5
6060,2,1
6061,9,3
6062,1,0
6063,2,1
6064,7,4
6065,0,2
6066,8,5
6067,9,3
6068,5,9
6069,3,5
6070,1,6
6071,3,5
6072,8,9
6073,9,3
6074,9,8
6075,1,6
6076,0,2
6077,5,9
6078,9,3
6079,2,1
6080,2,1
6081,3,5
6082,1,6
6083,1,6
6084,9,8
6085,6,7
6086,5,5
6087,7,4
6088,7,8
6089,3,5
6090,6,7
6091,7,4
6092,9,8
6093,8,9
6094,0,9
6095,4,4
6096,5,9
6097,0,2
6098,3,5
6099,2,1
6100,9,3
6101,4,4
6102,6,5
6103,0,2
6104,1,0
6105,2,1
6106,3,5
6107,4,4
6108,1,6
6109,7,4
6110,1,0
6111,8,9
6112,5,5
6113,0,2
6114,2,1
6115,7,4
6116,1,0
6117,0,2
6118,3,5
6119,6,7
6120,4,8
6121,9,3
6122,1,6
6123,3,5
6124,2,1
6125,2,1
6126,2,1
6127,4,4
6128,4,8
6129,8,5
6130,7,6
6131,6,7
6132,7,4
6133,0,2
6134,7,4
6135,1,6
6136,8,9
6137,0,2
6138,2,1
6139,6,7
6140,7,4
6141,7,4
6142,1,0
6143,2,1
6144,2,1
6145,9,3
6146,0,2
6147,7,3
6148,3,5
6149,9,8
6150,6,7
6151,5,9
6152,8,5
6153,8,9
6154,4,3
6155,9,3
6156,9,8
6157,6,7
6158,8,5
6159,6,7
6160,4,3
6161,2,1
6162,9,8
6163,8,5
6164,9,8
6165,1,6
6166,9,3
6167,7,4
6168,2,1
6169,5,9
6170,3,9
6171,5,9
6172,2,1
6173,7,4
6174,9,8
6175,3,5
6176,7,4
6177,5,9
6178,6,7
6179,0,2
6180,5,9
6181,1,0
6182,3,5
6183,1,6
6184,4,8
6185,3,5
6186,1,0
6187,8,5
6188,5,9
6189,4,4
6190,2,1
6191,9,3
6192,1,0
6193,4,4
6194,6,7
6195,5,9
6196,8,5
6197,1,6
6198,5,5
6199,8,9
6200,5,5
6201,6,7
6202,7,3
6203,8,9
6204,2,1
6205,9,4
6206,1,0
6207,0,2
6208,1,6
6209,1,6
6210,4,8
6211,2,7
6212,2,5
6213,3,5
6214,8,5
6215,4,3
6216,3,5
6217,5,9
6218,4,3
6219,6,7
6220,4,3
6221,7,3
6222,2,1
6223,8,9
6224,7,4
6225,9,3
6226,1,0
6227,0,9
6228,0,2
6229,1,6
6230,3,5
6231,2,1
6232,1,0
6233,3,5
6234,9,8
6235,4,3
6236,6,7
6237,5,9
6238,9,8
6239,6,7
6240,8,5
6241,7,3
6242,8,5
6243,8,9
6244,1,0
6245,0,2
6246,6,7
6247,1,6
6248,7,4
6249,2,1
6250,7,4
6251,3,5
6252,2,6
6253,4,8
6254,1,4
6255,5,7
6256,4,8
6257,6,7
6258,4,8
6259,7,3
6260,4,3
6261,8,9
6262,1,6
6263,9,3
6264,5,9
6265,6,7
6266,6,7
6267,6,7
6268,4,8
6269,3,7
6270,2,0
6271,4,3
6272,9,3
6273,2,1
6274,5,5
6275,8,9
6276,5,9
6277,1,6
6278,7,3
6279,0,9
6280,7,8
6281,6,7
6282,3,5
6283,4,3
6284,8,3
6285,9,3
6286,3,5
6287,7,3
6288,8,9
6289,2,7
6290,5,7
6291,3,9
6292,0,2
6293,3,9
6294,9,4
6295,9,3
6296,0,2
6297,3,9
6298,3,5
6299,3,9
6300,5,5
6301,9,8
6302,0,2
6303,1,6
6304,7,3
6305,5,9
6306,9,8
6307,2,7
6308,4,8
6309,3,5
6310,9,3
6311,1,6
6312,4,3
6313,6,7
6314,4,8
6315,7,3
6316,0,2
6317,3,9
6318,1,0
6319,7,3
6320,0,7
6321,8,9
6322,8,9
6323,4,4
6324,5,2
6325,0,2
6326,0,2
6327,2,1
6328,1,0
6329,4,3
6330,0,2
6331,0,9
6332,0,2
6333,7,3
6334,9,3
6335,8,9
6336,4,3
6337,0,9
6338,6,7
6339,7,3
6340,3,5
6341,0,2
6342,3,5
6343,6,7
6344,2,1
6345,9,8
6346,5,9
6347,3,9
6348,2,7
6349,2,1
6350,3,5
6351,4,4
6352,5,9
6353,8,9
6354,8,5
6355,6,7
6356,1,6
6357,0,2
6358,7,3
6359,5,9
6360,2,5
6361,7,4
6362,3,8
6363,5,5
6364,8,5
6365,1,6
6366,1,0
6367,0,9
6368,9,8
6369,8,9
6370,5,8
6371,1,6
6372,1,6
6373,6,7
6374,5,5
6375,7,3
6376,9,8
6377,2,1
6378,7,3
6379,9,3
6380,1,6
6381,7,3
6382,9,3
6383,9,8
6384,1,0
6385,5,9
6386,2,1
6387,6,7
6388,6,7
6389,5,9
6390,8,9
6391,2,1
6392,6,7
6393,6,7
6394,0,2
6395,1,6
6396,6,7
6397,7,3
6398,3,5
6399,5,7
6400,0,2
6401,5,9
6402,6,7
6403,7,3
6404,8,5
6405,3,9
6406,0,2
6407,5,9
6408,1,0
6409,0,9
6410,3,5
6411,1,6
6412,5,5
6413,1,6
6414,2,1
6415,3,9
6416,3,6
6417,8,9
6418,5,7
6419,1,6
6420,3,5
6421,0,2
6422,0,2
6423,1,6
6424,4,8
6425,2,1
6426,5,5
6427,3,5
6428,3,7
6429,4,4
6430,3,8
6431,5,9
6432,7,6
6433,6,7
6434,5,3
6435,7,3
6436,1,0
6437,8,9
6438,9,8
6439,9,3
6440,3,5
6441,0,2
6442,2,1
6443,1,6
6444,0,2
6445,2,1
6446,0,5
6447,3,9
6448,4,7
6449,4,4
6450,3,5
6451,5,9
6452,6,7
6453,6,7
6454,4,8
6455,7,4
6456,6,7
6457,8,9
6458,1,0
6459,9,4
6460,9,3
6461,0,2
6462,4,8
6463,1,6
6464,6,0
6465,2,1
6466,2,2
6467,3,5
6468,0,2
6469,4,4
6470,8,3
6471,5,9
6472,5,8
6473,6,7
6474,6,9
6475,7,3
6476,7,8
6477,8,9
6478,2,9
6479,9,3
6480,2,1
6481,7,4
6482,6,7
6483,4,4
6484,4,8
6485,7,3
6486,6,7
6487,7,3
6488,1,0
6489,3,5
6490,4,4
6491,9,3
6492,2,0
6493,8,9
6494,2,1
6495,8,9
6496,0,2
6497,3,9
6498,8,9
6499,1,6
6500,3,9
6501,5,9
6502,0,2
6503,8,9
6504,5,5
6505,2,1
6506,8,9
6507,7,3
6508,8,5
6509,6,7
6510,7,4
6511,1,6
6512,8,5
6513,5,9
6514,9,8
6515,2,1
6516,3,5
6517,6,7
6518,9,8
6519,4,8
6520,9,8
6521,1,6
6522,3,9
6523,8,9
6524,5,5
6525,7,3
6526,6,1
6527,5,9
6528,7,3
6529,5,9
6530,1,6
6531,1,6
6532,4,8
6533,8,9
6534,8,3
6535,9,4
6536,4,8
6537,1,6
6538,0,2
6539,3,5
6540,2,5
6541,6,7
6542,9,3
6543,3,5
6544,8,9
6545,3,5
6546,4,9
6547,2,1
6548,6,7
6549,2,1
6550,7,3
6551,6,7
6552,4,8
6553,6,7
6554,1,6
6555,5,9
6556,4,8
6557,5,9
6558,1,0
6559,3,5
6560,4,8
6561,3,5
6562,6,7
6563,8,9
6564,9,8
6565,1,6
6566,7,3
6567,6,7
6568,1,6
6569,5,9
6570,1,0
6571,6,7
6572,6,7
6573,8,9
6574,6,7
6575,1,0
6576,3,5
6577,9,3
6578,6,7
6579,7,3
6580,8,5
6581,6,7
6582,8,5
6583,8,9
6584,3,5
6585,3,5
6586,1,0
6587,7,3
6588,9,8
6589,9,3
6590,7,3
6591,0,9
6592,3,5
6593,0,2
6594,3,5
6595,3,5
6596,4,8
6597,7,4
6598,4,8
6599,9,3
6600,7,3
6601,3,9
6602,6,7
6603,0,2
6604,8,5
6605,2,1
6606,8,9
6607,0,2
6608,4,8
6609,1,6
6610,5,5
6611,0,2
6612,3,5
6613,1,6
6614,0,2
6615,0,2
6616,7,8
6617,1,6
6618,8,9
6619,0,2
6620,8,9
6621,4,4
6622,8,9
6623,7,4
6624,2,1
6625,9,3
6626,2,1
6627,2,1
6628,2,1
6629,0,2
6630,0,2
6631,6,7
6632,3,5
6633,2,7
6634,9,3
6635,6,7
6636,5,0
6637,2,1
6638,6,7
6639,2,1
6640,1,0
6641,9,4
6642,2,1
6643,9,4
6644,5,7
6645,0,2
6646,5,5
6647,1,0
6648,0,2
6649,2,1
6650,7,3
6651,3,5
6652,4,8
6653,4,3
6654,1,0
6655,5,9
6656,4,8
6657,6,7
6658,3,3
6659,8,9
6660,5,5
6661,9,3
6662,3,5
6663,0,2
6664,5,5
6665,1,0
6666,7,8
6667,3,5
6668,9,5
6669,4,3
6670,6,7
6671,5,9
6672,4,8
6673,6,7
6674,4,3
6675,7,3
6676,0,2
6677,8,5
6678,1,0
6679,9,3
6680,5,5
6681,0,2
6682,1,0
6683,1,0
6684,0,2
6685,2,1
6686,7,4
6687,3,5
6688,7,4
6689,4,3
6690,6,7
6691,5,9
6692,6,1
6693,6,7
6694,9,8
6695,7,4
6696,7,3
6697,8,9
6698,1,0
6699,9,4
6700,0,2
6701,1,6
6702,1,0
6703,8,9
6704,0,2
6705,6,7
6706,3,5
6707,7,4
6708,0,2
6709,1,6
6710,3,5
6711,3,5
6712,5,9
6713,7,3
6714,4,3
6715,7,4
6716,4,8
6717,9,4
6718,1,0
6719,3,9
6720,6,7
6721,6,7
6722,7,8
6723,0,2
6724,4,8
6725,2,1
6726,6,2
6727,6,7
6728,8,5
6729,4,4
6730,0,2
6731,8,9
6732,6,1
6733,4,4
6734,9,8
6735,5,9
6736,1,6
6737,0,9
6738,0,2
6739,3,5
6740,7,3
6741,9,3
6742,6,7
6743,2,1
6744,8,9
6745,1,6
6746,8,9
6747,1,6
6748,1,0
6749,5,9
6750,3,5
6751,9,3
6752,7,3
6753,4,1
6754,3,5
6755,2,8
6756,7,3
6757,0,2
6758,0,2
6759,4,4
6760,8,5
6761,4,3
6762,3,5
6763,0,9
6764,2,1
6765,9,3
6766,3,5
6767,6,7
6768,0,2
6769,9,3
6770,7,4
6771,2,1
6772,5,9
6773,2,1
6774,8,9
6775,1,0
6776,5,5
6777,7,3
6778,4,3
6779,9,4
6780,2,1
6781,5,9
6782,5,5
6783,1,6
6784,3,5
6785,1,6
6786,5,5
6787,9,4
6788,8,5
6789,6,9
6790,9,3
6791,0,2
6792,8,9
6793,1,0
6794,4,8
6795,8,9
6796,6,7
6797,4,4
6798,4,8
6799,6,7
6800,6,7
6801,8,9
6802,0,2
6803,8,9
6804,4,8
6805,2,1
6806,8,5
6807,6,7
6808,8,4
6809,3,9
6810,4,3
6811,2,1
6812,4,4
6813,9,3
6814,8,9
6815,2,1
6816,8,6
6817,4,9
6818,7,3
6819,0,9
6820,9,3
6821,9,3
6822,1,0
6823,0,9
6824,7,4
6825,3,9
6826,3,5
6827,3,9
6828,6,7
6829,5,9
6830,5,3
6831,8,9
6832,0,5
6833,4,4
6834,1,0
6835,7,3
6836,5,5
6837,6,7
6838,9,3
6839,2,9
6840,5,5
6841,2,1
6842,9,3
6843,7,4
6844,3,5
6845,7,4
6846,2,1
6847,0,2
6848,5,2
6849,5,9
6850,9,3
6851,1,6
6852,5,5
6853,5,9
6854,6,7
6855,3,9
6856,3,5
6857,0,2
6858,3,1
6859,1,0
6860,2,1
6861,2,1
6862,7,3
6863,3,5
6864,1,0
6865,4,8
6866,7,8
6867,5,9
6868,5,5
6869,6,7
6870,1,0
6871,7,3
6872,9,8
6873,8,1
6874,6,7
6875,0,2
6876,6,7
6877,1,6
6878,7,8
6879,4,4
6880,1,0
6881,7,4
6882,7,3
6883,0,2
6884,5,5
6885,1,9
6886,9,3
6887,4,3
6888,5,5
6889,7,4
6890,4,8
6891,8,9
6892,3,5
6893,9,4
6894,3,5
6895,6,7
6896,8,5
6897,8,5
6898,3,5
6899,2,1
6900,1,6
6901,4,3
6902,7,3
6903,6,7
6904,3,9
6905,8,9
6906,3,5
6907,6,7
6908,7,3
6909,6,7
6910,2,1
6911,7,3
6912,3,5
6913,1,0
6914,7,3
6915,7,4
6916,8,9
6917,0,2
6918,9,8
6919,2,1
6920,3,2
6921,2,1
6922,9,4
6923,0,2
6924,8,0
6925,1,6
6926,1,0
6927,6,7
6928,0,2
6929,5,6
6930,6,7
6931,1,6
6932,7,3
6933,2,1
6934,9,2
6935,0,2
6936,5,3
6937,2,1
6938,8,9
6939,3,5
6940,8,5
6941,4,8
6942,8,5
6943,8,9
6944,2,1
6945,3,5
6946,1,6
6947,7,3
6948,2,5
6949,4,4
6950,9,3
6951,1,6
6952,8,4
6953,7,4
6954,6,7
6955,4,3
6956,7,3
6957,8,9
6958,0,2
6959,3,9
6960,0,2
6961,9,3
6962,8,5
6963,6,7
6964,9,3
6965,7,8
6966,3,5
6967,0,2
6968,0,2
6969,9,3
6970,0,7
6971,6,7
6972,0,2
6973,0,9
6974,2,1
6975,6,7
6976,8,5
6977,1,0
6978,5,9
6979,0,2
6980,5,5
6981,5,9
6982,6,7
6983,5,9
6984,5,5
6985,1,6
6986,7,3
6987,0,2
6988,5,5
6989,1,6
6990,4,3
6991,0,9
6992,2,1
6993,9,3
6994,8,3
6995,4,3
6996,4,3
6997,5,9
6998,1,0
6999,9,3
7000,8,5
7001,7,3
7002,4,8
7003,0,2
7004,0,2
7005,2,1
7006,9,3
7007,1,6
7008,6,7
7009,4,3
7010,7,8
7011,4,4
7012,0,2
7013,9,8
7014,2,1
7015,6,0
7016,9,3
7017,7,4
7018,0,2
7019,4,8
7020,1,0
7021,8,9
7022,1,6
7023,9,3
7024,5,5
7025,0,2
7026,8,5
7027,1,6
7028,7,4
7029,2,9
7030,3,5
7031,3,1
7032,5,9
7033,7,8
7034,8,5
7035,8,9
7036,4,3
7037,0,2
7038,0,2
7039,1,6
7040,1,0
7041,2,1
7042,8,5
7043,3,5
7044,5,5
7045,4,4
7046,3,5
7047,5,9
7048,8,9
7049,6,9
7050,0,2
7051,8,9
7052,0,2
7053,9,4
7054,7,3
7055,0,2
7056,9,3
7057,1,6
7058,3,9
7059,7,4
7060,1,0
7061,9,4
7062,0,2
7063,6,7
7064,6,7
7065,3,9
7066,0,2
7067,3,5
7068,5,9
7069,9,4
7070,9,3
7071,9,4
7072,2,1
7073,5,9
7074,1,0
7075,1,6
7076,8,5
7077,4,4
7078,1,6
7079,2,1
7080,3,5
7081,5,9
7082,2,1
7083,4,4
7084,1,0
7085,7,8
7086,6,7
7087,9,4
7088,2,1
7089,1,6
7090,4,8
7091,5,9
7092,7,4
7093,2,1
7094,9,8
7095,6,7
7096,6,7
7097,3,9
7098,9,8
7099,7,4
7100,4,8
7101,8,9
7102,6,1
7103,5,9
7104,6,7
7105,1,6
7106,3,5
7107,2,1
7108,9,8
7109,6,7
7110,9,3
7111,6,7
7112,5,9
7113,7,8
7114,5,8
7115,8,9
7116,1,0
7117,8,9
7118,9,3
7119,1,6
7120,4,8
7121,8,9
7122,8,5
7123,3,9
7124,4,8
7125,7,4
7126,6,7
7127,0,9
7128,0,2
7129,0,2
7130,0,9
7131,1,6
7132,3,5
7133,5,9
7134,3,5
7135,0,2
7136,8,9
7137,5,9
7138,1,0
7139,2,1
7140,2,9
7141,8,9
7142,8,5
7143,0,2
7144,5,5
7145,4,4
7146,2,1
7147,3,9
7148,9,3
7149,1,6
7150,3,5
7151,8,9
7152,4,8
7153,2,1
7154,5,5
7155,9,4
7156,3,5
7157,9,4
7158,0,2
7159,5,9
7160,1,5
7161,2,9
7162,3,5
7163,6,7
7164,0,2
7165,5,9
7166,4,8
7167,7,4
7168,8,2
7169,1,6
7170,2,1
7171,9,4
7172,5,2
7173,7,4
7174,7,4
7175,1,6
7176,1,6
7177,2,1
7178,4,3
7179,6,7
7180,9,3
7181,0,2
7182,8,5
7183,0,9
7184,8,9
7185,1,6
7186,4,8
7187,2,1
7188,1,6
7189,3,9
7190,8,8
7191,4,4
7192,3,8
7193,5,9
7194,9,4
7195,6,2
7196,2,1
7197,7,4
7198,9,8
7199,8,9
7200,9,3
7201,9,4
7202,6,8
7203,0,2
7204,4,8
7205,1,6
7206,6,7
7207,2,9
7208,9,8
7209,3,9
7210,7,3
7211,4,4
7212,6,7
7213,7,4
7214,3,5
7215,8,9
7216,5,9
7217,9,4
7218,8,5
7219,0,9
7220,6,7
7221,1,6
7222,1,0
7223,2,1
7224,6,7
7225,3,9
7226,7,9
7227,4,9
7228,8,9
7229,7,4
7230,6,7
7231,8,9
7232,5,3
7233,9,9
7234,1,0
7235,5,9
7236,7,3
7237,1,6
7238,5,9
7239,9,4
7240,1,0
7241,9,4
7242,2,2
7243,0,9
7244,5,5
7245,9,4
7246,5,3
7247,0,9
7248,4,8
7249,5,9
7250,3,9
7251,9,4
7252,9,3
7253,1,6
7254,0,2
7255,7,4
7256,9,3
7257,2,1
7258,9,3
7259,2,1
7260,5,9
7261,3,5
7262,2,1
7263,3,5
7264,9,3
7265,2,1
7266,2,1
7267,0,2
7268,6,7
7269,9,4
7270,5,0
7271,0,9
7272,0,2
7273,6,7
7274,9,8
7275,1,6
7276,5,5
7277,7,4
7278,7,6
7279,5,9
7280,4,8
7281,0,2
7282,4,3
7283,3,5
7284,7,4
7285,4,4
7286,0,2
7287,7,4
7288,3,5
7289,6,9
7290,8,9
7291,6,7
7292,2,0
7293,3,5
7294,6,7
7295,3,5
7296,4,3
7297,8,9
7298,6,7
7299,4,6
7300,8,3
7301,7,4
7302,5,5
7303,1,6
7304,7,1
7305,0,9
7306,7,3
7307,8,9
7308,8,0
7309,7,4
7310,9,3
7311,5,9
7312,9,3
7313,2,1
7314,7,4
7315,1,6
7316,8,8
7317,1,6
7318,0,2
7319,4,4
7320,8,5
7321,5,9
7322,3,9
7323,5,9
7324,1,0
7325,0,9
7326,2,1
7327,4,4
7328,8,9
7329,8,6
7330,1,0
7331,7,4
7332,3,5
7333,4,4
7334,7,4
7335,9,4
7336,3,5
7337,2,9
7338,0,2
7339,3,5
7340,7,4
7341,6,9
7342,6,7
7343,4,4
7344,2,1
7345,1,6
7346,5,8
7347,2,4
7348,7,4
7349,1,6
7350,4,4
7351,5,5
7352,7,8
7353,2,1
7354,5,5
7355,0,2
7356,8,9
7357,4,4
7358,0,2
7359,8,9
7360,2,1
7361,6,7
7362,7,3
7363,1,6
7364,0,2
7365,9,4
7366,4,3
7367,3,9
7368,5,7
7369,2,1
7370,2,1
7371,0,2
7372,0,9
7373,0,2
7374,5,5
7375,2,1
7376,8,5
7377,5,9
7378,0,2
7379,6,7
7380,7,4
7381,9,4
7382,5,9
7383,3,3
7384,7,4
7385,6,7
7386,7,8
7387,3,4
7388,7,3
7389,6,9
7390,5,9
7391,0,2
7392,2,1
7393,1,0
7394,2,1
7395,2,1
7396,3,5
7397,3,5
7398,6,9
7399,4,3
7400,8,9
7401,6,7
7402,1,0
7403,7,3
7404,1,6
7405,8,9
7406,1,0
7407,9,3
7408,2,1
7409,0,2
7410,1,0
7411,1,0
7412,3,5
7413,2,1
7414,2,6
7415,3,5
7416,9,8
7417,4,3
7418,7,8
7419,5,5
7420,7,4
7421,1,6
7422,3,5
7423,7,3
7424,1,0
7425,8,9
7426,4,3
7427,0,2
7428,2,1
7429,1,0
7430,9,8
7431,2,1
7432,2,1
7433,3,5
7434,6,7
7435,1,6
7436,8,8
7437,7,8
7438,7,8
7439,8,5
7440,1,0
7441,8,5
7442,4,3
7443,5,5
7444,5,5
7445,7,3
7446,7,4
7447,9,3
7448,5,4
7449,5,5
7450,8,5
7451,0,2
7452,6,5
7453,8,5
7454,1,6
7455,3,5
7456,6,7
7457,5,5
7458,0,5
7459,4,4
7460,6,9
7461,8,9
7462,0,2
7463,3,5
7464,4,3
7465,0,9
7466,0,7
7467,2,1
7468,9,3
7469,1,6
7470,7,4
7471,0,9
7472,1,6
7473,2,1
7474,9,8
7475,5,5
7476,2,6
7477,8,5
7478,9,3
7479,8,5
7480,5,5
7481,5,5
7482,5,5
7483,3,5
7484,2,1
7485,0,2
7486,2,1
7487,4,4
7488,8,5
7489,4,4
7490,6,1
7491,1,6
7492,9,8
7493,6,7
7494,7,3
7495,1,6
7496,1,0
7497,3,5
7498,5,9
7499,0,9
7500,2,1
7501,3,5
7502,4,3
7503,6,7
7504,6,7
7505,9,3
7506,0,9
7507,3,5
7508,8,5
7509,7,3
7510,2,1
7511,9,3
7512,8,5
7513,7,3
7514,8,5
7515,0,9
7516,6,7
7517,4,3
7518,9,4
7519,8,9
7520,2,1
7521,3,5
7522,6,7
7523,2,1
7524,1,0
7525,7,3
7526,4,8
7527,7,3
7528,2,0
7529,9,3
7530,7,6
7531,5,5
7532,1,0
7533,1,6
7534,7,4
7535,5,5
7536,1,6
7537,2,1
7538,9,8
7539,8,9
7540,8,5
7541,9,3
7542,1,0
7543,6,7
7544,6,9
7545,9,3
7546,5,5
7547,7,3
7548,0,2
7549,6,7
7550,8,5
7551,4,4
7552,0,2
7553,1,0
7554,2,1
7555,2,1
7556,3,5
7557,0,9
7558,1,0
7559,6,7
7560,4,8
7561,1,0
7562,6,7
7563,1,0
7564,6,1
7565,7,3
7566,0,2
7567,2,1
7568,7,3
7569,3,5
7570,8,8
7571,6,7
7572,1,0
7573,4,3
7574,1,0
7575,8,9
7576,2,1
7577,6,7
7578,4,3
7579,4,4
7580,6,7
7581,6,7
7582,3,9
7583,5,5
7584,3,5
7585,0,7
7586,8,5
7587,2,1
7588,1,0
7589,0,5
7590,3,5
7591,5,5
7592,5,5
7593,6,7
7594,2,1
7595,5,5
7596,4,8
7597,0,7
7598,6,1
7599,1,9
7600,3,5
7601,2,1
7602,9,8
7603,1,0
7604,8,5
7605,7,8
7606,8,4
7607,8,5
7608,7,3
7609,1,6
7610,7,3
7611,4,3
7612,2,0
7613,3,5
7614,2,1
7615,2,1
7616,7,4
7617,8,5
7618,3,5
7619,2,1
7620,9,5
7621,7,8
7622,1,0
7623,9,3
7624,2,5
7625,3,5
7626,3,5
7627,9,3
7628,2,5
7629,0,2
7630,1,0
7631,1,6
7632,1,0
7633,2,1
7634,3,5
7635,3,9
7636,8,9
7637,4,4
7638,8,1
7639,5,9
7640,5,5
7641,6,7
7642,8,9
7643,7,4
7644,7,3
7645,8,9
7646,2,1
7647,9,4
7648,0,2
7649,0,2
7650,1,0
7651,1,6
7652,4,3
7653,2,1
7654,2,1
7655,3,9
7656,1,0
7657,4,4
7658,1,0
7659,5,9
7660,3,5
7661,6,7
7662,6,7
7663,7,4
7664,0,7
7665,8,9
7666,3,5
7667,9,4
7668,1,6
7669,0,2
7670,5,5
7671,1,9
7672,3,5
7673,2,1
7674,8,5
7675,3,9
7676,9,8
7677,4,4
7678,3,5
7679,7,4
7680,9,3
7681,8,9
7682,8,5
7683,9,4
7684,6,1
7685,0,2
7686,7,4
7687,0,2
7688,2,1
7689,1,6
7690,9,3
7691,0,2
7692,3,3
7693,1,6
7694,7,4
7695,2,1
7696,1,0
7697,7,4
7698,3,5
7699,5,9
7700,6,7
7701,3,9
7702,9,3
7703,4,4
7704,8,9
7705,4,4
7706,2,5
7707,0,2
7708,0,2
7709,0,2
7710,0,7
7711,6,7
7712,8,5
7713,9,4
7714,9,3
7715,6,7
7716,1,6
7717,6,7
7718,6,7
7719,2,9
7720,1,0
7721,3,9
7722,4,8
7723,4,4
7724,6,7
7725,4,4
7726,4,4
7727,9,4
7728,0,2
7729,1,6
7730,7,8
7731,7,4
7732,2,6
7733,9,4
7734,4,3
7735,5,9
7736,2,5
7737,7,4
7738,5,9
7739,5,9
7740,5,5
7741,6,9
7742,9,3
7743,2,1
7744,6,7
7745,3,9
7746,1,6
7747,1,6
7748,1,0
7749,4,4
7750,8,9
7751,4,4
7752,1,6
7753,0,2
7754,7,3
7755,9,4
7756,9,3
7757,9,4
7758,2,0
7759,6,7
7760,2,1
7761,1,6
7762,3,5
7763,8,9
7764,1,0
7765,3,9
7766,3,5
7767,3,1
7768,8,1
7769,7,4
7770,7,4
7771,3,9
7772,2,1
7773,9,4
7774,9,3
7775,8,9
7776,2,1
7777,8,9
7778,3,5
7779,4,9
7780,2,1
7781,7,6
7782,2,1
7783,7,4
7784,3,5
7785,6,7
7786,0,2
7787,2,1
7788,1,0
7789,1,6
7790,2,7
7791,9,4
7792,2,1
7793,8,9
7794,3,9
7795,7,4
7796,2,1
7797,8,9
7798,9,3
7799,8,9
7800,3,5
7801,2,9
7802,5,9
7803,3,9
7804,4,8
7805,9,4
7806,1,0
7807,0,2
7808,7,4
7809,7,4
7810,8,9
7811,9,4
7812,9,4
7813,0,2
7814,8,5
7815,6,7
7816,0,5
7817,4,4
7818,2,1
7819,1,6
7820,5,9
7821,1,6
7822,9,3
7823,2,1
7824,8,5
7825,8,9
7826,4,3
7827,2,1
7828,1,0
7829,6,7
7830,0,2
7831,1,6
7832,3,9
7833,5,1
7834,1,0
7835,0,2
7836,8,9
7837,1,6
7838,1,0
7839,2,1
7840,5,9
7841,3,5
7842,5,9
7843,4,8
7844,8,9
7845,5,9
7846,0,2
7847,6,7
7848,5,5
7849,7,3
7850,1,0
7851,8,2
7852,7,3
7853,9,3
7854,4,8
7855,0,2
7856,8,5
7857,1,6
7858,0,2
7859,2,1
7860,1,0
7861,3,5
7862,3,5
7863,4,8
7864,4,8
7865,5,1
7866,7,3
7867,6,7
7868,6,7
7869,7,4
7870,2,1
7871,8,9
7872,8,9
7873,9,3
7874,0,2
7875,0,2
7876,1,0
7877,1,6
7878,3,5
7879,2,8
7880,6,7
7881,3,5
7882,0,2
7883,4,8
7884,5,9
7885,5,9
7886,9,5
7887,6,7
7888,5,5
7889,7,3
7890,9,3
7891,8,7
7892,0,2
7893,9,3
7894,0,2
7895,2,1
7896,1,0
7897,2,1
7898,1,0
7899,7,3
7900,5,5
7901,6,7
7902,5,5
7903,4,8
7904,9,8
7905,0,2
7906,7,3
7907,5,9
7908,8,5
7909,8,7
7910,1,6
7911,0,2
7912,1,6
7913,7,3
7914,4,8
7915,3,5
7916,2,1
7917,5,1
7918,8,9
7919,4,8
7920,2,5
7921,1,0
7922,9,3
7923,8,9
7924,8,5
7925,0,2
7926,6,2
7927,5,9
7928,8,9
7929,2,1
7930,0,2
7931,7,3
7932,0,2
7933,2,8
7934,0,2
7935,3,5
7936,9,4
7937,6,7
7938,1,0
7939,2,1
7940,9,3
7941,1,6
7942,2,1
7943,7,3
7944,0,7
7945,7,4
7946,9,8
7947,9,4
7948,0,5
7949,9,8
7950,7,3
7951,1,6
7952,9,8
7953,2,1
7954,0,9
7955,4,4
7956,8,5
7957,6,7
7958,4,8
7959,7,4
7960,2,1
7961,7,4
7962,5,7
7963,5,9
7964,5,5
7965,4,8
7966,3,5
7967,5,9
7968,6,9
7969,0,2
7970,6,7
7971,1,6
7972,6,9
7973,1,6
7974,4,8
7975,9,3
7976,3,5
7977,9,8
7978,0,2
7979,8,9
7980,3,5
7981,0,2
7982,3,5
7983,2,1
7984,4,8
7985,0,2
7986,2,1
7987,3,5
7988,5,5
7989,5,9
7990,6,8
7991,6,7
7992,7,4
7993,1,6
7994,7,3
7995,8,7
7996,1,6
7997,6,7
7998,5,5
7999,4,8
8000,0,2
8001,6,7
8002,2,1
8003,0,2
8004,6,7
8005,9,8
8006,4,8
8007,2,1
8008,8,3
8009,6,2
8010,5,5
8011,4,8
8012,3,4
8013,3,1
8014,3,5
8015,9,3
8016,0,2
8017,3,5
8018,3,5
8019,0,2
8020,7,4
8021,0,2
8022,5,5
8023,5,9
8024,2,1
8025,2,8
8026,4,8
8027,5,9
8028,0,5
8029,8,7
8030,9,3
8031,8,7
8032,1,0
8033,8,7
8034,6,7
8035,9,3
8036,9,3
8037,4,4
8038,7,4
8039,3,9
8040,1,0
8041,4,3
8042,6,7
8043,2,1
8044,7,3
8045,8,7
8046,0,7
8047,8,9
8048,3,5
8049,7,4
8050,0,2
8051,1,0
8052,3,9
8053,1,6
8054,3,5
8055,3,9
8056,5,5
8057,6,7
8058,2,1
8059,9,8
8060,9,8
8061,4,8
8062,5,3
8063,1,6
8064,6,7
8065,3,5
8066,9,3
8067,8,9
8068,7,4
8069,7,3
8070,1,6
8071,6,7
8072,6,7
8073,9,3
8074,6,7
8075,3,5
8076,6,7
8077,3,5
8078,2,1
8079,7,4
8080,1,0
8081,4,8
8082,2,1
8083,1,6
8084,7,3
8085,9,8
8086,4,3
8087,1,6
8088,0,2
8089,0,2
8090,7,3
8091,6,7
8092,1,0
8093,0,2
8094,3,5
8095,1,6
8096,0,2
8097,2,1
8098,0,2
8099,3,9
8100,6,7
8101,4,4
8102,2,1
8103,5,9
8104,5,4
8105,6,7
8106,1,0
8107,7,4
8108,0,2
8109,8,9
8110,0,9
8111,9,3
8112,1,6
8113,0,2
8114,7,3
8115,3,1
8116,0,5
8117,4,4
8118,8,9
8119,5,9
8120,3,3
8121,6,7
8122,3,9
8123,7,4
8124,1,0
8125,8,9
8126,5,8
8127,9,4
8128,5,5
8129,0,2
8130,7,3
8131,1,6
8132,8,5
8133,2,1
8134,0,2
8135,3,9
8136,8,9
8137,7,4
8138,7,3
8139,8,9
8140,6,7
8141,9,4
8142,7,3
8143,7,3
8144,7,3
8145,6,7
8146,6,7
8147,0,7
8148,8,5
8149,6,7
8150,6,7
8151,6,7
8152,2,1
8153,6,7
8154,2,1
8155,9,3
8156,1,0
8157,0,2
8158,0,2
8159,0,2
8160,1,0
8161,1,6
8162,1,0
8163,3,9
8164,3,5
8165,9,3
8166,1,0
8167,7,4
8168,7,3
8169,3,9
8170,7,3
8171,8,9
8172,0,2
8173,5,9
8174,4,3
8175,8,9
8176,1,0
8177,1,6
8178,5,8
8179,4,4
8180,1,0
8181,8,9
8182,7,3
8183,5,9
8184,3,5
8185,1,6
8186,7,8
8187,0,2
8188,3,1
8189,1,6
8190,5,7
8191,6,7
8192,3,5
8193,0,2
8194,1,0
8195,3,5
8196,7,0
8197,8,9
8198,7,4
8199,9,4
8200,3,8
8201,2,1
8202,2,3
8203,1,6
8204,2,1
8205,7,4
8206,6,7
8207,4,8
8208,4,3
8209,5,9
8210,8,5
8211,2,1
8212,2,1
8213,8,9
8214,7,8
8215,4,4
8216,9,8
8217,7,4
8218,1,0
8219,1,1
8220,9,4
8221,8,9
8222,1,0
8223,0,9
8224,6,7
8225,6,7
8226,2,5
8227,3,9
8228,3,8
8229,2,1
8230,3,5
8231,9,4
8232,7,4
8233,0,2
8234,8,5
8235,4,4
8236,3,5
8237,7,4
8238,9,3
8239,4,4
8240,4,8
8241,3,9
8242,8,9
8243,4,4
8244,9,3
8245,5,9
8246,3,5
8247,0,2
8248,7,4
8249,0,2
8250,0,2
8251,2,1
8252,5,3
8253,0,2
8254,3,0
8255,1,6
8256,7,4
8257,2,1
8258,1,6
8259,3,5
8260,5,5
8261,4,4
8262,0,9
8263,5,9
8264,3,5
8265,6,7
8266,4,8
8267,7,4
8268,7,8
8269,8,9
8270,4,7
8271,9,4
8272,0,2
8273,0,2
8274,0,2
8275,1,6
8276,9,8
8277,2,1
8278,4,8
8279,3,5
8280,7,8
8281,4,4
8282,6,7
8283,7,4
8284,0,2
8285,8,9
8286,7,4
8287,9,4
8288,0,2
8289,0,2
8290,6,7
8291,1,6
8292,2,1
8293,2,1
8294,0,2
8295,3,9
8296,1,0
8297,7,9
8298,4,3
8299,8,9
8300,8,9
8301,9,9
8302,7,4
8303,8,9
8304,0,2
8305,6,7
8306,8,8
8307,5,1
8308,9,8
8309,0,2
8310,8,9
8311,6,7
8312,6,7
8313,8,9
8314,6,1
8315,9,4
8316,9,3
8317,4,4
8318,9,8
8319,1,6
8320,5,5
8321,9,4
8322,9,3
8323,0,2
8324,8,5
8325,4,9
8326,6,1
8327,8,1
8328,6,7
8329,9,4
8330,1,0
8331,1,6
8332,1,0
8333,4,4
8334,2,1
8335,0,2
8336,6,7
8337,5,9
8338,3,5
8339,5,1
8340,8,9
8341,4,4
8342,2,1
8343,0,9
8344,4,8
8345,7,4
8346,4,8
8347,6,2
8348,1,0
8349,0,9
8350,3,5
8351,1,6
8352,6,7
8353,7,4
8354,0,2
8355,0,9
8356,9,8
8357,6,7
8358,9,8
8359,8,9
8360,3,5
8361,7,4
8362,7,4
8363,9,4
8364,7,3
8365,8,9
8366,8,9
8367,6,7
8368,0,2
8369,0,2
8370,4,4
8371,8,9
8372,2,6
8373,1,6
8374,2,1
8375,7,4
8376,6,8
8377,7,4
8378,8,5
8379,1,6
8380,4,8
8381,3,9
8382,1,0
8383,1,6
8384,6,7
8385,0,9
8386,8,8
8387,0,7
8388,1,6
8389,7,4
8390,2,5
8391,8,9
8392,5,9
8393,9,4
8394,1,0
8395,3,5
8396,7,8
8397,8,9
8398,6,7
8399,4,4
8400,4,4
8401,7,4
8402,1,0
8403,2,1
8404,9,3
8405,3,9
8406,3,5
8407,6,7
8408,9,3
8409,9,4
8410,6,7
8411,2,1
8412,4,3
8413,2,1
8414,5,5
8415,4,9
8416,9,3
8417,6,2
8418,1,6
8419,5,9
8420,6,7
8421,5,9
8422,1,0
8423,1,6
8424,9,8
8425,3,5
8426,5,5
8427,3,1
8428,2,6
8429,7,4
8430,1,6
8431,8,9
8432,8,5
8433,2,1
8434,5,9
8435,5,1
8436,7,3
8437,7,4
8438,4,3
8439,9,4
8440,9,8
8441,8,9
8442,9,8
8443,2,1
8444,7,3
8445,1,6
8446,2,1
8447,3,1
8448,9,8
8449,0,7
8450,3,9
8451,1,0
8452,1,0
8453,2,1
8454,6,7
8455,3,5
8456,1,0
8457,4,8
8458,4,7
8459,5,9
8460,2,1
8461,6,7
8462,6,1
8463,7,3
8464,1,0
8465,8,9
8466,4,8
8467,9,3
8468,9,3
8469,0,2
8470,2,6
8471,1,6
8472,0,2
8473,2,1
8474,2,1
8475,3,5
8476,7,3
8477,4,8
8478,6,7
8479,5,9
8480,2,6
8481,6,7
8482,8,9
8483,7,3
8484,9,3
8485,8,9
8486,1,0
8487,9,3
8488,6,2
8489,0,2
8490,2,1
8491,1,0
8492,9,3
8493,2,1
8494,3,5
8495,4,8
8496,8,9
8497,6,7
8498,3,5
8499,7,3
8500,6,7
8501,8,9
8502,7,3
8503,9,3
8504,5,3
8505,3,9
8506,1,0
8507,8,5
8508,4,8
8509,0,9
8510,9,8
8511,7,3
8512,1,6
8513,1,6
8514,9,3
8515,0,2
8516,7,8
8517,7,3
8518,9,3
8519,5,9
8520,8,5
8521,5,9
8522,8,5
8523,6,7
8524,3,5
8525,9,3
8526,6,7
8527,0,2
8528,3,5
8529,1,6
8530,1,0
8531,0,2
8532,6,7
8533,0,2
8534,4,8
8535,8,9
8536,8,9
8537,3,5
8538,1,0
8539,4,8
8540,0,9
8541,3,5
8542,1,0
8543,1,0
8544,3,5
8545,0,2
8546,6,7
8547,9,3
8548,5,5
8549,5,9
8550,1,0
8551,3,5
8552,2,7
8553,4,8
8554,3,5
8555,9,4
8556,7,4
8557,3,5
8558,9,4
8559,7,3
8560,4,3
8561,6,7
8562,7,4
8563,9,3
8564,2,1
8565,2,1
8566,7,3
8567,4,8
8568,3,5
8569,5,9
8570,4,8
8571,7,3
8572,7,3
8573,2,1
8574,1,0
8575,1,0
8576,7,4
8577,6,7
8578,1,0
8579,4,3
8580,4,8
8581,9,3
8582,2,5
8583,4,3
8584,8,5
8585,9,4
8586,9,8
8587,4,4
8588,1,6
8589,1,6
8590,6,7
8591,2,1
8592,9,8
8593,2,1
8594,7,3
8595,1,0
8596,7,8
8597,3,5
8598,2,1
8599,2,1
8600,4,4
8601,9,3
8602,1,0
8603,4,3
8604,7,3
8605,3,5
8606,3,5
8607,8,9
8608,9,8
8609,2,1
8610,1,0
8611,2,1
8612,0,2
8613,2,1
8614,2,1
8615,1,6
8616,7,3
8617,2,1
8618,8,5
8619,8,7
8620,9,8
8621,6,7
8622,4,3
8623,5,9
8624,5,8
8625,1,6
8626,9,3
8627,6,7
8628,6,1
8629,7,8
8630,9,3
8631,2,1
8632,2,1
8633,1,0
8634,4,8
8635,3,5
8636,6,7
8637,7,3
8638,6,1
8639,5,9
8640,2,5
8641,9,4
8642,5,5
8643,3,5
8644,4,8
8645,8,3
8646,5,5
8647,7,3
8648,1,0
8649,5,9
8650,4,8
8651,7,3
8652,1,6
8653,0,2
8654,9,3
8655,7,3
8656,5,5
8657,4,3
8658,6,7
8659,8,9
8660,1,0
8661,8,3
8662,8,9
8663,3,9
8664,1,6
8665,7,3
8666,8,9
8667,6,7
8668,5,5
8669,9,4
8670,2,1
8671,9,3
8672,3,5
8673,4,4
8674,9,8
8675,8,9
8676,5,8
8677,4,4
8678,1,5
8679,1,6
8680,8,2
8681,0,2
8682,0,2
8683,6,7
8684,3,5
8685,6,7
8686,8,5
8687,0,2
8688,6,7
8689,1,0
8690,8,1
8691,2,9
8692,6,7
8693,3,3
8694,8,9
8695,4,8
8696,4,8
8697,6,7
8698,7,3
8699,7,4
8700,3,7
8701,8,9
8702,9,8
8703,0,2
8704,1,0
8705,1,6
8706,4,3
8707,2,1
8708,3,5
8709,3,4
8710,3,5
8711,4,8
8712,5,7
8713,5,9
8714,9,5
8715,6,9
8716,3,5
8717,7,3
8718,7,4
8719,8,9
8720,6,7
8721,9,3
8722,8,9
8723,0,2
8724,0,2
8725,1,6
8726,6,7
8727,2,1
8728,5,5
8729,3,4
8730,8,9
8731,5,9
8732,8,5
8733,6,9
8734,5,9
8735,7,3
8736,9,5
8737,4,3
8738,1,0
8739,0,2
8740,2,1
8741,7,4
8742,2,1
8743,2,1
8744,5,5
8745,9,3
8746,8,9
8747,4,3
8748,5,9
8749,2,1
8750,9,8
8751,9,4
8752,2,1
8753,8,6
8754,0,2
8755,4,8
8756,3,5
8757,5,9
8758,7,3
8759,8,6
8760,1,6
8761,8,9
8762,3,5
8763,0,2
8764,8,9
8765,3,6
8766,5,9
8767,5,9
8768,4,8
8769,4,3
8770,6,7
8771,3,9
8772,1,3
8773,3,9
8774,6,7
8775,4,4
8776,9,3
8777,6,7
8778,1,0
8779,5,9
8780,8,5
8781,1,6
8782,8,9
8783,7,4
8784,2,1
8785,8,9
8786,3,0
8787,4,4
8788,0,2
8789,5,9
8790,3,0
8791,7,3
8792,6,7
8793,2,1
8794,3,9
8795,3,9
8796,4,3
8797,6,9
8798,7,4
8799,6,9
8800,3,5
8801,7,4
8802,9,3
8803,7,4
8804,7,3
8805,7,4
8806,1,6
8807,6,7
8808,3,5
8809,0,2
8810,2,8
8811,1,6
8812,0,2
8813,0,2
8814,6,7
8815,1,6
8816,3,9
8817,6,7
8818,3,5
8819,5,9
8820,6,7
8821,3,4
8822,6,7
8823,1,6
8824,3,5
8825,4,4
8826,6,1
8827,7,4
8828,7,3
8829,6,7
8830,3,5
8831,2,1
8832,4,3
8833,2,7
8834,2,1
8835,5,9
8836,1,0
8837,9,4
8838,0,2
8839,1,6
8840,4,4
8841,2,1
8842,4,8
8843,2,1
8844,2,1
8845,7,4
8846,6,9
8847,9,4
8848,6,7
8849,7,4
8850,6,7
8851,9,4
8852,2,5
8853,2,9
8854,4,4
8855,0,2
8856,5,3
8857,4,4
8858,2,5
8859,8,9
8860,6,9
8861,7,4
8862,6,1
8863,0,9
8864,2,1
8865,3,4
8866,7,0
8867,8,1
8868,6,7
8869,4,4
8870,6,7
8871,6,1
8872,4,8
8873,1,6
8874,4,8
8875,4,3
8876,5,9
8877,0,9
8878,2,1
8879,3,9
8880,3,9
8881,6,9
8882,3,5
8883,2,9
8884,3,5
8885,0,2
8886,2,8
8887,4,4
8888,3,5
8889,8,9
8890,4,8
8891,1,6
8892,8,5
8893,3,9
8894,0,2
8895,1,1
8896,0,7
8897,0,2
8898,6,9
8899,9,4
8900,5,9
8901,0,2
8902,9,3
8903,1,6
8904,1,1
8905,2,1
8906,4,8
8907,3,5
8908,6,7
8909,5,5
8910,7,4
8911,6,7
8912,0,2
8913,7,3
8914,4,3
8915,8,9
8916,1,0
8917,0,2
8918,8,8
8919,1,6
8920,8,3
8921,2,1
8922,2,5
8923,3,5
8924,2,7
8925,4,4
8926,0,7
8927,5,5
8928,8,9
8929,6,7
8930,4,3
8931,7,3
8932,0,2
8933,8,9
8934,1,9
8935,0,2
8936,3,5
8937,1,6
8938,5,9
8939,2,1
8940,6,7
8941,3,5
8942,6,1
8943,4,4
8944,4,8
8945,5,5
8946,3,5
8947,6,7
8948,3,5
8949,7,3
8950,4,8
8951,8,9
8952,2,1
8953,9,3
8954,7,2
8955,8,9
8956,4,8
8957,3,5
8958,3,5
8959,7,4
8960,2,1
8961,0,2
8962,4,8
8963,1,6
8964,4,8
8965,7,4
8966,2,3
8967,3,5
8968,9,8
8969,0,2
8970,1,6
8971,9,3
8972,2,1
8973,4,3
8974,6,9
8975,5,9
8976,3,5
8977,2,1
8978,2,2
8979,0,2
8980,7,3
8981,6,7
8982,0,2
8983,2,1
8984,1,0
8985,1,0
8986,5,5
8987,1,0
8988,5,5
8989,1,0
8990,7,8
8991,7,3
8992,1,0
8993,2,1
8994,6,7
8995,4,4
8996,4,8
8997,2,1
8998,9,8
8999,9,3
9000,6,1
9001,7,4
9002,9,4
9003,0,2
9004,3,5
9005,0,2
9006,3,5
9007,7,4
9008,8,1
9009,5,9
9010,6,7
9011,1,6
9012,1,0
9013,1,6
9014,8,5
9015,6,7
9016,6,1
9017,1,6
9018,0,2
9019,8,9
9020,8,5
9021,2,1
9022,7,3
9023,7,3
9024,6,7
9025,4,3
9026,4,8
9027,0,2
9028,5,5
9029,4,4
9030,4,3
9031,2,1
9032,0,5
9033,5,5
9034,0,2
9035,0,2
9036,2,1
9037,3,5
9038,0,2
9039,1,0
9040,4,8
9041,9,4
9042,6,7
9043,1,6
9044,5,9
9045,1,0
9046,4,8
9047,0,2
9048,0,2
9049,6,7
9050,8,9
9051,9,3
9052,7,4
9053,3,5
9054,2,1
9055,0,2
9056,0,2
9057,8,9
9058,6,8
9059,3,5
9060,7,3
9061,9,3
9062,5,5
9063,6,7
9064,5,5
9065,3,5
9066,9,8
9067,0,2
9068,6,7
9069,1,0
9070,9,3
9071,4,8
9072,1,6
9073,5,5
9074,3,5
9075,6,7
9076,8,5
9077,7,3
9078,3,5
9079,8,9
9080,3,5
9081,9,3
9082,7,4
9083,0,2
9084,5,5
9085,1,0
9086,7,3
9087,2,1
9088,8,9
9089,3,5
9090,6,1
9091,4,3
9092,2,1
9093,5,5
9094,6,7
9095,6,7
9096,5,5
9097,7,3
9098,2,5
9099,8,9
9100,4,8
9101,0,2
9102,7,4
9103,1,6
9104,2,0
9105,2,1
9106,1,6
9107,3,5
9108,4,4
9109,4,3
9110,1,0
9111,5,3
9112,8,9
9113,6,7
9114,9,3
9115,7,3
9116,4,8
9117,8,9
9118,9,8
9119,9,3
9120,6,7
9121,1,0
9122,9,3
9123,6,7
9124,5,5
9125,8,9
9126,6,7
9127,9,3
9128,9,8
9129,9,8
9130,1,0
9131,0,2
9132,9,3
9133,1,0
9134,8,9
9135,2,1
9136,1,0
9137,4,3
9138,5,8
9139,4,4
9140,3,5
9141,3,3
9142,0,2
9143,7,3
9144,6,7
9145,4,3
9146,3,5
9147,4,7
9148,4,8
9149,4,4
9150,9,8
9151,0,2
9152,8,5
9153,3,9
9154,8,9
9155,8,9
9156,6,7
9157,7,3
9158,0,1
9159,5,9
9160,5,9
9161,1,0
9162,7,4
9163,5,9
9164,8,0
9165,8,9
9166,0,2
9167,9,8
9168,3,5
9169,2,1
9170,5,5
9171,5,9
9172,4,8
9173,1,0
9174,6,7
9175,1,0
9176,9,8
9177,6,7
9178,8,5
9179,2,1
9180,3,9
9181,1,0
9182,3,5
9183,3,5
9184,3,5
9185,8,9
9186,2,1
9187,6,7
9188,7,6
9189,4,3
9190,4,3
9191,9,8
9192,3,5
9193,2,1
9194,0,2
9195,0,2
9196,0,2
9197,0,2
9198,7,3
9199,1,0
9200,7,3
9201,6,7
9202,6,8
9203,2,1
9204,0,2
9205,5,9
9206,6,7
9207,5,5
9208,8,5
9209,0,2
9210,6,7
9211,2,7
9212,2,1
9213,8,9
9214,7,3
9215,0,2
9216,4,0
9217,6,7
9218,2,1
9219,8,5
9220,8,4
9221,1,0
9222,0,5
9223,7,3
9224,7,4
9225,9,3
9226,3,5
9227,1,0
9228,5,9
9229,9,8
9230,3,9
9231,2,1
9232,5,9
9233,6,7
9234,8,9
9235,7,0
9236,5,9
9237,6,7
9238,9,3
9239,6,7
9240,1,0
9241,8,6
9242,2,8
9243,7,4
9244,6,7
9245,4,3
9246,2,1
9247,9,3
9248,2,5
9249,2,9
9250,8,5
9251,1,0
9252,2,1
9253,3,5
9254,6,7
9255,3,3
9256,1,0
9257,0,2
9258,2,1
9259,5,9
9260,1,0
9261,5,9
9262,6,7
9263,7,3
9264,1,0
9265,9,3
9266,2,9
9267,7,3
9268,3,5
9269,0,9
9270,7,3
9271,2,1
9272,3,5
9273,7,3
9274,7,3
9275,9,8
9276,7,4
9277,1,0
9278,3,5
9279,3,3
9280,6,7
9281,6,7
9282,4,8
9283,7,3
9284,2,1
9285,8,9
9286,7,3
9287,0,9
9288,1,0
9289,3,5
9290,9,7
9291,5,3
9292,1,0
9293,3,5
9294,3,3
9295,6,7
9296,0,2
9297,0,2
9298,1,6
9299,1,6
9300,3,5
9301,2,1
9302,3,9
9303,3,5
9304,9,8
9305,6,2
9306,9,8
9307,7,3
9308,9,8
9309,8,9
9310,0,2
9311,9,3
9312,1,6
9313,0,2
9314,8,9
9315,1,6
9316,6,7
9317,2,1
9318,2,5
9319,3,5
9320,5,9
9321,4,8
9322,0,2
9323,5,9
9324,3,9
9325,6,7
9326,5,5
9327,7,3
9328,5,9
9329,0,2
9330,5,9
9331,1,6
9332,1,6
9333,2,1
9334,8,9
9335,3,5
9336,5,5
9337,4,8
9338,6,7
9339,5,9
9340,5,2
9341,6,7
9342,0,2
9343,7,4
9344,5,5
9345,8,9
9346,9,8
9347,9,4
9348,4,1
9349,8,9
9350,1,0
9351,7,3
9352,5,5
9353,4,3
9354,1,0
9355,3,5
9356,7,3
9357,9,8
9358,8,9
9359,8,5
9360,2,1
9361,8,9
9362,4,4
9363,3,5
9364,8,5
9365,1,6
9366,5,5
9367,5,9
9368,5,8
9369,8,9
9370,4,7
9371,2,1
9372,9,3
9373,7,3
9374,2,1
9375,4,8
9376,5,9
9377,2,1
9378,1,5
9379,6,7
9380,3,7
9381,5,9
9382,7,4
9383,2,1
9384,5,9
9385,4,8
9386,3,5
9387,5,9
9388,4,3
9389,6,7
9390,9,2
9391,4,4
9392,4,8
9393,1,6
9394,9,8
9395,7,4
9396,2,9
9397,5,9
9398,2,5
9399,1,6
9400,3,5
9401,3,5
9402,0,2
9403,3,5
9404,1,6
9405,6,7
9406,0,2
9407,9,4
9408,8,5
9409,6,7
9410,4,8
9411,3,5
9412,3,5
9413,3,5
9414,5,5
9415,1,0
9416,7,8
9417,6,7
9418,3,5
9419,5,9
9420,3,5
9421,6,7
9422,0,2
9423,1,0
9424,3,5
9425,9,3
9426,7,8
9427,3,5
9428,9,5
9429,7,4
9430,1,0
9431,4,4
9432,7,3
9433,7,8
9434,7,3
9435,0,2
9436,4,8
9437,9,3
9438,6,7
9439,0,2
9440,0,2
9441,0,2
9442,4,4
9443,3,9
9444,7,4
9445,7,4
9446,6,7
9447,9,4
9448,9,5
9449,2,8
9450,5,5
9451,0,2
9452,0,2
9453,1,6
9454,7,3
9455,0,7
9456,0,2
9457,1,6
9458,0,2
9459,0,2
9460,6,7
9461,4,4
9462,5,5
9463,0,9
9464,5,9
9465,4,3
9466,3,5
9467,7,4
9468,6,1
9469,9,4
9470,7,3
9471,2,1
9472,2,7
9473,0,2
9474,1,0
9475,6,7
9476,0,2
9477,2,1
9478,0,2
9479,2,1
9480,1,0
9481,9,4
9482,3,5
9483,9,4
9484,2,1
9485,0,2
9486,6,7
9487,1,0
9488,2,1
9489,2,1
9490,8,5
9491,3,5
9492,1,0
9493,4,8
9494,7,8
9495,5,9
9496,4,8
9497,6,7
9498,7,3
9499,7,8
9500,6,7
9501,8,9
9502,7,8
9503,9,8
9504,9,4
9505,0,2
9506,0,2
9507,1,0
9508,2,1
9509,2,1
9510,7,4
9511,3,5
9512,6,7
9513,4,8
9514,5,5
9515,5,9
9516,3,5
9517,6,1
9518,2,5
9519,7,3
9520,3,5
9521,8,9
9522,7,3
9523,0,2
9524,0,2
9525,1,0
9526,6,9
9527,2,1
9528,8,5
9529,3,5
9530,0,2
9531,5,9
9532,9,8
9533,6,1
9534,6,0
9535,7,8
9536,4,8
9537,8,9
9538,7,4
9539,5,9
9540,1,0
9541,4,3
9542,2,5
9543,8,9
9544,0,2
9545,7,3
9546,2,1
9547,4,3
9548,7,3
9549,7,8
9550,1,0
9551,7,3
9552,0,2
9553,3,5
9554,8,9
9555,9,8
9556,6,7
9557,8,9
9558,4,7
9559,8,9
9560,7,3
9561,3,5
9562,1,0
9563,1,0
9564,8,5
9565,5,9
9566,4,8
9567,8,9
9568,5,9
9569,2,1
9570,1,0
9571,7,3
9572,2,1
9573,4,8
9574,6,1
9575,2,1
9576,6,7
9577,6,7
9578,5,9
9579,1,0
9580,6,7
9581,5,9
9582,7,3
9583,2,1
9584,1,0
9585,4,8
9586,4,8
9587,5,5
9588,7,0
9589,5,9
9590,1,0
9591,8,4
9592,3,5
9593,6,7
9594,8,9
9595,4,8
9596,6,7
9597,4,8
9598,7,3
9599,1,0
9600,2,1
9601,8,9
9602,3,3
9603,7,8
9604,2,1
9605,5,9
9606,7,4
9607,5,9
9608,8,1
9609,1,0
9610,3,5
9611,8,9
9612,3,5
9613,9,8
9614,9,8
9615,1,0
9616,1,0
9617,3,5
9618,1,0
9619,6,7
9620,3,5
9621,3,5
9622,1,6
9623,3,5
9624,3,5
9625,2,1
9626,4,8
9627,2,1
9628,1,0
9629,6,7
9630,9,3
9631,9,8
9632,4,8
9633,9,8
9634,4,8
9635,6,7
9636,3,5
9637,3,5
9638,3,5
9639,3,5
9640,8,9
9641,8,6
9642,9,8
9643,1,0
9644,7,4
9645,6,7
9646,5,9
9647,5,9
9648,3,5
9649,6,7
9650,8,5
9651,8,9
9652,5,5
9653,1,0
9654,9,8
9655,9,8
9656,7,3
9657,7,8
9658,2,1
9659,6,7
9660,7,8
9661,8,4
9662,6,7
9663,3,5
9664,3,7
9665,7,8
9666,0,2
9667,4,8
9668,2,1
9669,7,8
9670,3,5
9671,0,2
9672,2,1
9673,9,8
9674,1,6
9675,0,7
9676,7,4
9677,0,7
9678,1,0
9679,3,5
9680,3,5
9681,7,8
9682,2,1
9683,9,8
9684,5,9
9685,3,5
9686,8,5
9687,0,2
9688,0,2
9689,2,1
9690,5,5
9691,0,5
9692,6,7
9693,1,0
9694,8,5
9695,0,2
9696,3,5
9697,1,0
9698,0,2
9699,0,2
9700,6,7
9701,4,8
9702,6,7
9703,0,2
9704,4,8
9705,1,0
9706,3,5
9707,0,2
9708,9,3
9709,4,8
9710,0,2
9711,7,3
9712,2,1
9713,9,8
9714,4,8
9715,2,1
9716,7,3
9717,0,2
9718,4,8
9719,6,7
9720,0,2
9721,2,1
9722,2,1
9723,6,7
9724,7,4
9725,2,1
9726,8,5
9727,2,2
9728,9,3
9729,9,8
9730,3,5
9731,9,5
9732,8,5
9733,0,2
9734,1,0
9735,1,6
9736,2,5
9737,2,1
9738,5,8
9739,3,5
9740,7,8
9741,4,4
9742,0,2
9743,5,9
9744,0,2
9745,6,7
9746,4,3
9747,7,4
9748,2,1
9749,8,5
9750,0,2
9751,9,4
9752,9,8
9753,0,2
9754,9,3
9755,1,6
9756,2,5
9757,2,1
9758,9,3
9759,3,5
9760,6,8
9761,4,4
9762,8,9
9763,5,9
9764,8,9
9765,6,7
9766,3,5
9767,7,4
9768,7,3
9769,8,8
9770,5,9
9771,9,3
9772,2,1
9773,0,2
9774,7,0
9775,1,6
9776,2,1
9777,2,1
9778,3,5
9779,3,5
9780,2,1
9781,4,4
9782,8,9
9783,5,9
9784,9,3
9785,6,7
9786,3,5
9787,7,4
9788,7,1
9789,8,9
9790,0,5
9791,9,4
9792,8,9
9793,7,4
9794,8,5
9795,4,4
9796,1,6
9797,3,5
9798,6,7
9799,8,5
9800,5,5
9801,5,9
9802,6,7
9803,1,6
9804,1,5
9805,8,9
9806,0,2
9807,5,9
9808,6,7
9809,2,1
9810,9,8
9811,8,9
9812,3,5
9813,6,7
9814,5,7
9815,1,6
9816,6,9
9817,9,4
9818,6,1
9819,2,1
9820,0,2
9821,4,4
9822,0,2
9823,0,2
9824,5,9
9825,9,4
9826,2,1
9827,9,3
9828,6,7
9829,3,5
9830,2,1
9831,7,4
9832,8,9
9833,7,4
9834,0,2
9835,9,4
9836,2,1
9837,1,6
9838,9,3
9839,8,9
9840,0,2
9841,2,1
9842,1,0
9843,7,4
9844,8,9
9845,5,9
9846,9,8
9847,8,9
9848,3,5
9849,5,9
9850,2,1
9851,3,9
9852,8,9
9853,2,1
9854,7,4
9855,2,1
9856,1,0
9857,0,2
9858,5,5
9859,5,9
9860,6,8
9861,8,9
9862,2,1
9863,6,7
9864,3,5
9865,0,2
9866,8,5
9867,4,6
9868,3,5
9869,0,2
9870,9,3
9871,3,5
9872,6,7
9873,8,9
9874,0,2
9875,1,6
9876,9,1
9877,0,2
9878,7,3
9879,3,5
9880,4,8
9881,0,2
9882,7,4
9883,4,4
9884,1,0
9885,7,4
9886,7,3
9887,4,4
9888,7,3
9889,9,4
9890,0,2
9891,2,1
9892,6,8
9893,9,3
9894,2,1
9895,1,6
9896,9,8
9897,2,1
9898,5,5
9899,5,9
9900,8,5
9901,7,4
9902,1,0
9903,1,6
9904,3,5
9905,7,3
9906,1,0
9907,1,6
9908,7,4
9909,6,7
9910,1,0
9911,7,4
9912,2,1
9913,3,9
9914,0,2
9915,3,5
9916,3,5
9917,6,7
9918,8,9
9919,5,9
9920,4,3
9921,6,7
9922,0,2
9923,2,1
9924,8,0
9925,8,9
9926,6,7
9927,7,4
9928,6,7
9929,6,7
9930,1,0
9931,4,8
9932,3,5
9933,9,4
9934,0,2
9935,8,9
9936,8,5
9937,8,9
9938,9,3
9939,2,1
9940,4,4
9941,9,3
9942,1,0
9943,6,7
9944,8,5
9945,5,9
9946,6,7
9947,5,9
9948,8,1
9949,9,4
9950,9,8
9951,5,9
9952,8,5
9953,3,5
9954,7,4
9955,7,4
9956,8,5
9957,4,4
9958,5,5
9959,3,9
9960,1,0
9961,6,7
9962,2,5
9963,0,2
9964,2,1
9965,0,2
9966,0,2
9967,6,7
9968,9,8
9969,9,4
9970,8,9
9971,0,2
9972,2,1
9973,1,6
9974,3,5
9975,1,6
9976,4,4
9977,3,9
9978,0,9
9979,2,8
9980,4,8
9981,1,6
9982,8,5
9983,0,2
9984,4,8
9985,0,4
9986,0,2
9987,1,6
9988,7,3
9989,2,1
9990,7,4
9991,3,5
9992,7,3
9993,4,4
9994,0,2
9995,5,9
9996,8,5
9997,6,9
9998,9,3
9999,7,4
10000,3,5
10001,8,9
10002,7,3
10003,9,3
10004,9,8
10005,0,2
10006,1,0
10007,1,6
10008,5,5
10009,2,1
10010,0,2
10011,3,5
10012,8,5
10013,4,8
10014,7,3
10015,5,9
10016,2,1
10017,6,7
10018,4,3
10019,7,4
10020,1,0
10021,8,9
10022,0,2
10023,9,3
10024,2,1
10025,0,9
10026,0,2
10027,1,6
10028,9,8
10029,2,1
10030,5,5
10031,3,5
10032,6,1
10033,4,3
10034,3,5
10035,5,9
10036,6,7
10037,6,7
10038,9,8
10039,7,4
10040,1,0
10041,8,9
10042,3,1
10043,9,4
10044,6,2
10045,0,2
10046,7,4
10047,9,3
10048,1,6
10049,5,9
10050,7,8
10051,5,9
10052,3,5
10053,6,7
10054,8,8
10055,9,4
10056,5,7
10057,8,9
10058,1,0
10059,9,4
10060,4,4
10061,8,9
10062,5,5
10063,7,4
10064,8,8
10065,5,9
10066,8,5
10067,1,6
10068,1,0
10069,0,9
10070,9,8
10071,0,2
10072,2,1
10073,2,1
10074,3,5
10075,2,1
10076,6,7
10077,7,4
10078,2,1
10079,8,9
10080,0,2
10081,2,1
10082,2,1
10083,0,2
10084,2,1
10085,1,6
10086,7,8
10087,2,1
10088,9,3
10089,6,6
10090,2,1
10091,3,5
10092,5,5
10093,3,5
10094,9,8
10095,7,4
10096,7,4
10097,3,9
10098,1,0
10099,3,9
10100,2,1
10101,6,7
10102,9,8
10103,4,6
10104,4,8
10105,9,3
10106,2,1
10107,0,7
10108,6,9
10109,9,4
10110,1,0
10111,5,9
10112,9,8
10113,2,1
10114,4,3
10115,8,9
10116,3,3
10117,2,1
10118,1,0
10119,0,2
10120,0,2
10121,0,2
10122,2,1
10123,1,6
10124,8,9
10125,3,9
10126,8,9
10127,2,1
10128,0,2
10129,1,6
10130,2,1
10131,7,4
10132,9,3
10133,4,4
10134,1,6
10135,6,7
10136,1,0
10137,3,9
10138,2,1
10139,1,6
10140,0,2
10141,3,5
10142,9,3
10143,9,4
10144,3,5
10145,1,6
10146,5,9
10147,7,4
10148,7,4
10149,6,7
10150,4,3
10151,8,9
10152,1,0
10153,4,4
10154,7,3
10155,3,9
10156,1,6
10157,1,6
10158,2,1
10159,4,4
10160,7,4
10161,3,9
10162,5,5
10163,6,7
10164,6,7
10165,9,4
10166,9,3
10167,0,2
10168,0,2
10169,1,6
10170,7,3
10171,7,4
10172,4,6
10173,5,9
10174,6,7
10175,4,4
10176,0,2
10177,4,4
10178,7,3
10179,7,4
10180,1,0
10181,7,4
10182,5,5
10183,9,3
10184,9,8
10185,5,9
10186,9,8
10187,8,6
10188,0,2
10189,8,9
10190,6,7
10191,4,4
10192,5,5
10193,9,4
10194,2,1
10195,0,9
10196,4,8
10197,8,9
10198,9,3
10199,9,4
10200,2,1
10201,8,9
10202,7,2
10203,0,2
10204,0,2
10205,1,9
10206,3,5
10207,2,1
10208,9,3
10209,4,4
10210,3,8
10211,5,9
10212,4,8
10213,6,7
10214,3,9
10215,7,3
10216,4,7
10217,8,5
10218,6,1
10219,9,3
10220,1,0
10221,0,2
10222,8,3
10223,1,6
10224,6,7
10225,4,4
10226,5,5
10227,5,9
10228,2,1
10229,6,7
10230,0,2
10231,7,3
10232,9,3
10233,8,9
10234,6,7
10235,9,4
10236,4,8
10237,0,2
10238,3,5
10239,1,6
10240,0,7
10241,4,4
10242,0,5
10243,7,4
10244,5,5
10245,0,2
10246,6,7
10247,9,3
10248,1,0
10249,9,3
10250,8,5
10251,7,4
10252,4,3
10253,7,3
10254,0,2
10255,5,9
10256,2,9
10257,1,6
10258,5,5
10259,0,2
10260,3,5
10261,0,9
10262,4,8
10263,7,3
10264,2,1
10265,0,8
10266,1,0
10267,1,6
10268,1,6
10269,4,4
10270,6,7
10271,6,7
10272,0,9
10273,6,9
10274,8,5
10275,6,9
10276,0,2
10277,5,9
10278,3,5
10279,2,1
10280,5,8
10281,8,3
10282,3,5
10283,0,2
10284,9,3
10285,1,6
10286,5,5
10287,7,3
10288,5,5
10289,6,7
10290,1,0
10291,2,7
10292,9,8
10293,1,6
10294,6,7
10295,7,4
10296,7,3
10297,7,4
10298,6,9
10299,6,7
10300,2,1
10301,1,6
10302,7,3
10303,4,8
10304,6,1
10305,9,3
10306,9,8
10307,6,7
10308,2,1
10309,7,4
10310,4,8
10311,4,3
10312,2,9
10313,4,3
10314,3,5
10315,7,4
10316,5,5
10317,2,1
10318,1,0
10319,8,4
10320,4,4
10321,2,7
10322,3,5
10323,0,2
10324,7,3
10325,1,6
10326,0,2
10327,2,1
10328,3,5
10329,3,5
10330,3,5
10331,4,3
10332,6,7
10333,5,5
10334,0,2
10335,6,7
10336,9,8
10337,7,4
10338,4,8
10339,8,5
10340,0,2
10341,9,3
10342,1,6
10343,0,2
10344,6,1
10345,1,6
10346,1,0
10347,2,1
10348,0,2
10349,3,5
10350,4,8
10351,4,3
10352,0,2
10353,5,9
10354,2,1
10355,6,7
10356,6,7
10357,7,4
10358,8,0
10359,8,5
10360,3,5
10361,9,3
10362,1,0
10363,0,2
10364,1,0
10365,1,6
10366,0,7
10367,2,1
10368,2,1
10369,3,5
10370,5,5
10371,4,8
10372,0,2
10373,5,9
10374,9,3
10375,6,7
10376,1,0
10377,7,4
10378,1,0
10379,8,9
10380,0,2
10381,9,4
10382,9,3
10383,6,7
10384,0,2
10385,5,5
10386,5,9
10387,9,4
10388,7,3
10389,3,5
10390,3,5
10391,4,4
10392,7,4
10393,3,5
10394,7,4
10395,8,9
10396,4,8
10397,5,5
10398,8,9
10399,1,6
10400,5,5
10401,5,2
10402,3,5
10403,2,1
10404,1,0
10405,3,5
10406,2,1
10407,0,2
10408,7,3
10409,1,6
10410,9,4
10411,2,1
10412,5,5
10413,1,6
10414,9,8
10415,3,5
10416,1,0
10417,2,1
10418,6,7
10419,6,7
10420,1,0
10421,5,2
10422,8,9
10423,3,5
10424,3,5
10425,0,2
10426,8,9
10427,7,4
10428,9,3
10429,2,1
10430,3,5
10431,7,4
10432,5,9
10433,4,4
10434,5,9
10435,6,7
10436,2,6
10437,4,9
10438,9,5
10439,0,2
10440,6,7
10441,5,2
10442,6,7
10443,9,8
10444,8,3
10445,9,3
10446,8,5
10447,8,5
10448,1,6
10449,9,3
10450,3,3
10451,5,5
10452,6,7
10453,3,5
10454,3,5
10455,1,6
10456,0,2
10457,7,4
10458,1,0
10459,4,3
10460,4,4
10461,7,4
10462,4,3
10463,6,7
10464,2,1
10465,5,2
10466,3,5
10467,4,4
10468,1,6
10469,0,2
10470,3,9
10471,0,2
10472,2,1
10473,6,7
10474,7,4
10475,6,7
10476,2,1
10477,2,1
10478,9,3
10479,0,2
10480,9,8
10481,6,9
10482,8,5
10483,3,5
10484,6,7
10485,7,4
10486,8,9
10487,7,4
10488,0,2
10489,4,3
10490,8,5
10491,4,8
10492,5,5
10493,3,5
10494,4,8
10495,9,3
10496,7,4
10497,2,1
10498,5,9
10499,8,5
10500,1,6
10501,9,3
10502,2,1
10503,6,2
10504,4,3
10505,0,2
10506,5,9
10507,9,3
10508,1,0
10509,5,9
10510,7,4
10511,3,5
10512,6,7
10513,8,5
10514,2,5
10515,8,8
10516,9,3
10517,7,4
10518,3,5
10519,1,6
10520,3,5
10521,4,3
10522,7,8
10523,0,2
10524,9,8
10525,4,3
10526,2,1
10527,3,5
10528,2,1
10529,9,3
10530,0,2
10531,0,2
10532,6,7
10533,7,4
10534,6,7
10535,2,1
10536,5,9
10537,1,6
10538,5,9
10539,9,8
10540,6,7
10541,1,6
10542,0,9
10543,5,9
10544,7,8
10545,1,6
10546,5,9
10547,7,4
10548,7,3
10549,4,3
10550,6,7
10551,8,5
10552,6,7
10553,6,9
10554,2,1
10555,1,6
10556,1,0
10557,6,7
10558,4,3
10559,8,9
10560,4,3
10561,8,9
10562,1,6
10563,0,2
10564,0,7
10565,1,6
10566,5,5
10567,2,1
10568,1,6
10569,3,5
10570,2,1
10571,4,4
10572,8,5
10573,7,4
10574,2,1
10575,8,9
10576,9,8
10577,9,3
10578,5,5
10579,0,2
10580,1,6
10581,1,6
10582,2,1
10583,2,1
10584,8,9
10585,3,5
10586,5,5
10587,4,4
10588,9,8
10589,5,9
10590,7,2
10591,6,7
10592,8,5
10593,7,4
10594,4,8
10595,8,4
10596,8,5
10597,9,4
10598,5,5
10599,0,2
10600,6,7
10601,1,6
10602,1,0
10603,2,1
10604,0,2
10605,3,5
10606,3,5
10607,4,4
10608,3,5
10609,7,4
10610,5,5
10611,8,9
10612,4,3
10613,9,3
10614,9,8
10615,1,6
10616,2,5
10617,6,7
10618,4,8
10619,8,9
10620,2,1
10621,9,4
10622,5,5
10623,9,3
10624,1,0
10625,0,2
10626,4,8
10627,1,6
10628,8,5
10629,2,1
10630,6,7
10631,4,9
10632,8,8
10633,4,4
10634,4,8
10635,3,5
10636,4,8
10637,7,4
10638,1,0
10639,4,4
10640,7,3
10641,4,4
10642,4,8
10643,4,8
10644,3,5
10645,0,2
10646,9,3
10647,3,5
10648,7,4
10649,8,9
10650,6,7
10651,7,4
10652,5,5
10653,5,9
10654,6,9
10655,8,4
10656,5,5
10657,2,1
10658,9,3
10659,1,6
10660,9,3
10661,5,9
10662,1,0
10663,8,5
10664,0,2
10665,5,9
10666,3,5
10667,1,6
10668,3,5
10669,1,6
10670,4,8
10671,6,7
10672,6,7
10673,2,1
10674,3,5
10675,1,6
10676,3,5
10677,3,5
10678,3,3
10679,4,4
10680,2,1
10681,9,4
10682,7,3
10683,4,4
10684,1,0
10685,9,3
10686,1,0
10687,2,1
10688,2,1
10689,0,2
10690,4,8
10691,0,2
10692,1,6
10693,4,4
10694,8,9
10695,4,4
10696,3,5
10697,6,7
10698,6,7
10699,2,1
10700,0,2
10701,5,9
10702,7,4
10703,5,9
10704,4,8
10705,0,2
10706,9,8
10707,2,8
10708,7,8
10709,6,7
10710,8,3
10711,8,9
10712,1,0
10713,1,6
10714,2,1
10715,7,4
10716,7,0
10717,9,3
10718,7,3
10719,1,6
10720,8,5
10721,9,4
10722,9,8
10723,2,1
10724,4,8
10725,6,7
10726,8,5
10727,7,4
10728,3,5
10729,6,7
10730,3,5
10731,6,7
10732,0,2
10733,8,3
10734,3,5
10735,7,4
10736,4,2
10737,4,4
10738,8,8
10739,2,1
10740,5,9
10741,1,6
10742,5,5
10743,3,5
10744,7,3
10745,3,9
10746,9,4
10747,0,2
10748,6,7
10749,5,9
10750,0,2
10751,5,9
10752,9,3
10753,8,4
10754,6,9
10755,0,2
10756,3,7
10757,3,5
10758,4,3
10759,7,4
10760,3,5
10761,9,4
10762,3,5
10763,7,4
10764,5,5
10765,3,5
10766,2,1
10767,6,7
10768,4,8
10769,7,4
10770,5,9
10771,8,9
10772,9,3
10773,0,2
10774,6,9
10775,3,5
10776,2,1
10777,5,9
10778,4,8
10779,3,5
10780,9,3
10781,0,2
10782,5,9
10783,1,0
10784,9,3
10785,2,1
10786,6,7
10787,3,5
10788,7,3
10789,4,4
10790,6,7
10791,5,9
10792,6,7
10793,6,7
10794,9,8
10795,7,4
10796,3,5
10797,8,9
10798,5,5
10799,9,3
10800,8,5
10801,0,2
10802,2,1
10803,1,6
10804,5,8
10805,2,1
10806,0,2
10807,3,5
10808,9,8
10809,4,3
10810,9,8
10811,5,9
10812,4,8
10813,6,7
10814,5,5
10815,7,4
10816,6,7
10817,8,9
10818,8,9
10819,9,3
10820,9,8
10821,0,2
10822,5,5
10823,1,6
10824,2,1
10825,2,1
10826,3,5
10827,3,5
10828,7,4
10829,4,3
10830,3,5
10831,5,9
10832,4,8
10833,6,7
10834,1,0
10835,7,4
10836,6,7
10837,8,9
10838,1,0
10839,9,4
10840,0,2
10841,7,3
10842,1,0
10843,6,7
10844,0,2
10845,4,3
10846,2,5
10847,3,9
10848,9,3
10849,0,2
10850,4,7
10851,6,7
10852,1,1
10853,6,7
10854,4,8
10855,6,9
10856,8,5
10857,9,3
10858,4,8
10859,0,2
10860,9,8
10861,0,2
10862,8,9
10863,1,6
10864,7,3
10865,3,9
10866,8,5
10867,9,3
10868,1,0
10869,4,8
10870,4,8
10871,5,9
10872,3,5
10873,7,3
10874,0,2
10875,9,4
10876,3,9
10877,5,9
10878,1,6
10879,6,7
10880,3,9
10881,8,9
10882,3,5
10883,9,3
10884,5,9
10885,1,0
10886,1,0
10887,3,5
10888,4,8
10889,8,9
10890,7,3
10891,5,9
10892,1,0
10893,7,4
10894,5,9
10895,8,9
10896,3,5
10897,1,6
10898,2,1
10899,4,3
10900,3,5
10901,8,9
10902,3,5
10903,5,9
10904,5,9
10905,8,9
10906,9,3
10907,1,6
10908,4,3
10909,0,9
10910,6,7
10911,7,4
10912,4,3
10913,6,7
10914,0,2
10915,1,6
10916,0,2
10917,6,7
10918,4,8
10919,0,2
10920,2,1
10921,3,5
10922,1,0
10923,4,4
10924,0,2
10925,6,6
10926,1,0
10927,8,9
10928,4,3
10929,9,3
10930,6,7
10931,2,1
10932,7,0
10933,1,6
10934,9,3
10935,7,4
10936,8,8
10937,4,4
10938,0,7
10939,5,9
10940,7,6
10941,2,1
10942,4,8
10943,5,9
10944,9,3
10945,2,1
10946,7,3
10947,1,6
10948,8,9
10949,2,1
10950,6,7
10951,9,3
10952,4,4
10953,3,5
10954,5,5
10955,9,4
10956,6,2
10957,2,1
10958,5,5
10959,2,1
10960,4,8
10961,5,9
10962,2,1
10963,8,9
10964,4,3
10965,7,4
10966,3,5
10967,4,4
10968,6,7
10969,7,4
10970,9,3
10971,1,6
10972,2,1
10973,8,9
10974,0,2
10975,0,9
10976,6,7
10977,9,4
10978,2,1
10979,6,9
10980,6,7
10981,8,9
10982,1,7
10983,1,6
10984,3,5
10985,1,6
10986,7,4
10987,5,9
10988,2,1
10989,7,4
10990,4,3
10991,6,7
10992,0,7
10993,3,5
10994,3,5
10995,5,9
10996,6,7
10997,4,4
10998,3,5
10999,2,1
11000,6,7
11001,9,3
11002,3,0
11003,0,2
11004,1,0
11005,4,4
11006,2,1
11007,7,4
11008,4,8
11009,4,4
11010,3,5
11011,3,9
11012,3,5
11013,2,1
11014,0,2
11015,9,3
11016,4,4
11017,2,1
11018,2,1
11019,0,2
11020,7,8
11021,3,5
11022,0,9
11023,4,4
11024,4,4
11025,5,9
11026,0,2
11027,0,2
11028,8,5
11029,0,2
11030,2,5
11031,3,5
11032,2,1
11033,2,1
11034,3,5
11035,8,9
11036,0,2
11037,3,5
11038,6,1
11039,3,5
11040,4,3
11041,0,2
11042,3,5
11043,1,6
11044,4,8
11045,0,2
11046,4,8
11047,1,6
11048,6,7
11049,7,4
11050,1,6
11051,1,6
11052,0,2
11053,3,9
11054,7,3
11055,5,9
11056,7,4
11057,1,6
11058,1,0
11059,7,4
11060,0,2
11061,1,6
11062,6,7
11063,8,9
11064,5,4
11065,6,7
11066,2,1
11067,8,9
11068,9,8
11069,1,6
11070,8,9
11071,0,2
11072,0,2
11073,4,4
11074,9,5
11075,3,2
11076,7,4
11077,0,2
11078,9,3
11079,1,6
11080,7,3
11081,2,1
11082,1,0
11083,3,5
11084,2,5
11085,7,4
11086,2,1
11087,8,9
11088,7,3
11089,9,3
11090,9,3
11091,0,2
11092,7,3
11093,1,6
11094,5,5
11095,2,1
11096,9,8
11097,3,5
11098,6,7
11099,7,3
11100,6,7
11101,8,5
11102,9,3
11103,9,4
11104,3,1
11105,0,2
11106,2,1
11107,1,6
11108,8,5
11109,2,1
11110,2,1
11111,3,5
11112,1,0
11113,4,4
11114,3,5
11115,5,9
11116,0,9
11117,6,7
11118,5,5
11119,7,4
11120,8,9
11121,8,5
11122,7,3
11123,9,4
11124,4,8
11125,7,3
11126,4,4
11127,4,4
11128,6,7
11129,0,2
11130,7,3
11131,4,4
11132,6,7
11133,0,2
11134,1,0
11135,1,6
11136,5,5
11137,7,3
11138,3,5
11139,9,4
11140,6,7
11141,5,9
11142,8,9
11143,1,6
11144,4,8
11145,4,3
11146,8,9
11147,2,1
11148,4,4
11149,8,9
11150,9,8
11151,9,4
11152,1,0
11153,4,4
11154,5,5
11155,3,5
11156,1,6
11157,1,6
11158,6,7
11159,7,4
11160,8,5
11161,8,9
11162,0,9
11163,2,1
11164,7,8
11165,4,4
11166,7,3
11167,4,4
11168,7,3
11169,3,5
11170,7,3
11171,3,5
11172,0,2
11173,6,7
11174,6,7
11175,9,4
11176,8,9
11177,9,4
11178,1,0
11179,5,9
11180,7,4
11181,8,9
11182,5,5
11183,6,7
11184,4,3
11185,7,3
11186,9,8
11187,0,2
11188,7,4
11189,6,7
11190,9,3
11191,8,5
11192,9,3
11193,2,1
11194,9,8
11195,6,7
11196,9,8
11197,3,5
11198,5,9
11199,9,4
11200,1,0
11201,3,5
11202,9,5
11203,2,1
11204,7,3
11205,1,6
11206,9,4
11207,7,4
11208,9,5
11209,4,3
11210,8,3
11211,8,9
11212,9,8
11213,8,5
11214,1,0
11215,9,4
11216,3,5
11217,0,2
11218,6,7
11219,3,5
11220,7,3
11221,3,5
11222,0,2
11223,9,4
11224,9,3
11225,9,4
11226,6,8
11227,4,4
11228,1,0
11229,1,6
11230,2,1
11231,0,2
11232,3,5
11233,3,5
11234,3,7
11235,7,4
11236,1,0
11237,5,9
11238,5,9
11239,8,8
11240,0,2
11241,8,9
11242,2,0
11243,2,1
11244,3,5
11245,9,4
11246,9,4
11247,7,4
11248,1,0
11249,1,6
11250,2,1
11251,2,1
11252,9,3
11253,6,7
11254,7,4
11255,4,4
11256,4,3
11257,2,2
11258,8,5
11259,3,5
11260,5,9
11261,6,7
11262,1,6
11263,6,7
11264,4,8
11265,5,9
11266,7,4
11267,0,2
11268,1,0
11269,0,2
11270,5,5
11271,2,1
11272,1,0
11273,8,5
11274,7,3
11275,1,6
11276,9,3
11277,6,7
11278,1,0
11279,1,6
11280,9,8
11281,0,2
11282,6,7
11283,4,4
11284,3,5
11285,3,5
11286,2,1
11287,1,6
11288,8,9
11289,6,7
11290,7,3
11291,1,6
11292,1,0
11293,9,4
11294,7,3
11295,0,9
11296,3,5
11297,1,0
11298,2,1
11299,2,1
11300,9,8
11301,3,9
11302,8,5
11303,4,8
11304,0,2
11305,5,9
11306,2,5
11307,6,7
11308,1,0
11309,7,4
11310,5,5
11311,8,9
11312,1,0
11313,9,4
11314,4,8
11315,0,2
11316,6,7
11317,1,6
11318,0,2
11319,2,1
11320,0,2
11321,3,5
11322,8,9
11323,4,3
11324,5,3
11325,5,9
11326,1,0
11327,6,7
11328,7,0
11329,7,4
11330,0,2
11331,8,9
11332,7,3
11333,9,3
11334,7,3
11335,0,2
11336,6,1
11337,1,6
11338,5,5
11339,2,1
11340,0,9
11341,3,5
11342,1,0
11343,4,4
11344,2,5
11345,5,9
11346,2,1
11347,6,7
11348,6,7
11349,7,4
11350,7,3
11351,8,9
11352,1,6
11353,9,3
11354,0,2
11355,8,9
11356,5,5
11357,6,7
11358,1,0
11359,5,7
11360,1,0
11361,0,9
11362,1,6
11363,6,7
11364,2,5
11365,8,9
11366,9,0
11367,9,3
11368,9,8
11369,4,4
11370,7,3
11371,1,6
11372,7,3
11373,9,4
11374,8,5
11375,5,9
11376,9,8
11377,3,1
11378,4,3
11379,0,9
11380,2,1
11381,4,3
11382,8,9
11383,8,9
11384,2,1
11385,9,4
11386,6,1
11387,1,6
11388,9,8
11389,4,4
11390,6,7
11391,0,9
11392,3,5
11393,5,9
11394,2,1
11395,1,6
11396,5,9
11397,5,9
11398,8,5
11399,7,4
11400,7,3
11401,6,7
11402,5,9
11403,0,2
11404,1,0
11405,1,6
11406,8,5
11407,7,4
11408,4,8
11409,0,9
11410,5,5
11411,6,9
11412,1,0
11413,8,9
11414,4,4
11415,9,3
11416,9,3
11417,5,9
11418,1,0
11419,4,4
11420,2,1
11421,7,4
11422,0,2
11423,9,3
11424,4,8
11425,8,9
11426,7,3
11427,6,7
11428,0,2
11429,0,2
11430,7,3
11431,8,9
11432,1,0
11433,1,6
11434,4,8
11435,7,3
11436,2,1
11437,7,4
11438,2,0
11439,1,6
11440,1,0
11441,3,9
11442,9,8
11443,2,1
11444,8,9
11445,1,6
11446,2,1
11447,4,8
11448,6,7
11449,2,1
11450,8,5
11451,0,2
11452,9,8
11453,0,2
11454,3,5
11455,7,3
11456,5,2
11457,8,9
11458,2,1
11459,4,4
11460,4,8
11461,6,7
11462,0,2
11463,4,4
11464,9,0
11465,9,8
11466,6,7
11467,3,9
11468,4,7
11469,8,9
11470,5,3
11471,4,4
11472,5,5
11473,7,3
11474,9,8
11475,2,1
11476,3,5
11477,5,9
11478,8,9
11479,6,9
11480,3,9
11481,3,5
11482,8,9
11483,6,7
11484,5,9
11485,9,3
11486,5,9
11487,6,7
11488,7,8
11489,3,5
11490,6,7
11491,2,1
11492,5,5
11493,2,1
11494,4,8
11495,4,4
11496,4,4
11497,6,7
11498,7,3
11499,9,3
11500,5,5
11501,0,9
11502,1,0
11503,2,1
11504,1,0
11505,5,9
11506,8,9
11507,5,9
11508,1,6
11509,1,6
11510,7,3
11511,3,9
11512,4,3
11513,3,9
11514,0,2
11515,9,3
11516,7,8
11517,7,3
11518,1,0
11519,2,1
11520,3,5
11521,2,1
11522,1,6
11523,5,9
11524,3,9
11525,7,4
11526,0,2
11527,9,8
11528,7,4
11529,8,9
11530,6,7
11531,2,1
11532,0,2
11533,1,6
11534,7,4
11535,3,5
11536,9,7
11537,1,6
11538,9,8
11539,3,9
11540,7,3
11541,0,2
11542,5,5
11543,1,6
11544,3,5
11545,3,1
11546,8,9
11547,4,8
11548,7,3
11549,5,9
11550,9,4
11551,6,7
11552,2,1
11553,7,4
11554,3,0
11555,8,9
11556,3,5
11557,9,4
11558,1,0
11559,0,9
11560,2,1
11561,1,6
11562,0,2
11563,2,1
11564,7,4
11565,3,1
11566,7,3
11567,4,4
11568,8,5
11569,5,1
11570,3,3
11571,6,7
11572,5,5
11573,7,4
11574,0,2
11575,8,9
11576,2,6
11577,0,2
11578,4,1
11579,1,6
11580,9,8
11581,2,1
11582,9,8
11583,3,1
11584,0,2
11585,4,4
11586,8,2
11587,5,9
11588,0,2
11589,6,7
11590,5,5
11591,7,3
11592,6,9
11593,9,4
11594,7,8
11595,7,4
11596,5,5
11597,0,2
11598,4,6
11599,5,9
11600,2,7
11601,2,1
11602,8,9
11603,9,4
11604,1,0
11605,0,2
11606,1,0
11607,1,6
11608,1,6
11609,5,9
11610,6,7
11611,8,9
11612,0,2
11613,8,6
11614,8,9
11615,0,2
11616,7,8
11617,9,4
11618,3,5
11619,3,1
11620,0,2
11621,2,1
11622,1,0
11623,7,4
11624,4,8
11625,8,9
11626,9,8
11627,4,4
11628,9,8
11629,4,4
11630,1,0
11631,5,9
11632,2,0
11633,9,4
11634,1,0
11635,6,7
11636,0,9
11637,1,6
11638,5,9
11639,0,1
11640,7,8
11641,4,4
11642,7,3
11643,5,9
11644,5,9
11645,3,9
11646,4,8
11647,9,4
11648,2,9
11649,4,8
11650,7,8
11651,3,9
11652,4,8
11653,4,4
11654,0,2
11655,2,1
11656,5,9
11657,0,4
11658,4,3
11659,5,9
11660,7,8
11661,0,7
11662,8,9
11663,1,6
11664,7,3
11665,3,9
11666,1,0
11667,2,1
11668,9,8
11669,9,3
11670,4,8
11671,1,6
11672,8,5
11673,6,7
11674,5,5
11675,0,7
11676,1,0
11677,1,6
11678,6,7
11679,1,6
11680,6,7
11681,8,9
11682,9,3
11683,0,9
11684,6,7
11685,4,4
11686,7,3
11687,7,4
11688,9,8
11689,7,4
11690,4,8
11691,6,7
11692,4,8
11693,3,1
11694,0,2
11695,5,9
11696,5,8
11697,6,7
11698,9,3
11699,6,7
11700,2,1
11701,0,9
11702,1,3
11703,7,4
11704,8,5
11705,3,1
11706,5,5
11707,5,9
11708,3,5
11709,4,9
11710,3,5
11711,2,7
11712,0,9
11713,4,4
11714,3,5
11715,1,6
11716,7,3
11717,8,9
11718,2,1
11719,3,9
11720,8,5
11721,5,9
11722,8,9
11723,6,7
11724,8,0
11725,5,9
11726,8,5
11727,2,1
11728,1,6
11729,0,2
11730,6,7
11731,6,7
11732,9,3
11733,7,4
11734,8,8
11735,1,6
11736,7,4
11737,2,1
11738,2,1
11739,5,9
11740,4,3
11741,8,9
11742,0,2
11743,1,6
11744,4,8
11745,9,6
11746,0,2
11747,3,1
11748,2,1
11749,8,9
11750,8,5
11751,8,9
11752,3,5
11753,8,9
11754,0,2
11755,3,9
11756,3,5
11757,7,4
11758,0,2
11759,6,6
11760,1,0
11761,8,9
11762,9,8
11763,7,4
11764,4,8
11765,1,6
11766,7,3
11767,4,6
11768,7,6
11769,6,7
11770,4,3
11771,7,4
11772,2,1
11773,9,4
11774,2,8
11775,9,4
11776,5,9
11777,3,6
11778,7,3
11779,0,9
11780,0,2
11781,3,9
11782,5,5
11783,4,4
11784,6,1
11785,5,9
11786,7,4
11787,6,7
11788,3,5
11789,7,3
11790,5,3
11791,0,2
11792,0,5
11793,1,6
11794,0,2
11795,2,1
11796,8,9
11797,3,5
11798,7,8
11799,4,3
11800,6,7
11801,5,9
11802,5,9
11803,6,7
11804,3,5
11805,7,3
11806,5,9
11807,0,2
11808,8,5
11809,1,6
11810,7,3
11811,2,1
11812,2,1
11813,3,9
11814,9,8
11815,4,4
11816,9,3
11817,5,9
11818,4,8
11819,6,7
11820,9,8
11821,7,3
11822,7,8
11823,8,9
11824,4,8
11825,9,3
11826,2,1
11827,8,4
11828,6,7
11829,7,3
11830,9,8
11831,7,3
11832,6,7
11833,0,9
11834,0,2
11835,1,6
11836,8,5
11837,3,9
11838,7,3
11839,5,9
11840,9,3
11841,2,1
11842,5,3
11843,8,4
11844,2,5
11845,0,9
11846,0,2
11847,9,3
11848,0,2
11849,6,7
11850,5,5
11851,0,9
11852,4,8
11853,9,6
11854,7,4
11855,1,6
11856,2,1
11857,1,6
11858,8,9
11859,8,9
11860,0,2
11861,4,7
11862,9,3
11863,3,9
11864,5,5
11865,2,1
11866,6,7
11867,1,6
11868,1,0
11869,2,1
11870,6,2
11871,6,7
11872,8,9
11873,5,9
11874,3,5
11875,6,7
11876,5,8
11877,7,8
11878,6,7
11879,4,7
11880,8,9
11881,8,9
11882,5,9
11883,1,0
11884,9,8
11885,8,4
11886,4,8
11887,0,9
11888,0,2
11889,5,9
11890,8,9
11891,9,3
11892,6,7
11893,4,3
11894,7,3
11895,1,6
11896,2,1
11897,9,3
11898,7,8
11899,2,1
11900,9,3
11901,1,0
11902,0,2
11903,9,3
11904,8,9
11905,6,7
11906,9,8
11907,7,3
11908,8,9
11909,9,3
11910,3,5
11911,0,7
11912,9,8
11913,4,4
11914,0,2
11915,6,7
11916,4,8
11917,1,6
11918,9,3
11919,7,4
11920,0,2
11921,3,9
11922,5,5
11923,8,9
11924,9,3
11925,9,4
11926,9,8
11927,6,7
11928,5,5
11929,3,9
11930,4,8
11931,9,3
11932,6,7
11933,0,9
11934,9,3
11935,5,5
11936,5,9
11937,7,4
11938,9,3
11939,1,6
11940,8,5
11941,6,7
11942,8,5
11943,1,6
11944,7,4
11945,0,2
11946,7,8
11947,9,3
11948,0,2
11949,3,0
11950,8,5
11951,3,5
11952,6,7
11953,4,6
11954,1,6
11955,4,3
11956,4,8
11957,0,9
11958,3,5
11959,6,7
11960,3,5
11961,2,1
11962,4,8
11963,5,9
11964,6,1
11965,4,4
11966,5,2
11967,4,4
11968,1,0
11969,0,9
11970,9,8
11971,2,1
11972,6,7
11973,0,2
11974,0,2
11975,1,6
11976,6,7
11977,2,1
11978,3,9
11979,3,9
11980,5,5
11981,4,8
11982,1,0
11983,5,9
11984,8,4
11985,6,7
11986,4,4
11987,7,4
11988,4,3
11989,8,9
11990,9,8
11991,9,4
11992,9,4
11993,0,2
11994,7,3
11995,1,6
11996,6,7
11997,2,1
11998,8,9
11999,3,9
12000,7,4
12001,4,3
12002,6,7
12003,5,9
12004,0,2
12005,6,7
12006,9,8
12007,7,4
12008,0,2
12009,8,9
12010,8,5
12011,0,2
12012,3,3
12013,1,6
12014,8,5
12015,2,1
12016,5,9
12017,3,9
12018,7,3
12019,4,4
12020,0,2
12021,5,9
12022,3,5
12023,6,7
12024,3,5
12025,7,4
12026,8,5
12027,8,4
12028,4,8
12029,9,4
12030,1,0
12031,7,3
12032,8,5
12033,4,4
12034,4,3
12035,3,9
12036,4,8
12037,8,9
12038,1,0
12039,5,9
12040,1,0
12041,1,6
12042,1,0
12043,8,9
12044,3,5
12045,8,9
12046,5,5
12047,6,7
12048,7,3
12049,1,6
12050,9,3
12051,9,4
12052,4,8
12053,2,1
12054,8,9
12055,4,4
12056,1,0
12057,0,2
12058,4,3
12059,9,3
12060,1,0
12061,9,4
12062,7,3
12063,3,1
12064,4,8
12065,7,4
12066,8,5
12067,7,4
12068,6,7
12069,9,4
12070,4,3
12071,1,6
12072,1,0
12073,8,9
12074,9,8
12075,4,3
12076,9,3
12077,4,3
12078,1,5
12079,2,1
12080,3,5
12081,7,3
12082,5,9
12083,5,9
12084,8,9
12085,8,9
12086,3,5
12087,5,9
12088,6,7
12089,3,9
12090,6,7
12091,2,1
12092,5,9
12093,2,1
12094,3,5
12095,0,2
12096,9,8
12097,5,9
12098,4,4
12099,8,9
12100,3,9
12101,6,7
12102,4,8
12103,0,2
12104,6,7
12105,4,3
12106,1,6
12107,0,2
12108,3,5
12109,3,9
12110,5,9
12111,8,9
12112,8,5
12113,1,6
12114,6,7
12115,0,2
12116,7,3
12117,3,9
12118,8,9
12119,0,9
12120,9,3
12121,4,3
12122,4,3
12123,7,6
12124,3,5
12125,4,4
12126,7,4
12127,9,2
12128,1,0
12129,2,1
12130,8,5
12131,9,4
12132,1,0
12133,1,6
12134,0,2
12135,2,1
12136,1,0
12137,5,9
12138,7,4
12139,7,4
12140,0,2
12141,1,6
12142,0,2
12143,7,4
12144,0,2
12145,1,6
12146,5,5
12147,6,7
12148,3,5
12149,7,3
12150,0,2
12151,3,1
12152,3,5
12153,3,1
12154,1,0
12155,6,7
12156,2,1
12157,5,6
12158,1,6
12159,6,7
12160,9,3
12161,2,1
12162,9,4
12163,8,9
12164,8,9
12165,7,4
12166,1,0
12167,6,7
12168,0,2
12169,4,3
12170,6,7
12171,9,3
12172,9,3
12173,8,9
12174,8,9
12175,9,8
12176,7,3
12177,6,7
12178,1,0
12179,9,4
12180,0,2
12181,5,1
12182,8,5
12183,3,1
12184,0,2
12185,7,4
12186,3,5
12187,4,4
12188,7,8
12189,3,9
12190,8,9
12191,6,7
12192,4,8
12193,0,9
12194,4,8
12195,0,2
12196,2,8
12197,4,3
12198,8,5
12199,6,7
12200,9,8
12201,6,7
12202,9,8
12203,9,4
12204,2,1
12205,0,2
12206,7,0
12207,1,6
12208,7,3
12209,1,6
12210,5,5
12211,3,9
12212,1,0
12213,2,1
12214,3,9
12215,1,6
12216,6,7
12217,0,2
12218,3,5
12219,0,9
12220,6,8
12221,1,6
12222,3,5
12223,2,4
12224,4,8
12225,3,9
12226,1,0
12227,4,4
12228,3,5
12229,5,9
12230,1,6
12231,6,7
12232,5,3
12233,7,4
12234,2,1
12235,8,9
12236,1,6
12237,9,4
12238,2,5
12239,0,2
12240,9,3
12241,1,6
12242,8,8
12243,2,1
12244,3,5
12245,3,5
12246,3,5
12247,4,4
12248,9,3
12249,5,9
12250,8,5
12251,6,7
12252,7,3
12253,7,4
12254,2,7
12255,8,9
12256,4,8
12257,9,4
12258,6,1
12259,0,2
12260,3,5
12261,1,6
12262,6,7
12263,2,1
12264,0,2
12265,3,9
12266,0,2
12267,4,4
12268,8,9
12269,5,9
12270,6,7
12271,6,7
12272,9,8
12273,7,1
12274,3,5
12275,8,9
12276,0,5
12277,9,9
12278,7,8
12279,4,4
12280,9,4
12281,2,9
12282,8,5
12283,6,7
12284,5,9
12285,4,4
12286,2,1
12287,7,4
12288,8,5
12289,5,9
12290,6,2
12291,4,4
12292,7,8
12293,7,4
12294,9,3
12295,8,9
12296,7,3
12297,9,4
12298,8,5
12299,2,1
12300,3,5
12301,9,4
12302,2,0
12303,3,5
12304,7,8
12305,9,4
12306,4,3
12307,3,9
12308,8,5
12309,8,9
12310,1,0
12311,2,1
12312,3,5
12313,0,2
12314,1,0
12315,9,4
12316,4,8
12317,8,9
12318,1,0
12319,6,7
12320,9,8
12321,0,9
12322,4,8
12323,1,6
12324,0,9
12325,0,9
12326,3,5
12327,4,8
12328,4,3
12329,3,5
12330,3,5
12331,5,9
12332,4,8
12333,3,9
12334,3,5
12335,8,9
12336,1,0
12337,0,9
12338,3,5
12339,0,2
12340,6,7
12341,5,9
12342,9,8
12343,4,9
12344,3,5
12345,3,9
12346,3,5
12347,5,9
12348,7,3
12349,3,9
12350,3,5
12351,0,9
12352,2,1
12353,8,9
12354,6,7
12355,3,9
12356,1,0
12357,0,2
12358,5,5
12359,6,7
12360,0,2
12361,2,2
12362,1,6
12363,7,4
12364,7,3
12365,1,6
12366,2,1
12367,1,6
12368,9,8
12369,8,9
12370,2,5
12371,1,6
12372,2,3
12373,7,4
12374,0,2
12375,1,6
12376,5,5
12377,3,9
12378,8,5
12379,8,9
12380,9,3
12381,5,9
12382,1,0
12383,1,6
12384,4,8
12385,2,1
12386,5,5
12387,0,9
12388,1,6
12389,9,4
12390,7,4
12391,7,4
12392,3,0
12393,6,7
12394,1,0
12395,7,4
12396,4,8
12397,4,7
12398,4,8
12399,1,1
12400,8,9
12401,6,7
12402,6,7
12403,7,4
12404,2,5
12405,5,9
12406,9,8
12407,1,6
12408,7,8
12409,2,1
12410,6,7
12411,6,7
12412,1,0
12413,7,4
12414,0,2
12415,1,6
12416,3,5
12417,9,4
12418,4,8
12419,8,9
12420,7,3
12421,0,9
12422,2,5
12423,6,7
12424,2,1
12425,9,4
12426,2,8
12427,4,4
12428,7,3
12429,9,4
12430,3,5
12431,9,9
12432,9,4
12433,6,7
12434,1,0
12435,2,1
12436,1,0
12437,3,5
12438,4,8
12439,7,4
12440,9,8
12441,1,6
12442,9,3
12443,9,4
12444,8,5
12445,2,1
12446,3,5
12447,2,1
12448,6,7
12449,5,9
12450,6,9
12451,3,9
12452,6,7
12453,7,4
12454,7,8
12455,8,9
12456,0,9
12457,0,2
12458,4,8
12459,1,6
12460,4,8
12461,2,1
12462,6,7
12463,3,3
12464,7,6
12465,4,4
12466,8,5
12467,5,5
12468,6,8
12469,6,7
12470,5,5
12471,7,4
12472,4,8
12473,8,5
12474,2,1
12475,9,3
12476,5,5
12477,0,2
12478,7,8
12479,1,6
12480,6,7
12481,2,1
12482,8,5
12483,3,9
12484,5,3
12485,4,4
12486,1,0
12487,5,9
12488,5,5
12489,6,2
12490,3,5
12491,7,4
12492,7,8
12493,8,5
12494,8,5
12495,9,3
12496,9,3
12497,0,2
12498,3,9
12499,1,6
12500,0,2
12501,2,9
12502,5,3
12503,3,5
12504,0,2
12505,4,4
12506,3,5
12507,5,9
12508,1,0
12509,6,7
12510,1,0
12511,7,4
12512,1,0
12513,8,5
12514,2,2
12515,9,3
12516,0,2
12517,2,1
12518,6,7
12519,5,2
12520,6,7
12521,1,6
12522,8,9
12523,6,7
12524,7,3
12525,4,4
12526,7,4
12527,3,9
12528,6,7
12529,9,4
12530,4,8
12531,9,4
12532,1,0
12533,0,2
12534,8,3
12535,9,4
12536,3,9
12537,7,4
12538,4,8
12539,1,6
12540,5,5
12541,6,7
12542,0,2
12543,4,4
12544,3,5
12545,3,5
12546,3,3
12547,6,7
12548,5,9
12549,2,1
12550,0,2
12551,2,9
12552,6,7
12553,0,2
12554,0,2
12555,0,2
12556,1,0
12557,8,9
12558,7,3
12559,2,9
12560,2,1
12561,5,9
12562,9,3
12563,9,4
12564,4,8
12565,8,9
12566,5,5
12567,6,7
12568,0,2
12569,5,9
12570,9,3
12571,7,4
12572,5,5
12573,0,2
12574,5,9
12575,0,2
12576,7,3
12577,4,4
12578,1,6
12579,7,4
12580,8,9
12581,4,9
12582,2,1
12583,3,5
12584,0,9
12585,2,9
12586,8,5
12587,2,9
12588,5,5
12589,4,4
12590,1,0
12591,1,6
12592,3,3
12593,3,9
12594,8,5
12595,4,4
12596,6,7
12597,7,4
12598,2,1
12599,7,4
12600,9,4
12601,7,4
12602,3,5
12603,2,9
12604,5,9
12605,0,2
12606,6,7
12607,9,3
12608,2,1
12609,8,9
12610,4,8
12611,5,2
12612,4,8
12613,6,7
12614,9,2
12615,4,4
12616,8,5
12617,3,5
12618,4,8
12619,8,9
12620,2,1
12621,2,9
12622,8,9
12623,8,5
12624,7,3
12625,3,9
12626,5,5
12627,8,9
12628,7,8
12629,9,4
12630,8,5
12631,5,5
12632,1,0
12633,8,2
12634,1,0
12635,0,2
12636,6,7
12637,5,9
12638,5,9
12639,4,4
12640,6,1
12641,7,4
12642,1,0
12643,1,6
12644,4,8
12645,3,5
12646,9,8
12647,1,6
12648,8,5
12649,7,4
12650,5,8
12651,9,4
12652,0,2
12653,0,2
12654,4,4
12655,9,9
12656,3,5
12657,1,6
12658,8,9
12659,7,4
12660,8,9
12661,3,9
12662,0,7
12663,8,2
12664,1,0
12665,0,2
12666,0,2
12667,3,9
12668,7,8
12669,9,4
12670,0,2
12671,1,6
12672,2,1
12673,6,7
12674,9,3
12675,4,3
12676,7,3
12677,3,5
12678,7,4
12679,2,9
12680,1,0
12681,1,6
12682,2,1
12683,8,9
12684,5,9
12685,6,2
12686,0,9
12687,4,4
12688,5,3
12689,5,2
12690,0,2
12691,0,2
12692,5,0
12693,1,6
12694,5,5
12695,5,9
12696,9,8
12697,5,9
12698,3,5
12699,6,2
12700,3,5
12701,5,2
12702,3,8
12703,0,2
12704,1,0
12705,1,0
12706,1,0
12707,2,1
12708,9,3
12709,3,5
12710,8,5
12711,4,3
12712,8,9
12713,5,5
12714,5,3
12715,6,7
12716,0,8
12717,7,3
12718,2,1
12719,8,1
12720,3,5
12721,9,8
12722,1,0
12723,0,2
12724,7,4
12725,1,0
12726,4,8
12727,2,1
12728,6,7
12729,3,5
12730,7,3
12731,4,3
12732,0,2
12733,5,9
12734,1,6
12735,6,7
12736,5,5
12737,7,3
12738,9,4
12739,9,3
12740,2,1
12741,0,2
12742,7,8
12743,1,0
12744,6,9
12745,2,1
12746,1,0
12747,3,5
12748,0,2
12749,4,8
12750,3,5
12751,7,8
12752,2,4
12753,9,8
12754,7,4
12755,4,1
12756,5,9
12757,7,8
12758,6,7
12759,6,7
12760,4,8
12761,3,5
12762,6,1
12763,4,3
12764,0,2
12765,0,2
12766,2,1
12767,9,8
12768,9,8
12769,7,3
12770,5,5
12771,1,0
12772,7,8
12773,9,3
12774,7,3
12775,3,5
12776,0,2
12777,8,5
12778,8,3
12779,4,3
12780,3,5
12781,7,3
12782,8,5
12783,3,5
12784,2,1
12785,0,2
12786,4,4
12787,9,3
12788,4,3
12789,9,8
12790,4,0
12791,1,0
12792,9,3
12793,1,0
12794,7,6
12795,4,8
12796,0,2
12797,2,1
12798,1,0
12799,0,7
12800,5,5
12801,6,7
12802,2,1
12803,2,1
12804,5,5
12805,1,0
12806,7,3
12807,1,0
12808,2,6
12809,1,0
12810,6,7
12811,1,0
12812,3,0
12813,7,8
12814,3,5
12815,2,1
12816,5,9
12817,4,4
12818,5,5
12819,7,8
12820,4,4
12821,5,9
12822,2,1
12823,2,1
12824,1,0
12825,9,8
12826,3,5
12827,4,4
12828,3,5
12829,5,9
12830,4,3
12831,8,9
12832,9,8
12833,9,3
12834,6,9
12835,7,3
12836,3,8
12837,0,2
12838,3,5
12839,0,2
12840,9,8
12841,7,3
12842,1,0
12843,5,7
12844,2,1
12845,1,0
12846,9,3
12847,1,0
12848,8,5
12849,7,3
12850,7,3
12851,6,7
12852,9,3
12853,6,7
12854,2,1
12855,6,7
12856,5,5
12857,8,5
12858,2,6
12859,2,1
12860,2,6
12861,2,1
12862,5,9
12863,7,3
12864,2,1
12865,7,3
12866,6,7
12867,4,3
12868,9,3
12869,0,2
12870,4,8
12871,2,1
12872,0,2
12873,4,6
12874,3,5
12875,2,1
12876,6,7
12877,3,5
12878,1,0
12879,3,5
12880,0,2
12881,3,5
12882,3,5
12883,1,0
12884,9,3
12885,1,0
12886,8,0
12887,6,7
12888,0,2
12889,9,3
12890,8,5
12891,5,9
12892,8,9
12893,5,5
12894,9,3
12895,3,5
12896,7,3
12897,0,2
12898,5,9
12899,8,9
12900,9,3
12901,3,5
12902,6,7
12903,9,8
12904,8,5
12905,6,7
12906,2,1
12907,0,9
12908,7,4
12909,1,6
12910,9,3
12911,2,1
12912,4,3
12913,3,9
12914,9,3
12915,4,4
12916,2,5
12917,5,9
12918,1,0
12919,6,7
12920,3,5
12921,7,4
12922,4,8
12923,8,9
12924,3,5
12925,9,4
12926,0,2
12927,0,2
12928,8,5
12929,1,6
12930,1,6
12931,2,1
12932,1,6
12933,3,9
12934,8,8
12935,4,4
12936,8,6
12937,5,9
12938,2,4
12939,6,7
12940,5,9
12941,7,4
12942,3,5
12943,8,9
12944,8,5
12945,9,4
12946,9,8
12947,0,2
12948,4,8
12949,1,6
12950,2,0
12951,2,1
12952,1,0
12953,3,9
12954,2,1
12955,4,4
12956,7,4
12957,5,9
12958,8,9
12959,6,7
12960,8,3
12961,7,4
12962,5,9
12963,8,9
12964,6,7
12965,9,4
12966,4,4
12967,3,1
12968,3,5
12969,4,8
12970,7,4
12971,1,6
12972,4,8
12973,4,4
12974,8,9
12975,6,7
12976,4,8
12977,6,7
12978,5,5
12979,7,4
12980,6,1
12981,3,9
12982,7,3
12983,3,9
12984,8,5
12985,2,1
12986,5,5
12987,1,6
12988,8,5
12989,9,4
12990,3,5
12991,4,4
12992,0,2
12993,7,4
12994,7,4
12995,3,9
12996,5,9
12997,4,4
12998,3,5
12999,9,4
13000,7,3
13001,1,6
13002,9,0
13003,1,6
13004,8,5
13005,0,9
13006,1,6
13007,1,6
13008,4,8
13009,4,4
13010,6,7
13011,6,7
13012,9,3
13013,0,2
13014,8,8
13015,2,1
13016,8,8
13017,8,9
13018,8,5
13019,2,1
13020,6,7
13021,5,9
13022,2,1
13023,2,1
13024,7,3
13025,1,6
13026,3,5
13027,7,4
13028,9,3
13029,0,2
13030,0,8
13031,2,8
13032,9,8
13033,0,2
13034,9,4
13035,6,7
13036,5,5
13037,8,9
13038,2,5
13039,2,1
13040,5,8
13041,9,4
13042,7,3
13043,2,1
13044,0,2
13045,3,9
13046,6,7
13047,6,7
13048,7,4
13049,9,4
13050,9,0
13051,8,9
13052,4,8
13053,7,4
13054,0,2
13055,8,9
13056,7,3
13057,9,4
13058,5,5
13059,2,1
13060,5,9
13061,2,1
13062,8,8
13063,9,4
13064,7,8
13065,8,9
13066,0,2
13067,6,9
13068,4,3
13069,4,8
13070,5,9
13071,4,4
13072,9,3
13073,4,4
13074,0,2
13075,0,9
13076,0,2
13077,0,9
13078,5,7
13079,8,9
13080,1,0
13081,0,9
13082,2,4
13083,8,9
13084,6,5
13085,6,7
13086,2,1
13087,6,7
13088,9,3
13089,8,9
13090,1,0
13091,7,4
13092,5,5
13093,3,1
13094,5,5
13095,8,9
13096,9,2
13097,0,2
13098,0,2
13099,3,9
13100,2,1
13101,6,7
13102,1,6
13103,8,9
13104,4,3
13105,3,9
13106,1,6
13107,1,6
13108,9,3
13109,3,9
13110,3,5
13111,9,4
13112,1,0
13113,1,6
13114,3,5
13115,9,4
13116,9,8
13117,0,2
13118,8,4
13119,7,4
13120,5,6
13121,2,8
13122,8,5
13123,7,4
13124,3,5
13125,4,4
13126,0,2
13127,3,1
13128,4,4
13129,1,6
13130,9,8
13131,7,4
13132,4,8
13133,6,7
13134,3,5
13135,0,2
13136,7,8
13137,1,6
13138,2,4
13139,2,1
13140,1,0
13141,3,9
13142,3,5
13143,4,4
13144,3,5
13145,5,9
13146,3,5
13147,6,7
13148,2,1
13149,7,9
13150,7,3
13151,8,9
13152,8,9
13153,9,9
13154,1,0
13155,0,2
13156,2,7
13157,1,6
13158,7,3
13159,2,1
13160,1,0
13161,3,9
13162,7,3
13163,4,4
13164,0,2
13165,5,9
13166,7,3
13167,6,7
13168,1,6
13169,7,4
13170,6,7
13171,8,9
13172,6,7
13173,9,4
13174,7,8
13175,0,2
13176,8,5
13177,1,6
13178,9,3
13179,2,1
13180,7,3
13181,3,9
13182,5,9
13183,4,4
13184,0,2
13185,5,9
13186,8,5
13187,7,4
13188,7,4
13189,8,9
13190,3,5
13191,9,4
13192,7,4
13193,3,9
13194,9,3
13195,8,9
13196,0,2
13197,0,9
13198,2,1
13199,7,4
13200,2,1
13201,1,6
13202,3,5
13203,0,9
13204,8,9
13205,7,4
13206,0,2
13207,6,7
13208,3,5
13209,9,4
13210,6,7
13211,0,2
13212,3,5
13213,1,6
13214,0,2
13215,0,2
13216,0,2
13217,0,2
13218,3,5
13219,8,9
13220,6,7
13221,3,9
13222,3,5
13223,4,4
13224,6,7
13225,3,9
13226,6,7
13227,1,6
13228,3,5
13229,5,9
13230,0,2
13231,0,2
13232,5,5
13233,0,2
13234,5,8
13235,9,4
13236,4,8
13237,5,9
13238,0,7
13239,3,9
13240,0,2
13241,4,4
13242,3,5
13243,7,4
13244,7,8
13245,6,7
13246,6,7
13247,9,4
13248,5,9
13249,2,1
13250,3,5
13251,4,4
13252,4,8
13253,5,1
13254,1,0
13255,7,4
13256,5,5
13257,2,1
13258,8,5
13259,1,9
13260,1,0
13261,6,7
13262,5,5
13263,4,4
13264,5,9
13265,9,4
13266,1,6
13267,4,4
13268,0,2
13269,9,4
13270,9,8
13271,4,4
13272,1,0
13273,1,6
13274,8,5
13275,2,1
13276,5,2
13277,2,1
13278,9,3
13279,5,9
13280,0,2
13281,8,9
13282,6,7
13283,1,6
13284,5,5
13285,3,9
13286,0,2
13287,2,1
13288,3,5
13289,9,4
13290,6,1
13291,4,4
13292,7,4
13293,3,9
13294,3,5
13295,2,1
13296,1,6
13297,1,6
13298,3,5
13299,2,1
13300,5,2
13301,8,9
13302,4,8
13303,6,7
13304,9,8
13305,5,9
13306,6,7
13307,1,1
13308,9,3
13309,6,7
13310,2,1
13311,7,4
13312,5,5
13313,2,1
13314,0,9
13315,1,6
13316,8,9
13317,3,9
13318,6,5
13319,7,4
13320,8,9
13321,5,9
13322,6,7
13323,9,4
13324,5,9
13325,3,9
13326,9,8
13327,8,9
13328,5,5
13329,7,4
13330,2,5
13331,5,9
13332,3,5
13333,7,4
13334,1,0
13335,0,9
13336,5,5
13337,7,4
13338,1,0
13339,4,4
13340,4,6
13341,8,9
13342,8,9
13343,8,9
13344,0,2
13345,5,1
13346,8,5
13347,0,2
13348,5,5
13349,6,7
13350,4,3
13351,6,7
13352,3,5
13353,3,9
13354,8,9
13355,7,4
13356,9,8
13357,6,7
13358,9,8
13359,9,4
13360,5,9
13361,9,4
13362,9,3
13363,4,7
13364,6,7
13365,8,9
13366,0,2
13367,4,8
13368,5,5
13369,1,6
13370,2,6
13371,0,9
13372,1,6
13373,6,9
13374,2,1
13375,6,7
13376,3,3
13377,0,2
13378,8,3
13379,1,6
13380,7,3
13381,2,1
13382,7,4
13383,3,5
13384,2,1
13385,4,4
13386,8,5
13387,5,9
13388,3,5
13389,6,7
13390,1,0
13391,7,4
13392,1,6
13393,8,9
13394,5,7
13395,9,4
13396,8,9
13397,0,2
13398,1,0
13399,1,6
13400,5,5
13401,2,1
13402,8,5
13403,3,5
13404,5,5
13405,7,4
13406,2,1
13407,8,1
13408,0,2
13409,9,4
13410,7,4
13411,0,2
13412,8,5
13413,1,6
13414,9,8
13415,2,1
13416,7,3
13417,3,5
13418,4,8
13419,4,4
13420,8,3
13421,7,4
13422,8,3
13423,8,9
13424,8,5
13425,9,3
13426,4,8
13427,6,7
13428,9,8
13429,9,4
13430,4,3
13431,6,7
13432,2,9
13433,1,6
13434,2,1
13435,9,4
13436,8,5
13437,9,4
13438,3,5
13439,9,4
13440,8,5
13441,4,8
13442,3,5
13443,4,4
13444,6,7
13445,3,5
13446,4,8
13447,8,9
13448,3,9
13449,1,6
13450,0,2
13451,4,3
13452,2,4
13453,1,6
13454,0,2
13455,2,1
13456,9,3
13457,5,9
13458,4,8
13459,0,2
13460,5,8
13461,9,3
13462,9,8
13463,4,4
13464,0,2
13465,9,3
13466,5,2
13467,0,2
13468,6,7
13469,7,4
13470,1,0
13471,4,8
13472,9,3
13473,4,3
13474,1,0
13475,1,6
13476,8,5
13477,8,9
13478,3,5
13479,7,4
13480,9,8
13481,6,7
13482,7,3
13483,0,2
13484,2,1
13485,8,9
13486,2,5
13487,1,6
13488,3,0
13489,8,9
13490,2,1
13491,2,1
13492,0,2
13493,6,7
13494,6,9
13495,2,1
13496,3,5
13497,0,2
13498,8,9
13499,9,3
13500,4,3
13501,1,6
13502,5,9
13503,2,1
13504,1,6
13505,5,9
13506,2,1
13507,4,3
13508,2,7
13509,5,9
13510,1,6
13511,6,7
13512,7,3
13513,7,4
13514,1,6
13515,7,4
13516,3,9
13517,5,9
13518,8,5
13519,3,5
13520,4,8
13521,0,2
13522,2,1
13523,2,1
13524,3,5
13525,2,1
13526,9,5
13527,2,1
13528,0,5
13529,7,4
13530,9,8
13531,3,9
13532,5,5
13533,5,2
13534,7,3
13535,2,1
13536,6,7
13537,1,6
13538,5,5
13539,4,7
13540,7,3
13541,4,4
13542,1,0
13543,3,5
13544,0,2
13545,0,2
13546,6,7
13547,0,2
13548,4,3
13549,8,9
13550,2,1
13551,5,9
13552,2,1
13553,4,4
13554,8,9
13555,7,4
13556,1,0
13557,9,4
13558,1,0
13559,8,9
13560,3,5
13561,7,4
13562,8,4
13563,9,4
13564,4,8
13565,6,7
13566,7,3
13567,3,5
13568,3,5
13569,1,6
13570,7,3
13571,7,4
13572,9,4
13573,9,4
13574,1,0
13575,6,7
13576,3,5
13577,3,5
13578,8,9
13579,3,9
13580,5,5
13581,1,6
13582,0,2
13583,0,2
13584,1,0
13585,2,1
13586,2,1
13587,6,7
13588,8,5
13589,0,2
13590,1,0
13591,5,5
13592,8,9
13593,6,7
13594,5,9
13595,6,7
13596,9,8
13597,8,9
13598,6,7
13599,7,4
13600,7,3
13601,3,5
13602,5,8
13603,5,9
13604,1,0
13605,8,9
13606,2,1
13607,3,5
13608,8,5
13609,0,2
13610,1,6
13611,1,6
13612,2,1
13613,2,1
13614,6,7
13615,3,5
13616,9,8
13617,1,6
13618,8,9
13619,5,5
13620,8,9
13621,6,7
13622,6,1
13623,0,2
13624,2,1
13625,1,6
13626,8,3
13627,2,1
13628,3,9
13629,3,5
13630,1,0
13631,1,6
13632,8,5
13633,5,9
13634,4,4
13635,6,7
13636,1,0
13637,7,4
13638,7,4
13639,8,9
13640,4,3
13641,0,2
13642,5,5
13643,1,6
13644,7,3
13645,2,1
13646,9,3
13647,3,3
13648,1,6
13649,1,6
13650,4,8
13651,7,4
13652,9,8
13653,4,8
13654,2,5
13655,8,9
13656,3,5
13657,1,6
13658,3,2
13659,5,9
13660,3,5
13661,6,7
13662,7,3
13663,5,9
13664,4,8
13665,7,4
13666,9,8
13667,2,1
13668,9,3
13669,8,9
13670,3,5
13671,6,7
13672,9,3
13673,3,5
13674,1,6
13675,3,5
13676,3,5
13677,8,9
13678,9,8
13679,6,7
13680,8,5
13681,5,5
13682,8,7
13683,4,4
13684,7,8
13685,0,2
13686,6,8
13687,9,4
13688,4,8
13689,1,6
13690,2,1
13691,7,4
13692,9,8
13693,2,1
13694,2,1
13695,9,3
13696,6,7
13697,1,6
13698,9,3
13699,5,4
13700,1,6
13701,1,6
13702,6,9
13703,3,3
13704,3,5
13705,2,1
13706,3,5
13707,3,5
13708,5,5
13709,6,2
13710,7,3
13711,1,6
13712,6,1
13713,3,8
13714,4,3
13715,6,1
13716,5,3
13717,9,3
13718,7,3
13719,0,2
13720,9,8
13721,1,6
13722,2,1
13723,8,9
13724,5,9
13725,1,6
13726,0,2
13727,4,8
13728,9,3
13729,0,7
13730,0,2
13731,6,7
13732,5,5
13733,1,6
13734,0,2
13735,2,1
13736,3,5
13737,6,7
13738,0,7
13739,9,3
13740,3,9
13741,2,1
13742,9,5
13743,2,1
13744,7,8
13745,3,5
13746,7,3
13747,5,9
13748,1,0
13749,5,9
13750,3,5
13751,0,2
13752,9,5
13753,7,6
13754,7,3
13755,7,4
13756,7,3
13757,9,4
13758,6,7
13759,6,7
13760,6,1
13761,2,1
13762,2,1
13763,9,3
13764,0,2
13765,4,8
13766,4,8
13767,7,4
13768,9,8
13769,0,2
13770,6,7
13771,2,1
13772,6,7
13773,3,9
13774,2,9
13775,4,8
13776,7,4
13777,0,2
13778,3,0
13779,0,2
13780,6,7
13781,8,9
13782,1,6
13783,5,9
13784,5,9
13785,1,6
13786,7,3
13787,3,9
13788,1,6
13789,7,4
13790,1,6
13791,9,4
13792,8,9
13793,8,9
13794,7,3
13795,8,9
13796,5,3
13797,9,4
13798,0,2
13799,0,2
13800,5,5
13801,9,3
13802,7,3
13803,8,9
13804,2,1
13805,9,3
13806,9,3
13807,0,2
13808,0,7
13809,6,7
13810,7,4
13811,5,9
13812,8,9
13813,6,7
13814,7,4
13815,7,4
13816,0,2
13817,4,4
13818,2,1
13819,7,4
13820,2,1
13821,5,9
13822,0,2
13823,4,3
13824,3,5
13825,1,6
13826,0,2
13827,3,9
13828,6,7
13829,5,7
13830,0,2
13831,3,2
13832,6,7
13833,0,2
13834,7,3
13835,1,6
13836,3,5
13837,2,1
13838,6,7
13839,3,5
13840,1,0
13841,4,4
13842,7,3
13843,5,9
13844,2,1
13845,6,7
13846,6,7
13847,7,4
13848,4,8
13849,8,9
13850,4,8
13851,9,4
13852,4,3
13853,0,9
13854,0,5
13855,1,6
13856,4,8
13857,2,1
13858,6,7
13859,3,5
13860,6,7
13861,4,4
13862,5,9
13863,5,9
13864,4,8
13865,6,7
13866,8,5
13867,7,4
13868,4,8
13869,8,9
13870,4,3
13871,9,4
13872,0,2
13873,0,2
13874,0,2
13875,1,6
13876,8,5
13877,2,1
13878,4,3
13879,3,5
13880,0,2
13881,6,2
13882,1,0
13883,7,4
13884,1,6
13885,8,9
13886,5,5
13887,9,4
13888,8,0
13889,0,2
13890,7,4
13891,9,4
13892,1,0
13893,9,4
13894,3,5
13895,8,9
13896,0,2
13897,9,4
13898,9,8
13899,8,9
13900,7,8
13901,4,4
13902,4,8
13903,1,6
13904,9,8
13905,7,4
13906,3,5
13907,7,4
13908,4,3
13909,3,9
13910,2,1
13911,0,2
13912,6,1
13913,0,2
13914,2,1
13915,7,4
13916,0,2
13917,8,9
13918,0,2
13919,2,1
13920,8,3
13921,0,2
13922,2,3
13923,1,6
13924,8,5
13925,2,1
13926,0,2
13927,6,7
13928,2,9
13929,3,9
13930,2,1
13931,3,9
13932,9,8
13933,7,4
13934,8,5
13935,3,9
13936,9,8
13937,3,5
13938,5,5
13939,6,7
13940,5,5
13941,6,7
13942,4,8
13943,4,4
13944,8,5
13945,9,4
13946,5,5
13947,1,1
13948,5,3
13949,9,4
13950,1,0
13951,8,9
13952,2,1
13953,2,1
13954,8,5
13955,0,2
13956,1,0
13957,3,9
13958,5,5
13959,2,1
13960,8,5
13961,1,6
13962,0,2
13963,7,4
13964,6,9
13965,3,9
13966,8,5
13967,1,6
13968,4,3
13969,3,1
13970,6,2
13971,9,4
13972,2,5
13973,1,9
13974,1,6
13975,7,4
13976,8,5
13977,6,7
13978,7,3
13979,8,9
13980,3,9
13981,4,9
13982,9,3
13983,3,1
13984,2,5
13985,1,9
13986,4,8
13987,4,4
13988,5,5
13989,0,2
13990,8,5
13991,5,9
13992,1,0
13993,3,9
13994,2,1
13995,6,7
13996,9,5
13997,9,4
13998,9,8
13999,6,7
14000,1,0
14001,1,1
14002,3,5
14003,8,9
14004,7,3
14005,2,1
14006,5,5
14007,2,1
14008,8,4
14009,5,9
14010,9,8
14011,7,4
14012,0,2
14013,8,9
14014,8,0
14015,9,4
14016,1,0
14017,8,9
14018,4,8
14019,0,2
14020,8,5
14021,1,0
14022,7,8
14023,2,1
14024,2,1
14025,3,5
14026,3,5
14027,4,8
14028,3,5
14029,5,9
14030,3,5
14031,6,7
14032,7,4
14033,7,3
14034,0,2
14035,8,5
14036,4,8
14037,9,8
14038,1,0
14039,0,2
14040,2,1
14041,1,0
14042,9,8
14043,2,8
14044,6,7
14045,3,5
14046,7,3
14047,4,8
14048,5,5
14049,5,9
14050,2,1
14051,6,7
14052,0,2
14053,7,8
14054,5,9
14055,8,5
14056,1,0
14057,9,8
14058,9,8
14059,0,2
14060,1,0
14061,1,0
14062,8,9
14063,2,7
14064,4,3
14065,3,5
14066,4,8
14067,4,8
14068,8,5
14069,5,9
14070,1,5
14071,6,7
14072,6,7
14073,7,3
14074,5,9
14075,8,5
14076,7,3
14077,9,8
14078,5,1
14079,1,0
14080,3,5
14081,2,1
14082,9,3
14083,6,7
14084,2,1
14085,5,5
14086,4,8
14087,3,5
14088,7,4
14089,0,2
14090,5,5
14091,2,1
14092,0,2
14093,8,5
14094,7,3
14095,7,8
14096,5,9
14097,0,2
14098,1,0
14099,3,5
14100,5,7
14101,6,8
14102,0,2
14103,4,8
14104,7,4
14105,4,8
14106,5,5
14107,3,5
14108,2,1
14109,6,8
14110,0,2
14111,7,3
14112,2,1
14113,2,7
14114,7,4
14115,3,5
14116,9,8
14117,9,8
14118,2,1
14119,1,0
14120,9,5
14121,2,7
14122,5,9
14123,1,0
14124,2,1
14125,2,7
14126,1,0
14127,9,8
14128,8,5
14129,6,8
14130,2,1
14131,0,2
14132,2,1
14133,1,0
14134,4,4
14135,3,5
14136,6,7
14137,0,2
14138,7,3
14139,2,7
14140,8,9
14141,7,8
14142,9,3
14143,5,8
14144,5,2
14145,7,8
14146,9,8
14147,6,8
14148,0,2
14149,1,0
14150,5,9
14151,9,8
14152,7,1
14153,0,2
14154,1,6
14155,6,7
14156,4,8
14157,0,2
14158,0,2
14159,6,7
14160,0,2
14161,0,2
14162,8,0
14163,2,1
14164,9,1
14165,0,2
14166,3,5
14167,6,7
14168,5,9
14169,1,0
14170,8,5
14171,5,9
14172,6,7
14173,8,9
14174,2,2
14175,4,8
14176,4,8
14177,3,5
14178,6,7
14179,0,2
14180,5,9
14181,1,0
14182,9,3
14183,5,9
14184,3,5
14185,4,8
14186,6,1
14187,4,8
14188,4,8
14189,8,8
14190,6,7
14191,8,8
14192,8,5
14193,4,8
14194,4,8
14195,5,9
14196,1,6
14197,7,3
14198,4,4
14199,5,5
14200,3,9
14201,7,8
14202,0,9
14203,8,5
14204,5,9
14205,3,8
14206,4,4
14207,4,8
14208,9,3
14209,8,5
14210,3,5
14211,8,8
14212,1,0
14213,5,9
14214,5,9
14215,2,1
14216,9,4
14217,9,8
14218,5,5
14219,7,3
14220,4,1
14221,1,0
14222,9,3
14223,3,5
14224,1,0
14225,8,5
14226,8,5
14227,1,0
14228,1,0
14229,0,2
14230,2,5
14231,7,8
14232,6,7
14233,5,9
14234,1,0
14235,9,8
14236,3,5
14237,6,7
14238,7,1
14239,9,8
14240,9,8
14241,4,8
14242,7,6
14243,7,3
14244,2,1
14245,7,3
14246,7,3
14247,9,8
14248,6,2
14249,9,8
14250,8,4
14251,5,9
14252,1,0
14253,8,9
14254,9,0
14255,3,5
14256,6,7
14257,4,3
14258,0,7
14259,4,8
14260,4,1
14261,3,5
14262,3,5
14263,8,5
14264,2,1
14265,6,8
14266,3,8
14267,2,1
14268,1,0
14269,0,2
14270,8,9
14271,1,6
14272,4,3
14273,2,8
14274,4,8
14275,3,9
14276,0,2
14277,7,4
14278,0,2
14279,8,9
14280,7,8
14281,9,3
14282,0,2
14283,3,5
14284,7,3
14285,4,4
14286,3,8
14287,7,4
14288,7,4
14289,9,4
14290,4,7
14291,0,2
14292,6,7
14293,1,6
14294,9,4
14295,2,8
14296,4,3
14297,3,5
14298,1,6
14299,7,4
14300,6,1
14301,8,9
14302,2,1
14303,3,9
14304,8,9
14305,8,4
14306,9,8
14307,7,4
14308,6,7
14309,1,6
14310,1,0
14311,0,2
14312,1,0
14313,7,4
14314,1,0
14315,6,7
14316,5,5
14317,9,4
14318,5,9
14319,0,2
14320,3,5
14321,1,6
14322,8,5
14323,0,2
14324,9,8
14325,0,2
14326,4,8
14327,1,6
14328,6,7
14329,0,7
14330,6,7
14331,9,4
14332,9,8
14333,3,3
14334,0,2
14335,4,8
14336,9,4
14337,7,9
14338,8,9
14339,6,7
14340,2,2
14341,9,4
14342,2,5
14343,2,1
14344,6,7
14345,1,6
14346,1,6
14347,6,7
14348,7,3
14349,4,1
14350,3,5
14351,4,4
14352,3,5
14353,1,6
14354,1,6
14355,2,1
14356,0,2
14357,2,1
14358,9,8
14359,1,6
14360,7,3
14361,3,1
14362,8,9
14363,2,1
14364,9,4
14365,9,4
14366,1,6
14367,3,1
14368,5,5
14369,2,1
14370,5,5
14371,1,6
14372,6,9
14373,2,8
14374,6,0
14375,1,9
14376,5,5
14377,6,7
14378,2,1
14379,7,4
14380,8,5
14381,2,8
14382,8,5
14383,3,5
14384,0,2
14385,8,4
14386,7,4
14387,7,4
14388,3,1
14389,5,9
14390,4,8
14391,7,4
14392,2,1
14393,0,5
14394,3,5
14395,7,1
14396,8,0
14397,4,9
14398,7,3
14399,6,7
14400,6,7
14401,3,5
14402,0,2
14403,7,1
14404,5,5
14405,6,7
14406,8,8
14407,9,3
14408,1,0
14409,9,3
14410,3,5
14411,4,4
14412,0,2
14413,8,9
14414,1,0
14415,4,4
14416,6,7
14417,1,6
14418,6,1
14419,0,2
14420,3,1
14421,6,7
14422,2,1
14423,6,7
14424,4,3
14425,0,2
14426,4,3
14427,1,0
14428,5,5
14429,2,1
14430,0,2
14431,3,5
14432,4,8
14433,4,8
14434,9,3
14435,5,5
14436,9,8
14437,6,7
14438,8,5
14439,7,3
14440,4,3
14441,8,9
14442,9,3
14443,9,3
14444,5,5
14445,0,2
14446,2,1
14447,3,5
14448,7,3
14449,4,3
14450,3,5
14451,5,9
14452,8,5
14453,6,7
14454,3,5
14455,7,4
14456,3,5
14457,8,9
14458,2,7
14459,9,4
14460,7,3
14461,0,2
14462,1,0
14463,1,6
14464,1,0
14465,2,1
14466,1,0
14467,3,5
14468,2,1
14469,4,3
14470,7,8
14471,5,9
14472,0,2
14473,6,7
14474,8,9
14475,7,4
14476,3,5
14477,8,9
14478,8,9
14479,9,4
14480,8,5
14481,0,2
14482,4,8
14483,5,9
14484,2,9
14485,5,5
14486,5,3
14487,6,7
14488,3,5
14489,5,9
14490,2,5
14491,0,2
14492,6,7
14493,9,3
14494,8,9
14495,8,9
14496,4,8
14497,9,4
14498,1,0
14499,8,9
14500,6,9
14501,4,3
14502,9,8
14503,1,6
14504,9,3
14505,7,4
14506,7,1
14507,5,9
14508,2,1
14509,1,6
14510,2,1
14511,0,2
14512,5,5
14513,0,2
14514,3,5
14515,2,1
14516,1,6
14517,2,1
14518,0,2
14519,7,3
14520,4,8
14521,1,6
14522,7,2
14523,2,1
14524,6,9
14525,6,7
14526,6,7
14527,3,5
14528,4,8
14529,3,5
14530,0,9
14531,7,0
14532,7,8
14533,3,5
14534,5,5
14535,3,9
14536,7,9
14537,4,8
14538,4,8
14539,4,8
14540,7,6
14541,1,6
14542,4,8
14543,5,9
14544,5,5
14545,0,2
14546,4,8
14547,9,3
14548,3,9
14549,5,5
14550,2,1
14551,2,1
14552,3,5
14553,8,9
14554,9,8
14555,2,1
14556,7,3
14557,0,2
14558,3,5
14559,0,2
14560,1,0
14561,1,6
14562,5,5
14563,7,4
14564,0,5
14565,6,7
14566,3,5
14567,3,5
14568,9,3
14569,2,1
14570,6,7
14571,1,6
14572,4,8
14573,7,6
14574,0,2
14575,1,6
14576,6,7
14577,3,5
14578,4,8
14579,9,8
14580,9,5
14581,7,3
14582,9,8
14583,6,7
14584,1,6
14585,1,6
14586,7,4
14587,4,4
14588,3,5
14589,0,2
14590,7,4
14591,5,9
14592,4,8
14593,6,7
14594,7,8
14595,1,6
14596,2,1
14597,7,4
14598,7,3
14599,5,5
14600,7,8
14601,7,4
14602,4,4
14603,2,1
14604,6,9
14605,7,4
14606,1,6
14607,9,4
14608,6,7
14609,5,9
14610,6,7
14611,8,9
14612,1,0
14613,0,2
14614,8,9
14615,1,0
14616,4,8
14617,2,1
14618,6,7
14619,3,5
14620,4,8
14621,4,8
14622,7,4
14623,5,5
14624,3,5
14625,8,8
14626,8,9
14627,9,8
14628,5,5
14629,0,2
14630,5,9
14631,1,5
14632,6,0
14633,2,1
14634,6,7
14635,3,5
14636,3,5
14637,4,8
14638,8,8
14639,5,5
14640,8,9
14641,6,8
14642,7,3
14643,7,8
14644,0,2
14645,8,5
14646,2,5
14647,9,8
14648,8,9
14649,0,1
14650,4,0
14651,1,0
14652,4,3
14653,2,1
14654,4,9
14655,3,5
14656,1,0
14657,4,3
14658,6,7
14659,5,5
14660,6,7
14661,6,8
14662,9,3
14663,7,8
14664,8,5
14665,8,5
14666,6,7
14667,9,5
14668,0,9
14669,8,5
14670,5,5
14671,6,7
14672,5,7
14673,5,5
14674,3,5
14675,0,2
14676,6,7
14677,6,7
14678,8,6
14679,8,8
14680,9,3
14681,9,8
14682,1,0
14683,4,8
14684,7,4
14685,1,0
14686,3,3
14687,9,8
14688,5,9
14689,5,5
14690,8,8
14691,3,5
14692,3,5
14693,0,2
14694,2,1
14695,4,3
14696,9,8
14697,8,3
14698,1,0
14699,9,5
14700,4,3
14701,1,0
14702,2,1
14703,4,8
14704,3,5
14705,0,2
14706,8,5
14707,5,5
14708,6,7
14709,5,5
14710,7,3
14711,2,1
14712,0,5
14713,5,5
14714,5,5
14715,4,1
14716,9,8
14717,0,2
14718,7,4
14719,7,8
14720,4,8
14721,6,7
14722,0,2
14723,0,2
14724,1,0
14725,1,0
14726,9,0
14727,7,8
14728,8,9
14729,0,2
14730,8,5
14731,6,8
14732,6,7
14733,8,3
14734,1,0
14735,9,8
14736,3,5
14737,5,5
14738,3,5
14739,4,8
14740,4,7
14741,7,8
14742,5,9
14743,9,5
14744,9,4
14745,8,0
14746,0,7
14747,6,8
14748,5,4
14749,0,1
14750,7,3
14751,8,5
14752,0,2
14753,1,0
14754,8,9
14755,7,8
14756,1,0
14757,7,8
14758,1,0
14759,1,0
14760,2,2
14761,3,5
14762,9,8
14763,2,1
14764,6,7
14765,3,5
14766,8,5
14767,1,3
14768,6,7
14769,4,8
14770,7,4
14771,2,1
14772,8,9
14773,0,2
14774,4,8
14775,0,2
14776,2,1
14777,7,8
14778,6,8
14779,8,5
14780,9,3
14781,4,8
14782,8,9
14783,6,7
14784,6,7
14785,4,3
14786,3,5
14787,9,8
14788,4,8
14789,3,5
14790,9,1
14791,8,5
14792,3,5
14793,4,8
14794,1,0
14795,7,8
14796,9,3
14797,2,1
14798,2,5
14799,5,5
14800,2,1
14801,6,8
14802,7,8
14803,3,5
14804,6,7
14805,6,8
14806,5,5
14807,2,1
14808,8,9
14809,2,1
14810,3,5
14811,4,3
14812,1,0
14813,6,8
14814,7,4
14815,9,5
14816,9,3
14817,0,8
14818,9,8
14819,2,1
14820,0,2
14821,1,0
14822,9,4
14823,3,5
14824,7,3
14825,3,5
14826,8,5
14827,9,8
14828,5,1
14829,7,8
14830,8,4
14831,8,5
14832,7,4
14833,7,8
14834,1,6
14835,2,1
14836,2,5
14837,2,1
14838,2,1
14839,5,5
14840,0,2
14841,7,8
14842,9,8
14843,9,8
14844,9,8
14845,8,5
14846,1,0
14847,2,1
14848,6,7
14849,1,0
14850,7,8
14851,3,5
14852,2,5
14853,1,0
14854,5,5
14855,3,5
14856,3,5
14857,0,2
14858,1,6
14859,1,6
14860,1,0
14861,2,1
14862,5,5
14863,3,5
14864,3,5
14865,4,8
14866,7,3
14867,5,9
14868,2,1
14869,6,7
14870,1,6
14871,7,3
14872,8,9
14873,8,9
14874,1,0
14875,9,3
14876,2,1
14877,0,2
14878,3,7
14879,1,6
14880,3,5
14881,2,1
14882,4,8
14883,3,5
14884,9,8
14885,4,3
14886,9,8
14887,5,9
14888,9,8
14889,6,7
14890,0,2
14891,7,4
14892,1,6
14893,8,9
14894,5,0
14895,9,4
14896,8,8
14897,0,2
14898,7,3
14899,1,6
14900,1,0
14901,2,4
14902,8,5
14903,3,5
14904,4,3
14905,4,3
14906,1,0
14907,5,9
14908,8,9
14909,6,6
14910,6,7
14911,7,4
14912,6,2
14913,8,9
14914,2,1
14915,9,4
14916,3,5
14917,5,9
14918,5,5
14919,0,2
14920,7,4
14921,6,7
14922,9,8
14923,8,3
14924,1,0
14925,9,8
14926,7,3
14927,4,8
14928,9,8
14929,1,6
14930,7,3
14931,9,3
14932,2,1
14933,5,9
14934,9,3
14935,3,5
14936,1,0
14937,0,2
14938,2,1
14939,4,4
14940,6,6
14941,8,9
14942,1,0
14943,9,3
14944,0,2
14945,1,6
14946,5,5
14947,4,4
14948,1,0
14949,0,9
14950,9,3
14951,5,9
14952,6,7
14953,1,6
14954,7,4
14955,5,9
14956,9,3
14957,4,3
14958,1,0
14959,0,2
14960,6,7
14961,7,4
14962,2,0
14963,6,7
14964,1,0
14965,0,2
14966,4,8
14967,1,0
14968,8,3
14969,7,3
14970,5,5
14971,0,2
14972,4,4
14973,6,7
14974,9,3
14975,8,4
14976,4,4
14977,9,3
14978,2,5
14979,5,9
14980,1,6
14981,4,3
14982,9,8
14983,7,4
14984,9,3
14985,9,3
14986,1,6
14987,8,9
14988,9,3
14989,6,7
14990,4,3
14991,0,2
14992,1,6
14993,8,9
14994,5,5
14995,1,6
14996,2,1
14997,7,3
14998,1,0
14999,7,3
15000,5,5
15001,1,0
15002,1,0
15003,3,5
15004,6,7
15005,2,1
15006,6,8
15007,3,5
15008,3,5
15009,1,0
15010,3,9
15011,4,3
15012,5,5
15013,2,1
15014,3,1
15015,0,9
15016,2,5
15017,0,2
15018,9,3
15019,7,4
15020,1,0
15021,8,9
15022,3,5
15023,4,3
15024,5,9
15025,6,7
15026,1,0
15027,4,3
15028,0,2
15029,9,8
15030,2,1
15031,3,5
15032,6,0
15033,8,9
15034,1,0
15035,4,3
15036,6,7
15037,7,4
15038,4,8
15039,2,1
15040,2,1
15041,5,9
15042,0,2
15043,6,7
15044,1,0
15045,3,5
15046,0,2
15047,6,7
15048,1,6
15049,9,3
15050,8,5
15051,6,7
15052,3,9
15053,3,5
15054,5,9
15055,2,1
15056,8,9
15057,2,1
15058,4,8
15059,4,4
15060,0,2
15061,6,7
15062,7,4
15063,9,3
15064,0,9
15065,0,2
15066,5,5
15067,2,1
15068,1,9
15069,5,9
15070,5,3
15071,5,9
15072,9,8
15073,1,0
15074,7,3
15075,3,5
15076,3,5
15077,3,5
15078,4,8
15079,9,3
15080,3,5
15081,7,4
15082,1,0
15083,2,1
15084,6,7
15085,5,9
15086,7,4
15087,7,3
15088,6,7
15089,9,4
15090,3,5
15091,8,9
15092,4,8
15093,2,1
15094,2,1
15095,1,6
15096,8,9
15097,3,5
15098,7,8
15099,1,6
15100,4,8
15101,3,5
15102,8,9
15103,0,2
15104,8,5
15105,1,0
15106,7,9
15107,2,1
15108,0,3
15109,3,5
15110,5,9
15111,4,6
15112,9,8
15113,7,3
15114,6,2
15115,8,9
15116,5,3
15117,9,3
15118,5,5
15119,0,2
15120,0,2
15121,1,6
15122,7,4
15123,2,1
15124,9,8
15125,3,5
15126,5,5
15127,7,3
15128,9,3
15129,8,9
15130,0,2
15131,9,4
15132,2,1
15133,0,2
15134,6,8
15135,1,6
15136,5,8
15137,2,1
15138,1,0
15139,3,5
15140,5,9
15141,4,6
15142,0,2
15143,5,9
15144,5,5
15145,6,7
15146,9,3
15147,7,4
15148,1,6
15149,8,9
15150,0,2
15151,9,4
15152,1,0
15153,2,1
15154,1,0
15155,5,9
15156,0,2
15157,1,6
15158,8,5
15159,6,7
15160,0,2
15161,4,7
15162,9,3
15163,3,5
15164,1,7
15165,9,3
15166,6,7
15167,9,6
15168,7,6
15169,0,2
15170,9,3
15171,9,3
15172,7,3
15173,7,3
15174,3,5
15175,1,6
15176,3,5
15177,6,7
15178,5,8
15179,4,4
15180,4,3
15181,3,5
15182,1,0
15183,6,7
15184,4,3
15185,2,1
15186,3,5
15187,2,1
15188,6,9
15189,0,2
15190,6,7
15191,0,2
15192,7,3
15193,5,9
15194,9,3
15195,9,3
15196,6,7
15197,5,9
15198,0,2
15199,7,3
15200,7,8
15201,3,5
15202,7,0
15203,2,1
15204,7,4
15205,2,1
15206,5,5
15207,4,7
15208,0,2
15209,7,3
15210,3,9
15211,6,7
15212,9,3
15213,7,3
15214,4,3
15215,7,3
15216,3,5
15217,2,1
15218,4,8
15219,8,9
15220,6,9
15221,8,9
15222,9,3
15223,2,1
15224,1,6
15225,8,9
15226,3,5
15227,3,5
15228,2,1
15229,7,3
15230,7,3
15231,1,6
15232,5,5
15233,3,5
15234,6,7
15235,9,4
15236,8,8
15237,0,2
15238,5,9
15239,9,4
15240,1,6
15241,1,6
15242,0,5
15243,7,3
15244,9,3
15245,3,9
15246,3,5
15247,8,9
15248,8,9
15249,0,2
15250,3,5
15251,3,5
15252,1,5
15253,9,3
15254,7,3
15255,1,6
15256,7,3
15257,6,1
15258,8,9
15259,4,7
15260,7,4
15261,3,8
15262,2,1
15263,2,1
15264,1,0
15265,1,6
15266,1,0
15267,8,9
15268,9,8
15269,6,7
15270,2,5
15271,1,6
15272,2,1
15273,5,9
15274,4,8
15275,0,2
15276,7,0
15277,1,6
15278,2,9
15279,2,1
15280,6,7
15281,3,5
15282,8,5
15283,4,4
15284,5,9
15285,5,9
15286,8,9
15287,6,7
15288,0,2
15289,8,9
15290,1,6
15291,0,2
15292,3,5
15293,1,6
15294,4,3
15295,2,1
15296,2,1
15297,3,5
15298,4,8
15299,4,4
15300,1,0
15301,5,9
15302,9,3
15303,6,7
15304,5,5
15305,7,4
15306,5,9
15307,8,9
15308,1,0
15309,9,6
15310,4,8
15311,0,2
15312,9,3
15313,4,4
15314,6,7
15315,5,9
15316,1,6
15317,6,7
15318,0,2
15319,7,4
15320,6,7
15321,8,9
15322,3,5
15323,9,3
15324,6,7
15325,0,2
15326,9,3
15327,7,4
15328,2,1
15329,0,2
15330,0,7
15331,7,4
15332,3,9
15333,8,9
15334,6,1
15335,3,5
15336,3,5
15337,5,9
15338,6,7
15339,3,5
15340,7,3
15341,8,9
15342,3,5
15343,8,9
15344,0,2
15345,1,6
15346,3,5
15347,4,4
15348,6,7
15349,9,4
15350,3,5
15351,6,7
15352,4,7
15353,1,6
15354,9,9
15355,8,9
15356,1,0
15357,9,4
15358,5,9
15359,4,4
15360,9,8
15361,1,6
15362,5,5
15363,2,1
15364,8,9
15365,5,9
15366,8,9
15367,9,4
15368,2,5
15369,9,4
15370,6,7
15371,5,9
15372,3,7
15373,4,4
15374,5,5
15375,3,5
15376,4,8
15377,3,5
15378,5,9
15379,3,5
15380,1,0
15381,9,4
15382,0,2
15383,0,2
15384,6,1
15385,1,6
15386,6,2
15387,9,4
15388,3,5
15389,1,6
15390,5,3
15391,2,1
15392,1,0
15393,7,4
15394,4,8
15395,9,4
15396,1,0
15397,1,6
15398,5,5
15399,0,9
15400,4,8
15401,6,7
15402,5,8
15403,2,1
15404,6,1
15405,4,4
15406,8,5
15407,0,2
15408,8,9
15409,3,9
15410,7,3
15411,8,9
15412,3,5
15413,9,4
15414,9,8
15415,5,9
15416,4,3
15417,6,7
15418,2,1
15419,6,7
15420,4,3
15421,5,9
15422,7,8
15423,1,6
15424,8,3
15425,7,4
15426,4,8
15427,1,6
15428,1,6
15429,4,4
15430,8,9
15431,6,7
15432,4,8
15433,9,8
15434,2,8
15435,1,6
15436,8,9
15437,3,5
15438,1,6
15439,1,6
15440,2,1
15441,6,7
15442,0,2
15443,3,9
15444,5,5
15445,0,2
15446,9,3
15447,6,7
15448,6,7
15449,7,4
15450,6,7
15451,1,6
15452,7,3
15453,3,5
15454,0,2
15455,8,9
15456,4,8
15457,2,1
15458,8,9
15459,6,7
15460,7,8
15461,2,1
15462,5,9
15463,6,7
15464,5,5
15465,7,4
15466,2,1
15467,8,9
15468,7,3
15469,7,4
15470,2,1
15471,0,2
15472,3,8
15473,1,0
15474,3,0
15475,2,1
15476,2,1
15477,3,5
15478,6,7
15479,4,8
15480,0,9
15481,5,9
15482,3,5
15483,6,1
15484,6,7
15485,7,3
15486,3,8
15487,8,9
15488,5,9
15489,9,8
15490,7,4
15491,0,2
15492,0,2
15493,1,6
15494,7,8
15495,2,1
15496,3,8
15497,3,5
15498,9,8
15499,7,3
15500,6,7
15501,8,9
15502,8,3
15503,9,8
15504,0,2
15505,0,2
15506,2,1
15507,1,6
15508,0,7
15509,2,1
15510,2,5
15511,3,5
15512,9,8
15513,7,3
15514,4,8
15515,8,9
15516,0,2
15517,9,3
15518,7,4
15519,3,5
15520,0,2
15521,4,1
15522,8,9
15523,1,6
15524,0,2
15525,4,8
15526,6,9
15527,6,7
15528,5,5
15529,6,7
15530,0,2
15531,7,3
15532,8,5
15533,3,5
15534,3,5
15535,3,5
15536,1,0
15537,2,1
15538,5,9
15539,1,6
15540,3,5
15541,9,4
15542,0,2
15543,4,4
15544,3,9
15545,7,4
15546,8,9
15547,3,5
15548,1,9
15549,5,9
15550,1,6
15551,4,1
15552,5,5
15553,9,4
15554,7,2
15555,1,6
15556,4,8
15557,1,6
15558,5,9
15559,0,2
15560,9,4
15561,1,6
15562,9,5
15563,4,6
15564,0,2
15565,6,7
15566,0,2
15567,0,2
15568,4,7
15569,2,1
15570,7,4
15571,5,4
15572,3,5
15573,2,1
15574,1,0
15575,1,6
15576,4,8
15577,7,4
15578,1,0
15579,5,9
15580,0,2
15581,0,2
15582,0,2
15583,0,2
15584,9,3
15585,2,1
15586,7,8
15587,3,5
15588,2,1
15589,7,4
15590,0,2
15591,6,7
15592,9,8
15593,9,4
15594,5,5
15595,8,9
15596,2,1
15597,7,4
15598,8,5
15599,8,9
15600,0,2
15601,9,4
15602,9,3
15603,2,1
15604,4,8
15605,2,1
15606,3,0
15607,9,4
15608,1,6
15609,9,8
15610,8,0
15611,5,9
15612,1,6
15613,4,7
15614,2,1
15615,4,4
15616,8,5
15617,4,4
15618,2,1
15619,0,2
15620,6,7
15621,0,9
15622,4,8
15623,8,4
15624,8,5
15625,6,7
15626,8,9
15627,6,7
15628,0,2
15629,8,9
15630,3,5
15631,5,9
15632,1,6
15633,1,6
15634,6,9
15635,7,4
15636,8,5
15637,0,2
15638,6,7
15639,3,5
15640,8,9
15641,6,7
15642,2,5
15643,7,4
15644,9,8
15645,8,9
15646,7,3
15647,3,5
15648,0,2
15649,1,6
15650,2,1
15651,3,5
15652,6,7
15653,9,4
15654,9,4
15655,5,9
15656,3,5
15657,9,3
15658,9,8
15659,9,4
15660,2,1
15661,5,9
15662,0,2
15663,0,2
15664,8,5
15665,4,8
15666,9,3
15667,3,5
15668,4,8
15669,1,6
15670,9,8
15671,7,4
15672,6,7
15673,6,9
15674,6,7
15675,0,2
15676,5,5
15677,1,6
15678,8,5
15679,2,2
15680,2,1
15681,3,5
15682,4,3
15683,4,4
15684,1,0
15685,5,7
15686,4,3
15687,6,7
15688,2,1
15689,7,4
15690,7,3
15691,8,5
15692,0,2
15693,9,8
15694,0,2
15695,0,9
15696,1,0
15697,1,6
15698,5,3
15699,2,1
15700,0,2
15701,3,5
15702,5,5
15703,4,4
15704,0,2
15705,7,4
15706,6,7
15707,8,5
15708,6,7
15709,9,4
15710,1,0
15711,0,2
15712,2,1
15713,1,1
15714,6,7
15715,2,9
15716,1,0
15717,3,7
15718,7,4
15719,4,7
15720,5,5
15721,7,4
15722,1,0
15723,8,9
15724,8,3
15725,9,3
15726,5,5
15727,6,7
15728,9,6
15729,4,4
15730,1,0
15731,2,1
15732,5,8
15733,6,7
15734,0,2
15735,4,4
15736,2,1
15737,7,4
15738,8,5
15739,8,9
15740,7,4
15741,9,4
15742,5,5
15743,3,9
15744,6,7
15745,9,4
15746,9,3
15747,3,9
15748,2,0
15749,8,9
15750,7,3
15751,2,1
15752,4,3
15753,0,2
15754,7,3
15755,9,4
15756,6,7
15757,8,9
15758,1,0
15759,0,7
15760,3,5
15761,0,2
15762,3,5
15763,1,6
15764,3,5
15765,0,2
15766,8,9
15767,5,7
15768,5,5
15769,3,9
15770,0,2
15771,5,7
15772,8,9
15773,3,9
15774,3,0
15775,8,9
15776,1,0
15777,0,2
15778,5,8
15779,0,2
15780,6,7
15781,5,7
15782,8,9
15783,4,7
15784,4,3
15785,3,9
15786,1,0
15787,4,4
15788,6,7
15789,1,6
15790,1,0
15791,5,9
15792,7,3
15793,3,9
15794,5,9
15795,0,9
15796,2,1
15797,6,7
15798,0,9
15799,2,1
15800,5,9
15801,7,2
15802,2,1
15803,1,1
15804,5,9
15805,1,1
15806,6,7
15807,8,9
15808,7,4
15809,1,6
15810,5,5
15811,7,4
15812,5,9
15813,1,6
15814,0,2
15815,3,9
15816,3,5
15817,8,9
15818,7,3
15819,5,9
15820,8,5
15821,4,4
15822,4,8
15823,2,1
15824,7,4
15825,0,2
15826,6,7
15827,9,4
15828,0,2
15829,2,1
15830,5,8
15831,6,7
15832,9,8
15833,7,4
15834,5,5
15835,1,1
15836,2,9
15837,9,4
15838,1,0
15839,6,7
15840,4,3
15841,4,9
15842,3,3
15843,6,1
15844,9,8
15845,2,1
15846,2,1
15847,3,5
15848,3,5
15849,7,2
15850,3,5
15851,1,6
15852,4,3
15853,2,1
15854,0,5
15855,5,7
15856,7,3
15857,3,9
15858,9,3
15859,7,2
15860,9,3
15861,8,9
15862,6,2
15863,0,2
15864,0,2
15865,1,6
15866,4,8
15867,2,5
15868,0,2
15869,3,3
15870,6,7
15871,4,4
15872,3,5
15873,5,9
15874,5,5
15875,6,7
15876,4,3
15877,7,4
15878,1,9
15879,8,9
15880,5,5
15881,9,4
15882,0,2
15883,0,2
15884,5,9
15885,1,6
15886,5,5
15887,2,0
15888,1,0
15889,3,5
15890,0,2
15891,4,4
15892,5,3
15893,5,7
15894,9,5
15895,7,4
15896,6,7
15897,8,9
15898,1,0
15899,9,9
15900,7,3
15901,0,2
15902,2,1
15903,1,6
15904,0,2
15905,2,5
15906,7,4
15907,3,5
15908,6,7
15909,7,4
15910,0,2
15911,8,9
15912,9,8
15913,9,6
15914,6,7
15915,5,9
15916,4,8
15917,2,7
15918,5,3
15919,8,9
15920,1,0
15921,1,6
15922,7,2
15923,7,3
15924,6,7
15925,2,1
15926,0,2
15927,4,3
15928,0,2
15929,1,6
15930,3,5
15931,4,4
15932,7,8
15933,1,6
15934,0,9
15935,8,9
15936,3,5
15937,3,9
15938,3,5
15939,7,4
15940,1,6
15941,8,3
15942,4,1
15943,4,4
15944,9,3
15945,3,5
15946,0,2
15947,3,5
15948,2,1
15949,5,9
15950,8,9
15951,6,7
15952,7,4
15953,7,4
15954,7,8
15955,0,9
15956,8,9
15957,6,7
15958,2,6
15959,1,6
15960,6,7
15961,6,6
15962,1,6
15963,8,3
15964,1,0
15965,0,2
15966,2,1
15967,1,6
15968,3,5
15969,5,9
15970,9,3
15971,0,2
15972,9,8
15973,8,3
15974,1,6
15975,5,7
15976,7,3
15977,1,6
15978,6,7
15979,8,4
15980,3,0
15981,4,4
15982,2,1
15983,7,4
15984,5,5
15985,6,7
15986,3,5
15987,9,6
15988,8,5
15989,1,6
15990,3,9
15991,9,4
15992,0,2
15993,0,2
15994,2,1
15995,6,9
15996,5,9
15997,7,4
15998,7,4
15999,1,6
16000,8,9
16001,2,1
16002,6,9
16003,3,3
16004,7,4
16005,9,4
16006,9,8
16007,2,1
16008,9,4
16009,4,4
16010,5,5
16011,5,7
16012,1,0
16013,3,5
16014,1,6
16015,7,4
16016,7,3
16017,5,9
16018,2,1
16019,3,3
16020,9,8
16021,1,6
16022,8,5
16023,8,4
16024,2,1
16025,2,3
16026,8,5
16027,2,7
16028,5,5
16029,3,5
16030,2,1
16031,0,9
16032,6,7
16033,2,4
16034,9,3
16035,9,9
16036,8,8
16037,4,4
16038,5,5
16039,9,4
16040,8,5
16041,7,4
16042,8,5
16043,0,1
16044,8,3
16045,0,9
16046,2,1
16047,2,5
16048,4,8
16049,7,4
16050,1,0
16051,4,4
16052,7,4
16053,9,4
16054,6,7
16055,9,3
16056,6,7
16057,2,1
16058,2,1
16059,8,9
16060,2,1
16061,1,0
16062,1,0
16063,5,9
16064,6,7
16065,6,6
16066,8,5
16067,9,3
16068,4,8
16069,8,4
16070,6,7
16071,3,5
16072,5,5
16073,8,9
16074,3,5
16075,3,1
16076,1,0
16077,6,9
16078,3,5
16079,7,4
16080,1,0
16081,0,9
16082,9,3
16083,0,2
16084,5,5
16085,0,2
16086,1,6
16087,1,6
16088,6,7
16089,2,1
16090,9,8
16091,3,5
16092,5,9
16093,4,4
16094,4,8
16095,5,9
16096,3,9
16097,6,7
16098,4,8
16099,7,3
16100,7,8
16101,8,9
16102,6,6
16103,9,4
16104,2,1
16105,0,2
16106,9,3
16107,1,6
16108,2,1
16109,2,8
16110,1,0
16111,3,5
16112,5,5
16113,7,4
16114,8,9
16115,8,9
16116,5,5
16117,9,3
16118,6,7
16119,0,2
16120,5,9
16121,1,6
16122,0,9
16123,2,8
16124,2,1
16125,3,5
16126,5,9
16127,4,6
16128,8,5
16129,5,7
16130,1,0
16131,6,7
16132,9,8
16133,7,4
16134,3,5
16135,8,9
16136,0,2
16137,9,4
16138,7,4
16139,0,9
16140,2,1
16141,8,9
16142,2,1
16143,7,4
16144,0,9
16145,8,9
16146,2,1
16147,9,4
16148,1,0
16149,9,3
16150,7,8
16151,0,2
16152,9,8
16153,1,0
16154,8,5
16155,4,4
16156,3,9
16157,5,9
16158,8,5
16159,1,6
16160,6,7
16161,6,7
16162,7,4
16163,0,2
16164,5,9
16165,5,9
16166,2,1
16167,6,7
16168,4,3
16169,7,4
16170,9,8
16171,3,9
16172,8,9
16173,9,4
16174,5,5
16175,9,4
16176,2,1
16177,3,5
16178,0,2
16179,8,9
16180,4,3
16181,1,6
16182,8,9
16183,2,7
16184,8,9
16185,9,8
16186,7,3
16187,6,7
16188,6,7
16189,7,4
16190,3,5
16191,3,9
16192,0,2
16193,3,9
16194,7,3
16195,4,4
16196,2,2
16197,7,3
16198,2,6
16199,7,4
16200,2,5
16201,9,3
16202,0,5
16203,1,6
16204,1,0
16205,7,4
16206,4,3
16207,6,7
16208,3,8
16209,2,8
16210,5,5
16211,1,6
16212,7,6
16213,5,9
16214,4,8
16215,5,9
16216,4,8
16217,0,2
16218,1,0
16219,5,7
16220,3,5
16221,0,2
16222,1,0
16223,8,5
16224,1,0
16225,4,3
16226,7,3
16227,0,2
16228,1,0
16229,3,5
16230,8,5
16231,8,9
16232,8,9
16233,1,6
16234,1,0
16235,2,1
16236,1,6
16237,2,1
16238,0,9
16239,3,5
16240,7,3
16241,1,6
16242,5,5
16243,3,9
16244,0,7
16245,6,7
16246,8,9
16247,7,4
16248,7,3
16249,3,5
16250,9,8
16251,4,3
16252,8,5
16253,9,3
16254,1,6
16255,6,7
16256,9,3
16257,5,9
16258,6,7
16259,1,6
16260,3,5
16261,9,3
16262,1,0
16263,8,9
16264,7,1
16265,1,6
16266,8,5
16267,1,6
16268,5,5
16269,2,1
16270,9,3
16271,7,3
16272,7,3
16273,6,7
16274,8,5
16275,8,9
16276,5,5
16277,8,9
16278,1,0
16279,4,4
16280,9,3
16281,2,1
16282,8,3
16283,2,1
16284,8,5
16285,0,2
16286,0,2
16287,1,0
16288,7,8
16289,2,1
16290,4,3
16291,3,5
16292,1,0
16293,4,8
16294,2,1
16295,5,5
16296,3,9
16297,6,7
16298,2,7
16299,7,3
16300,1,0
16301,8,9
16302,4,8
16303,9,3
16304,7,3
16305,0,2
16306,0,2
16307,1,0
16308,1,6
16309,2,1
16310,5,5
16311,3,5
16312,4,3
16313,4,3
16314,4,8
16315,5,5
16316,7,3
16317,6,7
16318,0,2
16319,7,4
16320,2,1
16321,8,5
16322,8,5
16323,0,2
16324,7,4
16325,1,0
16326,0,2
16327,2,1
16328,2,1
16329,3,5
16330,9,8
16331,4,3
16332,6,1
16333,5,5
16334,1,0
16335,6,7
16336,3,5
16337,7,3
16338,4,4
16339,8,9
16340,8,5
16341,9,3
16342,9,8
16343,7,3
16344,3,5
16345,1,0
16346,6,7
16347,5,5
16348,1,0
16349,6,7
16350,9,3
16351,2,1
16352,0,2
16353,5,5
16354,0,9
16355,0,2
16356,5,5
16357,5,5
16358,5,5
16359,4,3
16360,9,8
16361,2,1
16362,1,6
16363,0,2
16364,5,5
16365,8,9
16366,3,5
16367,1,6
16368,1,0
16369,7,3
16370,3,5
16371,1,6
16372,3,5
16373,8,9
16374,5,7
16375,3,5
16376,1,7
16377,8,9
16378,6,1
16379,7,8
16380,5,3
16381,1,0
16382,8,5
16383,7,4
16384,5,5
16385,1,6
16386,3,1
16387,4,3
16388,9,3
16389,4,3
16390,2,1
16391,4,4
16392,1,0
16393,5,5
16394,7,8
16395,7,3
16396,0,2
16397,4,3
16398,8,9
16399,4,4
16400,5,5
16401,7,3
16402,0,2
16403,2,1
16404,2,1
16405,5,5
16406,5,9
16407,3,5
16408,2,5
16409,9,4
16410,6,7
16411,3,5
16412,0,2
16413,9,3
16414,3,5
16415,0,2
16416,8,9
16417,8,9
16418,1,0
16419,7,4
16420,7,3
16421,9,3
16422,9,3
16423,0,2
16424,5,9
16425,6,7
16426,5,5
16427,3,5
16428,0,2
16429,0,2
16430,6,8
16431,4,4
16432,8,9
16433,6,7
16434,4,3
16435,3,9
16436,6,7
16437,7,4
16438,4,3
16439,0,2
16440,8,3
16441,1,6
16442,5,9
16443,4,4
16444,9,5
16445,8,9
16446,5,8
16447,1,6
16448,4,4
16449,2,1
16450,4,8
16451,9,3
16452,6,7
16453,3,5
16454,7,3
16455,1,6
16456,2,1
16457,8,9
16458,1,0
16459,4,3
16460,0,2
16461,2,1
16462,3,5
16463,9,3
16464,4,4
16465,8,9
16466,4,8
16467,8,9
16468,1,0
16469,6,7
16470,9,8
16471,5,5
16472,2,1
16473,2,1
16474,0,7
16475,1,6
16476,9,8
16477,9,3
16478,7,3
16479,2,1
16480,9,8
16481,9,3
16482,2,1
16483,1,6
16484,0,2
16485,0,2
16486,8,5
16487,5,5
16488,9,7
16489,3,5
16490,5,5
16491,3,5
16492,3,5
16493,6,7
16494,5,5
16495,1,6
16496,7,4
16497,2,1
16498,0,2
16499,5,5
16500,8,9
16501,0,9
16502,3,5
16503,3,5
16504,3,5
16505,7,3
16506,6,7
16507,6,7
16508,1,0
16509,1,6
16510,3,5
16511,5,2
16512,3,5
16513,5,5
16514,7,3
16515,9,3
16516,0,2
16517,8,9
16518,0,2
16519,0,9
16520,0,2
16521,9,3
16522,9,3
16523,0,2
16524,7,3
16525,1,0
16526,4,4
16527,2,1
16528,7,8
16529,3,5
16530,3,5
16531,4,3
16532,2,1
16533,5,5
16534,6,7
16535,6,7
16536,1,0
16537,7,3
16538,6,7
16539,8,9
16540,0,7
16541,9,3
16542,4,8
16543,0,2
16544,2,5
16545,1,6
16546,1,6
16547,2,1
16548,7,3
16549,3,5
16550,6,2
16551,4,8
16552,8,5
16553,5,5
16554,8,9
16555,6,7
16556,3,5
16557,7,4
16558,5,8
16559,8,9
16560,6,7
16561,9,3
16562,1,0
16563,0,2
16564,3,5
16565,1,6
16566,4,3
16567,2,1
16568,9,8
16569,3,5
16570,9,3
16571,4,8
16572,4,2
16573,5,5
16574,5,5
16575,6,7
16576,2,1
16577,7,8
16578,4,8
16579,8,9
16580,9,3
16581,9,3
16582,5,9
16583,6,7
16584,3,5
16585,0,2
16586,5,9
16587,3,5
16588,9,8
16589,4,8
16590,6,2
16591,1,0
16592,5,8
16593,4,8
16594,7,3
16595,0,2
16596,7,4
16597,8,9
16598,0,2
16599,6,7
16600,4,3
16601,4,3
16602,9,8
16603,5,5
16604,6,7
16605,4,8
16606,0,9
16607,0,2
16608,1,0
16609,7,4
16610,1,0
16611,8,9
16612,4,8
16613,7,3
16614,1,0
16615,7,3
16616,6,7
16617,9,3
16618,0,2
16619,0,2
16620,3,1
16621,9,3
16622,9,3
16623,7,3
16624,8,9
16625,4,8
16626,3,5
16627,2,7
16628,9,4
16629,5,5
16630,7,3
16631,8,9
16632,6,7
16633,5,9
16634,0,2
16635,9,3
16636,1,0
16637,8,9
16638,2,1
16639,8,9
16640,0,2
16641,7,4
16642,0,2
16643,1,6
16644,7,0
16645,3,5
16646,5,9
16647,5,5
16648,6,7
16649,3,9
16650,2,1
16651,1,6
16652,4,4
16653,6,7
16654,2,1
16655,5,5
16656,1,0
16657,3,5
16658,8,0
16659,8,3
16660,1,0
16661,7,3
16662,2,1
16663,3,5
16664,2,1
16665,1,6
16666,6,7
16667,6,7
16668,6,7
16669,8,4
16670,1,0
16671,5,5
16672,7,8
16673,9,8
16674,1,0
16675,2,1
16676,3,7
16677,2,1
16678,3,5
16679,0,2
16680,4,8
16681,9,8
16682,5,5
16683,2,1
16684,6,7
16685,4,3
16686,1,6
16687,7,3
16688,8,9
16689,3,5
16690,2,1
16691,1,6
16692,5,5
16693,3,5
16694,1,0
16695,6,7
16696,7,4
16697,2,1
16698,5,2
16699,1,0
16700,7,3
16701,2,1
16702,9,8
16703,6,7
16704,9,3
16705,0,2
16706,4,3
16707,2,1
16708,3,5
16709,2,1
16710,7,4
16711,7,4
16712,7,3
16713,1,6
16714,1,6
16715,3,5
16716,2,9
16717,7,4
16718,1,0
16719,4,3
16720,1,0
16721,7,4
16722,1,0
16723,4,4
16724,8,5
16725,8,9
16726,6,7
16727,9,3
16728,6,8
16729,2,1
16730,8,9
16731,9,8
16732,3,5
16733,5,5
16734,9,8
16735,1,0
16736,6,7
16737,5,5
16738,4,8
16739,6,7
16740,9,3
16741,8,9
16742,1,0
16743,3,5
16744,2,1
16745,5,5
16746,6,7
16747,6,1
16748,3,5
16749,0,2
16750,8,5
16751,9,8
16752,8,9
16753,9,3
16754,2,1
16755,3,2
16756,7,4
16757,1,6
16758,0,2
16759,1,6
16760,2,1
16761,0,2
16762,8,9
16763,3,5
16764,3,5
16765,4,4
16766,6,8
16767,5,9
16768,6,5
16769,6,7
16770,9,3
16771,7,1
16772,2,1
16773,8,9
16774,3,1
16775,9,4
16776,9,3
16777,0,2
16778,9,8
16779,1,6
16780,5,5
16781,2,1
16782,6,7
16783,3,5
16784,5,5
16785,8,9
16786,6,7
16787,0,2
16788,6,7
16789,1,6
16790,8,5
16791,2,1
16792,6,7
16793,3,5
16794,2,1
16795,7,1
16796,6,1
16797,8,9
16798,8,9
16799,9,9
16800,7,3
16801,9,4
16802,4,8
16803,0,9
16804,9,3
16805,1,6
16806,9,3
16807,4,4
16808,9,8
16809,7,1
16810,2,1
16811,3,5
16812,2,1
16813,2,1
16814,9,4
16815,9,4
16816,9,8
16817,0,9
16818,4,8
16819,5,9
16820,8,8
16821,6,9
16822,6,1
16823,7,1
16824,8,9
16825,3,5
16826,8,5
16827,9,4
16828,8,7
16829,9,4
16830,6,7
16831,3,5
16832,5,9
16833,8,9
16834,5,5
16835,1,6
16836,7,3
16837,2,1
16838,1,6
16839,9,3
16840,7,8
16841,6,7
16842,7,4
16843,7,1
16844,5,8
16845,5,9
16846,9,3
16847,6,9
16848,7,4
16849,3,5
16850,4,8
16851,4,4
16852,7,3
16853,9,4
16854,9,8
16855,1,6
16856,4,8
16857,2,1
16858,2,1
16859,9,4
16860,8,5
16861,3,5
16862,5,5
16863,4,9
16864,8,5
16865,4,9
16866,0,2
16867,3,5
16868,0,2
16869,1,1
16870,8,5
16871,7,4
16872,1,6
16873,3,5
16874,4,8
16875,4,4
16876,1,0
16877,9,4
16878,9,8
16879,6,7
16880,8,9
16881,9,4
16882,7,3
16883,8,9
16884,9,8
16885,1,6
16886,4,8
16887,1,6
16888,0,2
16889,6,7
16890,6,7
16891,6,7
16892,3,9
16893,8,9
16894,6,1
16895,2,1
16896,6,7
16897,8,9
16898,6,7
16899,4,9
16900,3,5
16901,8,9
16902,2,5
16903,0,2
16904,1,0
16905,0,2
16906,1,0
16907,1,0
16908,5,5
16909,2,7
16910,5,9
16911,3,5
16912,4,8
16913,4,4
16914,1,0
16915,7,3
16916,2,1
16917,8,9
16918,9,3
16919,9,4
16920,8,4
16921,0,2
16922,3,5
16923,1,6
16924,3,5
16925,2,5
16926,5,8
16927,3,5
16928,0,2
16929,4,4
16930,1,0
16931,5,6
16932,1,0
16933,6,7
16934,9,8
16935,7,4
16936,6,7
16937,8,9
16938,1,0
16939,9,3
16940,3,8
16941,0,2
16942,4,8
16943,1,6
16944,1,6
16945,3,5
16946,1,0
16947,4,4
16948,2,0
16949,7,4
16950,1,0
16951,8,3
16952,2,5
16953,9,3
16954,3,5
16955,8,5
16956,5,9
16957,6,7
16958,2,1
16959,5,5
16960,1,0
16961,0,7
16962,7,3
16963,6,7
16964,8,9
16965,8,9
16966,7,4
16967,9,4
16968,9,3
16969,4,6
16970,7,4
16971,1,6
16972,8,4
16973,9,4
16974,8,5
16975,0,2
16976,6,7
16977,4,9
16978,7,6
16979,8,4
16980,5,5
16981,9,4
16982,4,3
16983,1,6
16984,7,4
16985,4,8
16986,7,3
16987,0,2
16988,1,0
16989,2,7
16990,7,4
16991,1,0
16992,9,8
16993,5,9
16994,8,5
16995,4,4
16996,4,8
16997,0,9
16998,6,7
16999,7,4
17000,3,5
17001,6,9
17002,9,4
17003,0,9
17004,6,7
17005,1,6
17006,5,5
17007,7,4
17008,6,1
17009,0,2
17010,3,8
17011,6,9
17012,1,0
17013,8,9
17014,6,7
17015,4,4
17016,5,5
17017,7,4
17018,4,8
17019,9,4
17020,4,3
17021,8,9
17022,1,0
17023,6,7
17024,5,5
17025,0,2
17026,3,5
17027,8,9
17028,1,0
17029,1,6
17030,1,0
17031,7,4
17032,1,0
17033,7,3
17034,6,7
17035,1,6
17036,8,5
17037,3,5
17038,3,5
17039,2,7
17040,3,5
17041,3,5
17042,1,6
17043,1,9
17044,7,3
17045,4,9
17046,2,1
17047,2,7
17048,0,2
17049,0,2
17050,0,2
17051,0,2
17052,2,5
17053,7,4
17054,7,3
17055,8,5
17056,8,5
17057,4,4
17058,1,0
17059,6,9
17060,8,5
17061,9,3
17062,3,5
17063,3,5
17064,0,2
17065,8,9
17066,6,9
17067,4,4
17068,7,4
17069,7,3
17070,2,1
17071,2,5
17072,1,0
17073,5,9
17074,4,8
17075,6,7
17076,4,8
17077,3,5
17078,2,1
17079,6,8
17080,2,1
17081,9,8
17082,3,1
17083,6,7
17084,8,5
17085,3,5
17086,7,8
17087,2,1
17088,3,5
17089,2,7
17090,1,0
17091,4,6
17092,9,3
17093,6,9
17094,5,5
17095,0,2
17096,8,8
17097,5,9
17098,6,1
17099,5,9
17100,3,5
17101,1,6
17102,4,8
17103,3,5
17104,3,5
17105,3,5
17106,0,7
17107,9,3
17108,0,2
17109,7,4
17110,2,9
17111,8,1
17112,8,7
17113,7,4
17114,7,4
17115,2,1
17116,3,5
17117,7,4
17118,5,3
17119,9,3
17120,6,1
17121,8,9
17122,0,2
17123,2,5
17124,0,5
17125,1,6
17126,6,7
17127,3,5
17128,8,4
17129,1,9
17130,1,0
17131,3,9
17132,5,9
17133,0,2
17134,0,2
17135,1,6
17136,7,3
17137,2,1
17138,5,5
17139,3,5
17140,7,4
17141,4,4
17142,9,3
17143,7,8
17144,7,4
17145,8,9
17146,3,5
17147,9,4
17148,3,5
17149,0,2
17150,6,7
17151,1,6
17152,9,8
17153,2,8
17154,3,5
17155,3,5
17156,5,5
17157,4,4
17158,4,8
17159,5,9
17160,8,8
17161,6,7
17162,8,5
17163,7,4
17164,6,8
17165,8,9
17166,9,3
17167,9,4
17168,6,7
17169,0,2
17170,8,5
17171,1,6
17172,5,5
17173,2,1
17174,6,2
17175,3,5
17176,6,7
17177,7,4
17178,8,5
17179,8,9
17180,1,0
17181,9,4
17182,4,7
17183,7,4
17184,1,0
17185,7,4
17186,9,8
17187,0,2
17188,2,8
17189,3,5
17190,9,0
17191,1,6
17192,3,5
17193,8,9
17194,8,9
17195,9,4
17196,8,5
17197,8,9
17198,4,8
17199,6,7
17200,0,2
17201,5,9
17202,2,1
17203,4,4
17204,6,1
17205,7,4
17206,7,8
17207,3,9
17208,3,5
17209,1,6
17210,0,9
17211,9,4
17212,2,1
17213,1,9
17214,0,7
17215,4,4
17216,2,1
17217,5,9
17218,4,8
17219,5,9
17220,2,4
17221,6,7
17222,8,9
17223,0,2
17224,5,5
17225,1,6
17226,9,3
17227,3,5
17228,7,4
17229,6,7
17230,2,5
17231,4,4
17232,1,0
17233,8,9
17234,9,3
17235,9,4
17236,0,2
17237,8,9
17238,4,8
17239,5,9
17240,1,6
17241,2,1
17242,3,5
17243,1,6
17244,8,9
17245,0,9
17246,2,9
17247,5,9
17248,7,4
17249,6,7
17250,4,8
17251,6,7
17252,6,7
17253,3,5
17254,1,0
17255,3,5
17256,4,8
17257,3,9
17258,3,5
17259,1,6
17260,1,6
17261,7,4
17262,1,0
17263,2,7
17264,5,5
17265,2,8
17266,2,1
17267,7,4
17268,4,8
17269,2,1
17270,8,5
17271,3,5
17272,2,1
17273,6,7
17274,3,7
17275,8,9
17276,4,3
17277,5,9
17278,7,3
17279,1,6
17280,3,5
17281,4,4
17282,7,3
17283,9,4
17284,6,1
17285,0,2
17286,1,0
17287,6,7
17288,3,5
17289,8,9
17290,8,5
17291,8,9
17292,3,0
17293,0,2
17294,5,5
17295,3,5
17296,9,8
17297,9,4
17298,5,5
17299,4,4
17300,4,8
17301,3,5
17302,8,9
17303,7,4
17304,0,2
17305,1,6
17306,7,3
17307,7,4
17308,3,5
17309,6,7
17310,9,3
17311,9,3
17312,5,5
17313,4,4
17314,0,2
17315,2,1
17316,7,3
17317,9,4
17318,3,5
17319,9,4
17320,3,5
17321,4,4
17322,0,2
17323,9,4
17324,3,5
17325,4,4
17326,6,7
17327,0,2
17328,3,9
17329,7,4
17330,3,5
17331,1,6
17332,6,1
17333,3,5
17334,0,9
17335,0,2
17336,2,1
17337,1,6
17338,5,9
17339,2,1
17340,7,3
17341,3,9
17342,9,8
17343,7,4
17344,6,7
17345,8,9
17346,9,8
17347,9,4
17348,8,5
17349,0,2
17350,7,3
17351,1,6
17352,3,5
17353,2,1
17354,3,9
17355,3,5
17356,7,4
17357,4,4
17358,8,5
17359,7,4
17360,0,2
17361,8,9
17362,8,3
17363,9,4
17364,8,5
17365,0,2
17366,5,5
17367,1,6
17368,7,4
17369,2,1
17370,7,4
17371,3,9
17372,2,1
17373,7,4
17374,2,1
17375,8,4
17376,0,2
17377,9,4
17378,1,0
17379,0,9
17380,7,3
17381,0,2
17382,6,8
17383,7,4
17384,9,4
17385,5,9
17386,3,5
17387,5,9
17388,7,4
17389,3,9
17390,4,8
17391,7,4
17392,0,2
17393,8,9
17394,1,0
17395,6,7
17396,6,7
17397,6,7
17398,9,4
17399,4,4
17400,5,5
17401,6,9
17402,1,6
17403,3,9
17404,3,5
17405,8,9
17406,4,0
17407,8,9
17408,6,7
17409,3,4
17410,9,8
17411,0,2
17412,4,8
17413,1,6
17414,5,5
17415,4,4
17416,6,7
17417,4,9
17418,1,6
17419,7,4
17420,7,4
17421,3,5
17422,1,0
17423,1,6
17424,7,8
17425,1,6
17426,6,7
17427,9,4
17428,4,8
17429,1,6
17430,1,6
17431,2,1
17432,2,1
17433,1,6
17434,2,4
17435,3,9
17436,5,5
17437,9,4
17438,1,6
17439,2,1
17440,7,3
17441,7,4
17442,3,5
17443,7,4
17444,4,8
17445,9,4
17446,5,9
17447,9,4
17448,2,1
17449,0,2
17450,4,3
17451,4,4
17452,0,2
17453,5,9
17454,0,9
17455,9,4
17456,8,5
17457,1,6
17458,0,2
17459,1,6
17460,3,5
17461,5,9
17462,0,2
17463,9,4
17464,2,5
17465,1,6
17466,0,2
17467,3,9
17468,5,5
17469,4,4
17470,3,5
17471,3,9
17472,1,6
17473,1,6
17474,4,3
17475,9,4
17476,0,2
17477,1,6
17478,4,7
17479,0,2
17480,2,5
17481,7,4
17482,2,5
17483,7,4
17484,6,1
17485,0,2
17486,7,8
17487,1,6
17488,1,0
17489,2,1
17490,7,3
17491,3,5
17492,4,8
17493,4,8
17494,5,7
17495,5,1
17496,3,5
17497,7,4
17498,4,4
17499,8,7
17500,2,1
17501,9,8
17502,5,9
17503,0,2
17504,5,5
17505,1,9
17506,8,9
17507,2,1
17508,0,2
17509,3,5
17510,6,1
17511,4,4
17512,8,9
17513,7,2
17514,5,5
17515,8,9
17516,2,1
17517,9,4
17518,0,7
17519,0,2
17520,2,1
17521,3,2
17522,5,5
17523,4,9
17524,6,7
17525,7,4
17526,3,5
17527,8,9
17528,6,7
17529,9,4
17530,8,5
17531,9,3
17532,7,4
17533,7,4
17534,0,2
17535,0,2
17536,4,3
17537,9,3
17538,1,6
17539,0,2
17540,1,5
17541,1,6
17542,6,2
17543,5,9
17544,5,7
17545,8,9
17546,6,7
17547,8,9
17548,2,1
17549,0,2
17550,9,4
17551,9,2
17552,4,8
17553,3,1
17554,1,0
17555,2,1
17556,6,7
17557,7,4
17558,5,5
17559,8,9
17560,1,0
17561,4,8
17562,9,8
17563,6,7
17564,8,9
17565,4,4
17566,2,1
17567,5,9
17568,4,8
17569,3,5
17570,9,4
17571,9,3
17572,5,5
17573,4,4
17574,3,5
17575,3,5
17576,4,8
17577,4,4
17578,5,3
17579,2,1
17580,3,5
17581,0,2
17582,3,5
17583,5,9
17584,5,5
17585,0,2
17586,1,0
17587,1,6
17588,3,7
17589,6,7
17590,4,3
17591,9,4
17592,4,3
17593,3,1
17594,8,0
17595,2,1
17596,8,9
17597,9,3
17598,5,5
17599,1,6
17600,2,1
17601,6,7
17602,8,5
17603,0,2
17604,4,3
17605,1,6
17606,0,2
17607,1,9
17608,5,5
17609,8,4
17610,5,5
17611,0,2
17612,9,8
17613,4,4
17614,8,9
17615,7,4
17616,6,7
17617,7,4
17618,1,0
17619,6,7
17620,0,5
17621,3,5
17622,9,8
17623,6,7
17624,3,5
17625,0,2
17626,6,7
17627,1,9
17628,8,9
17629,3,5
17630,7,3
17631,5,2
17632,3,5
17633,4,4
17634,3,5
17635,2,1
17636,6,7
17637,1,6
17638,1,0
17639,1,6
17640,4,3
17641,8,9
17642,5,5
17643,3,5
17644,9,8
17645,5,7
17646,3,5
17647,6,7
17648,0,7
17649,7,4
17650,1,0
17651,5,2
17652,6,7
17653,2,1
17654,8,3
17655,0,2
17656,9,3
17657,6,1
17658,8,3
17659,7,4
17660,2,1
17661,1,9
17662,1,0
17663,2,9
17664,1,0
17665,5,2
17666,9,3
17667,8,9
17668,8,9
17669,1,6
17670,6,5
17671,9,4
17672,8,9
17673,3,1
17674,9,8
17675,8,9
17676,3,5
17677,2,1
17678,4,8
17679,8,3
17680,5,5
17681,8,9
17682,9,8
17683,7,4
17684,2,0
17685,1,6
17686,6,7
17687,7,4
17688,8,5
17689,9,4
17690,4,8
17691,2,1
17692,9,3
17693,0,5
17694,4,4
17695,1,0
17696,7,3
17697,2,5
17698,9,5
17699,3,5
17700,8,5
17701,4,3
17702,9,8
17703,7,3
17704,1,6
17705,8,9
17706,1,0
17707,9,3
17708,9,8
17709,0,5
17710,3,7
17711,1,0
17712,3,5
17713,2,1
17714,7,3
17715,3,5
17716,5,9
17717,4,3
17718,7,4
17719,7,3
17720,9,3
17721,8,5
17722,5,9
17723,9,3
17724,7,4
17725,0,5
17726,0,2
17727,1,0
17728,6,7
17729,2,1
17730,4,8
17731,3,5
17732,5,5
17733,4,3
17734,3,5
17735,7,3
17736,4,8
17737,9,3
17738,0,5
17739,5,9
17740,4,7
17741,0,9
17742,5,5
17743,8,3
17744,4,3
17745,3,5
17746,4,8
17747,5,9
17748,1,6
17749,4,3
17750,1,0
17751,8,9
17752,3,5
17753,3,5
17754,3,5
17755,0,7
17756,8,8
17757,2,1
17758,9,3
17759,1,0
17760,8,3
17761,0,9
17762,7,8
17763,2,6
17764,6,7
17765,8,5
17766,3,3
17767,4,8
17768,8,9
17769,4,3
17770,0,2
17771,1,6
17772,7,6
17773,6,7
17774,4,8
17775,1,0
17776,7,1
17777,3,5
17778,3,5
17779,0,5
17780,5,9
17781,3,5
17782,1,0
17783,6,7
17784,8,5
17785,9,3
17786,2,1
17787,3,5
17788,6,7
17789,7,3
17790,3,5
17791,4,3
17792,9,1
17793,9,3
17794,5,9
17795,7,0
17796,6,1
17797,0,2
17798,7,4
17799,9,3
17800,7,4
17801,4,9
17802,1,0
17803,8,3
17804,8,5
17805,2,5
17806,1,0
17807,7,3
17808,8,5
17809,7,3
17810,3,5
17811,5,9
17812,1,0
17813,7,3
17814,6,8
17815,1,0
17816,7,3
17817,9,5
17818,8,5
17819,5,9
17820,3,8
17821,2,5
17822,4,3
17823,4,3
17824,9,3
17825,8,5
17826,9,8
17827,9,3
17828,0,2
17829,6,7
17830,7,4
17831,9,8
17832,3,5
17833,7,3
17834,1,6
17835,6,7
17836,2,1
17837,4,3
17838,0,2
17839,1,0
17840,2,1
17841,2,1
17842,4,8
17843,6,7
17844,4,3
17845,1,0
17846,1,0
17847,1,0
17848,9,8
17849,7,8
17850,4,8
17851,2,0
17852,6,7
17853,3,5
17854,1,0
17855,6,7
17856,1,0
17857,4,3
17858,9,8
17859,8,3
17860,9,3
17861,9,3
17862,4,7
17863,6,7
17864,3,5
17865,4,3
17866,7,8
17867,6,7
17868,4,3
17869,5,9
17870,4,8
17871,0,5
17872,1,0
17873,2,6
17874,6,2
17875,1,0
17876,6,7
17877,0,5
17878,8,9
17879,5,9
17880,2,5
17881,0,5
17882,7,4
17883,1,0
17884,2,1
17885,1,0
17886,5,5
17887,7,3
17888,1,0
17889,8,7
17890,5,5
17891,4,8
17892,2,6
17893,3,5
17894,8,5
17895,2,4
17896,4,3
17897,7,3
17898,4,8
17899,9,3
17900,1,0
17901,3,5
17902,9,3
17903,9,3
17904,3,5
17905,0,2
17906,3,5
17907,1,6
17908,3,5
17909,2,1
17910,6,2
17911,3,5
17912,2,1
17913,4,4
17914,5,5
17915,5,5
17916,4,3
17917,7,4
17918,7,8
17919,8,9
17920,5,9
17921,9,4
17922,4,8
17923,0,2
17924,8,6
17925,1,6
17926,4,8
17927,2,1
17928,1,0
17929,3,9
17930,0,2
17931,4,4
17932,0,2
17933,6,7
17934,4,3
17935,7,4
17936,9,8
17937,8,4
17938,1,6
17939,9,3
17940,4,8
17941,0,2
17942,1,0
17943,1,6
17944,4,8
17945,2,1
17946,7,3
17947,3,5
17948,8,5
17949,4,1
17950,8,5
17951,5,9
17952,8,9
17953,6,1
17954,4,8
17955,7,4
17956,0,2
17957,8,9
17958,9,5
17959,9,4
17960,1,0
17961,7,3
17962,7,4
17963,7,3
17964,1,6
17965,1,6
17966,3,5
17967,3,5
17968,0,2
17969,7,4
17970,4,8
17971,5,9
17972,9,8
17973,2,1
17974,7,8
17975,8,9
17976,4,8
17977,0,2
17978,9,8
17979,7,4
17980,6,7
17981,5,5
17982,6,7
17983,9,3
17984,1,0
17985,6,7
17986,1,0
17987,0,9
17988,3,5
17989,9,4
17990,8,5
17991,4,9
17992,2,1
17993,3,9
17994,9,8
17995,2,1
17996,6,7
17997,3,5
17998,6,7
17999,8,9
18000,4,8
18001,3,9
18002,7,4
18003,2,9
18004,3,5
18005,5,9
18006,7,4
18007,3,3
18008,4,0
18009,9,4
18010,2,6
18011,4,4
18012,8,9
18013,1,6
18014,8,5
18015,9,4
18016,1,6
18017,2,1
18018,5,8
18019,1,6
18020,7,3
18021,9,4
18022,0,2
18023,6,7
18024,9,3
18025,7,4
18026,4,8
18027,9,4
18028,0,2
18029,0,9
18030,3,5
18031,4,9
18032,6,7
18033,6,7
18034,6,7
18035,1,6
18036,2,1
18037,7,6
18038,2,1
18039,3,3
18040,2,1
18041,8,9
18042,0,8
18043,9,4
18044,3,5
18045,6,7
18046,7,3
18047,8,9
18048,7,3
18049,3,1
18050,1,0
18051,9,4
18052,6,1
18053,1,6
18054,4,8
18055,0,9
18056,4,3
18057,9,4
18058,6,7
18059,3,9
18060,9,8
18061,3,9
18062,4,8
18063,6,9
18064,0,2
18065,2,1
18066,7,4
18067,5,9
18068,6,7
18069,3,9
18070,1,0
18071,4,4
18072,1,0
18073,0,2
18074,1,0
18075,1,0
18076,6,7
18077,2,1
18078,8,9
18079,3,5
18080,5,5
18081,4,8
18082,9,4
18083,5,5
18084,2,2
18085,6,7
18086,7,3
18087,7,3
18088,4,7
18089,8,9
18090,5,5
18091,9,3
18092,4,8
18093,0,2
18094,6,7
18095,1,0
18096,6,2
18097,2,1
18098,4,8
18099,3,5
18100,7,8
18101,4,8
18102,0,2
18103,5,9
18104,8,9
18105,6,7
18106,9,8
18107,7,3
18108,3,9
18109,8,9
18110,2,1
18111,9,3
18112,0,2
18113,0,2
18114,8,9
18115,1,0
18116,1,0
18117,2,1
18118,9,8
18119,3,5
18120,3,5
18121,4,8
18122,7,3
18123,5,9
18124,0,2
18125,6,7
18126,8,6
18127,7,3
18128,6,7
18129,8,9
18130,8,9
18131,9,3
18132,0,2
18133,4,8
18134,6,7
18135,2,7
18136,4,3
18137,0,5
18138,9,3
18139,2,1
18140,6,7
18141,5,9
18142,7,3
18143,9,3
18144,6,7
18145,4,3
18146,9,3
18147,2,5
18148,1,6
18149,6,7
18150,8,9
18151,5,5
18152,7,8
18153,9,3
18154,6,7
18155,3,5
18156,8,9
18157,5,9
18158,2,1
18159,0,2
18160,7,3
18161,7,3
18162,5,9
18163,1,0
18164,2,1
18165,1,0
18166,9,5
18167,5,9
18168,6,9
18169,3,5
18170,7,4
18171,0,7
18172,5,9
18173,7,3
18174,1,0
18175,9,3
18176,1,0
18177,6,7
18178,0,2
18179,1,6
18180,4,3
18181,6,7
18182,1,0
18183,7,8
18184,4,8
18185,4,8
18186,5,5
18187,9,3
18188,1,0
18189,5,9
18190,4,9
18191,7,3
18192,2,1
18193,9,3
18194,6,7
18195,8,9
18196,1,6
18197,5,9
18198,2,1
18199,6,7
18200,4,8
18201,2,1
18202,4,8
18203,4,3
18204,7,4
18205,8,9
18206,2,1
18207,1,6
18208,0,2
18209,5,9
18210,2,1
18211,9,3
18212,0,2
18213,2,1
18214,8,5
18215,2,5
18216,2,1
18217,8,9
18218,3,5
18219,0,2
18220,6,9
18221,6,7
18222,0,7
18223,4,3
18224,2,1
18225,3,5
18226,1,0
18227,3,3
18228,9,8
18229,1,0
18230,2,1
18231,2,1
18232,0,2
18233,4,8
18234,5,5
18235,1,0
18236,2,1
18237,5,9
18238,6,7
18239,8,9
18240,3,5
18241,9,0
18242,8,3
18243,3,9
18244,3,5
18245,4,3
18246,4,3
18247,0,7
18248,5,5
18249,3,5
18250,6,9
18251,9,3
18252,3,5
18253,0,2
18254,5,3
18255,2,1
18256,1,0
18257,7,3
18258,1,0
18259,1,0
18260,2,1
18261,1,6
18262,6,7
18263,0,2
18264,2,7
18265,7,3
18266,1,6
18267,6,7
18268,3,5
18269,7,8
18270,1,0
18271,6,7
18272,8,9
18273,0,2
18274,3,5
18275,6,7
18276,5,9
18277,9,3
18278,0,2
18279,4,3
18280,3,5
18281,8,9
18282,1,0
18283,4,3
18284,0,2
18285,3,5
18286,1,6
18287,3,5
18288,8,9
18289,7,3
18290,2,1
18291,8,5
18292,6,9
18293,1,9
18294,4,3
18295,0,2
18296,9,3
18297,4,4
18298,5,5
18299,3,5
18300,2,1
18301,0,2
18302,6,7
18303,6,7
18304,1,0
18305,8,9
18306,4,8
18307,3,5
18308,4,8
18309,7,4
18310,8,5
18311,8,9
18312,6,7
18313,5,9
18314,1,0
18315,7,4
18316,1,0
18317,8,9
18318,2,1
18319,0,7
18320,7,4
18321,1,0
18322,7,5
18323,2,1
18324,0,1
18325,3,5
18326,5,5
18327,4,4
18328,6,7
18329,5,9
18330,6,9
18331,6,7
18332,4,3
18333,7,3
18334,8,5
18335,8,9
18336,6,7
18337,0,2
18338,8,9
18339,1,0
18340,5,5
18341,2,1
18342,5,9
18343,3,9
18344,6,7
18345,4,4
18346,7,3
18347,5,9
18348,8,3
18349,6,7
18350,9,3
18351,7,4
18352,1,6
18353,8,8
18354,6,7
18355,9,3
18356,2,8
18357,0,9
18358,7,3
18359,1,6
18360,1,0
18361,2,1
18362,4,8
18363,3,5
18364,5,5
18365,4,4
18366,5,5
18367,7,3
18368,8,5
18369,8,9
18370,2,1
18371,0,9
18372,1,0
18373,8,9
18374,9,3
18375,3,5
18376,6,9
18377,9,3
18378,8,9
18379,5,9
18380,3,5
18381,6,7
18382,9,3
18383,8,9
18384,1,0
18385,4,4
18386,2,1
18387,9,3
18388,6,7
18389,1,0
18390,3,5
18391,7,4
18392,7,3
18393,1,6
18394,2,1
18395,2,1
18396,8,5
18397,3,1
18398,4,8
18399,5,3
18400,1,0
18401,9,3
18402,7,8
18403,6,7
18404,5,9
18405,9,8
18406,8,5
18407,1,0
18408,7,3
18409,1,0
18410,7,3
18411,1,0
18412,0,2
18413,2,4
18414,8,5
18415,9,8
18416,5,5
18417,5,9
18418,5,5
18419,8,9
18420,4,7
18421,1,0
18422,6,7
18423,2,9
18424,0,2
18425,0,2
18426,3,9
18427,7,4
18428,6,1
18429,7,3
18430,6,7
18431,5,4
18432,6,7
18433,8,5
18434,8,5
18435,2,1
18436,4,8
18437,9,3
18438,4,7
18439,8,9
18440,5,7
18441,9,3
18442,1,0
18443,0,2
18444,1,0
18445,4,3
18446,5,5
18447,6,7
18448,9,8
18449,7,4
18450,8,5
18451,1,0
18452,1,6
18453,3,5
18454,2,1
18455,4,4
18456,5,5
18457,5,3
18458,9,8
18459,6,7
18460,2,5
18461,0,2
18462,0,2
18463,3,5
18464,0,2
18465,6,7
18466,8,5
18467,8,5
18468,1,0
18469,7,4
18470,5,4
18471,0,2
18472,7,4
18473,4,4
18474,1,0
18475,9,3
18476,5,5
18477,3,5
18478,8,9
18479,7,4
18480,2,6
18481,5,3
18482,1,0
18483,4,3
18484,4,8
18485,3,5
18486,0,2
18487,4,4
18488,1,0
18489,2,2
18490,4,8
18491,8,5
18492,1,0
18493,1,0
18494,7,8
18495,5,9
18496,4,8
18497,1,0
18498,7,4
18499,2,1
18500,9,8
18501,4,9
18502,7,8
18503,3,5
18504,4,8
18505,0,2
18506,9,8
18507,0,2
18508,5,9
18509,0,2
18510,9,3
18511,5,9
18512,4,8
18513,7,4
18514,2,8
18515,0,9
18516,1,0
18517,6,7
18518,5,5
18519,4,6
18520,6,7
18521,8,9
18522,3,5
18523,8,9
18524,1,0
18525,6,9
18526,2,1
18527,3,5
18528,3,5
18529,9,3
18530,6,7
18531,9,4
18532,7,4
18533,8,9
18534,7,3
18535,2,1
18536,6,7
18537,7,3
18538,0,2
18539,7,4
18540,1,0
18541,1,6
18542,3,5
18543,0,2
18544,2,1
18545,1,0
18546,1,0
18547,2,1
18548,6,7
18549,3,5
18550,5,5
18551,4,8
18552,9,4
18553,5,5
18554,9,3
18555,6,7
18556,7,3
18557,7,8
18558,9,4
18559,8,5
18560,4,8
18561,9,8
18562,9,8
18563,0,2
18564,0,2
18565,1,0
18566,2,1
18567,2,1
18568,1,6
18569,3,5
18570,4,3
18571,4,8
18572,0,2
18573,5,2
18574,8,5
18575,6,7
18576,6,7
18577,8,3
18578,4,3
18579,9,4
18580,8,4
18581,0,2
18582,4,8
18583,1,0
18584,3,1
18585,2,2
18586,0,2
18587,3,5
18588,3,5
18589,4,8
18590,0,2
18591,5,9
18592,4,8
18593,6,7
18594,5,5
18595,8,9
18596,4,8
18597,7,3
18598,9,1
18599,0,2
18600,5,5
18601,4,3
18602,9,8
18603,0,2
18604,4,3
18605,6,7
18606,0,2
18607,4,8
18608,6,9
18609,7,4
18610,9,3
18611,6,7
18612,3,5
18613,2,1
18614,8,9
18615,3,5
18616,7,3
18617,4,8
18618,8,9
18619,8,5
18620,2,1
18621,7,3
18622,2,1
18623,8,3
18624,9,3
18625,6,7
18626,3,5
18627,3,5
18628,9,8
18629,8,9
18630,3,5
18631,2,2
18632,2,1
18633,2,2
18634,2,1
18635,8,9
18636,4,3
18637,4,8
18638,4,4
18639,5,9
18640,1,0
18641,0,2
18642,8,9
18643,2,1
18644,8,9
18645,0,2
18646,3,5
18647,1,0
18648,7,4
18649,1,6
18650,0,9
18651,2,2
18652,6,9
18653,9,3
18654,4,7
18655,6,7
18656,1,0
18657,8,9
18658,0,2
18659,1,6
18660,8,0
18661,2,1
18662,2,8
18663,1,0
18664,1,0
18665,0,2
18666,9,3
18667,6,7
18668,9,8
18669,9,8
18670,6,7
18671,7,8
18672,6,7
18673,5,9
18674,8,5
18675,3,5
18676,5,9
18677,9,8
18678,6,7
18679,3,5
18680,9,8
18681,7,8
18682,7,3
18683,1,0
18684,2,6
18685,8,3
18686,4,3
18687,3,5
18688,9,8
18689,8,5
18690,8,9
18691,7,4
18692,1,0
18693,2,1
18694,9,8
18695,1,6
18696,5,9
18697,9,3
18698,9,4
18699,5,9
18700,9,4
18701,5,9
18702,6,7
18703,0,2
18704,6,0
18705,1,0
18706,7,3
18707,1,0
18708,4,3
18709,9,8
18710,8,5
18711,8,5
18712,0,7
18713,2,2
18714,8,3
18715,0,2
18716,6,8
18717,4,3
18718,0,2
18719,5,9
18720,7,3
18721,6,7
18722,9,8
18723,5,9
18724,4,8
18725,0,2
18726,4,8
18727,3,5
18728,9,5
18729,7,3
18730,4,8
18731,9,3
18732,6,7
18733,9,3
18734,7,3
18735,3,5
18736,7,4
18737,0,2
18738,9,3
18739,3,2
18740,8,5
18741,1,0
18742,3,5
18743,0,2
18744,9,8
18745,4,8
18746,9,3
18747,9,3
18748,2,1
18749,5,9
18750,0,2
18751,4,8
18752,3,5
18753,7,3
18754,7,8
18755,9,4
18756,9,8
18757,7,3
18758,1,6
18759,0,2
18760,1,0
18761,1,0
18762,8,5
18763,2,1
18764,2,1
18765,3,5
18766,3,5
18767,4,8
18768,1,0
18769,5,4
18770,3,5
18771,6,7
18772,6,1
18773,7,4
18774,8,9
18775,8,9
18776,2,1
18777,9,4
18778,5,9
18779,0,2
18780,2,1
18781,1,6
18782,5,9
18783,2,1
18784,7,4
18785,3,5
18786,9,8
18787,4,4
18788,6,7
18789,5,9
18790,1,0
18791,6,7
18792,1,0
18793,7,4
18794,0,7
18795,8,9
18796,3,5
18797,9,4
18798,8,9
18799,0,2
18800,1,0
18801,1,6
18802,3,5
18803,2,1
18804,2,5
18805,3,5
18806,1,0
18807,4,4
18808,5,9
18809,7,4
18810,7,1
18811,8,9
18812,3,5
18813,9,4
18814,3,0
18815,2,1
18816,7,0
18817,2,5
18818,7,8
18819,7,4
18820,9,8
18821,6,7
18822,5,5
18823,4,4
18824,7,6
18825,7,4
18826,3,5
18827,3,5
18828,9,8
18829,5,9
18830,1,0
18831,4,4
18832,0,1
18833,1,6
18834,7,3
18835,8,9
18836,0,2
18837,0,2
18838,6,7
18839,5,4
18840,3,5
18841,2,1
18842,9,8
18843,7,4
18844,7,4
18845,2,7
18846,4,8
18847,3,9
18848,6,7
18849,6,7
18850,2,1
18851,2,9
18852,1,0
18853,1,6
18854,4,8
18855,7,4
18856,8,5
18857,7,4
18858,0,9
18859,9,3
18860,9,3
18861,9,3
18862,3,9
18863,1,6
18864,2,1
18865,2,1
18866,4,3
18867,4,8
18868,0,2
18869,6,7
18870,1,0
18871,7,4
18872,8,8
18873,7,4
18874,9,3
18875,5,9
18876,7,3
18877,4,4
18878,0,2
18879,5,9
18880,1,0
18881,0,2
18882,5,5
18883,9,3
18884,8,9
18885,9,4
18886,1,0
18887,8,9
18888,4,8
18889,0,2
18890,8,9
18891,2,1
18892,0,2
18893,0,2
18894,7,4
18895,3,5
18896,0,2
18897,5,9
18898,4,3
18899,1,6
18900,2,1
18901,8,9
18902,8,9
18903,6,7
18904,6,7
18905,4,8
18906,1,0
18907,6,7
18908,6,1
18909,0,2
18910,7,2
18911,6,7
18912,1,0
18913,4,4
18914,0,2
18915,3,9
18916,9,3
18917,9,3
18918,1,6
18919,3,5
18920,3,5
18921,0,2
18922,2,1
18923,0,2
18924,3,7
18925,5,8
18926,0,2
18927,2,1
18928,9,3
18929,5,9
18930,2,0
18931,8,9
18932,5,9
18933,8,9
18934,5,9
18935,9,3
18936,0,2
18937,4,4
18938,5,5
18939,3,5
18940,1,6
18941,4,4
18942,1,6
18943,2,1
18944,9,8
18945,8,9
18946,2,1
18947,5,9
18948,3,5
18949,5,9
18950,7,3
18951,7,6
18952,8,9
18953,1,6
18954,4,8
18955,3,5
18956,6,7
18957,6,7
18958,1,0
18959,9,4
18960,3,5
18961,4,4
18962,7,8
18963,1,6
18964,3,5
18965,3,9
18966,7,3
18967,8,9
18968,5,5
18969,7,4
18970,0,9
18971,6,7
18972,2,7
18973,9,4
18974,3,5
18975,3,5
18976,9,3
18977,3,5
18978,2,1
18979,7,4
18980,1,0
18981,4,8
18982,6,7
18983,1,6
18984,9,5
18985,9,4
18986,3,9
18987,1,6
18988,4,8
18989,0,2
18990,4,3
18991,0,2
18992,3,5
18993,1,6
18994,8,5
18995,2,1
18996,9,8
18997,3,9
18998,2,7
18999,4,4
19000,8,9
19001,5,9
19002,6,1
19003,7,4
19004,0,2
19005,8,6
19006,0,2
19007,9,4
19008,0,2
19009,0,9
19010,1,6
19011,1,6
19012,0,2
19013,2,1
19014,3,5
19015,3,9
19016,3,0
19017,4,4
19018,1,0
19019,5,9
19020,5,9
19021,6,9
19022,5,5
19023,7,4
19024,9,8
19025,8,9
19026,4,3
19027,0,9
19028,2,1
19029,1,6
19030,9,8
19031,2,1
19032,4,8
19033,4,4
19034,4,4
19035,5,9
19036,1,0
19037,6,9
19038,0,2
19039,7,4
19040,6,7
19041,8,9
19042,9,8
19043,8,9
19044,4,8
19045,9,4
19046,8,5
19047,9,4
19048,6,7
19049,0,2
19050,7,3
19051,1,6
19052,8,9
19053,2,1
19054,7,4
19055,4,4
19056,5,5
19057,7,4
19058,1,6
19059,4,4
19060,0,2
19061,0,9
19062,6,7
19063,3,5
19064,4,3
19065,8,9
19066,6,7
19067,8,9
19068,1,6
19069,2,1
19070,1,6
19071,1,6
19072,0,3
19073,7,4
19074,0,2
19075,3,9
19076,4,3
19077,5,9
19078,5,5
19079,8,9
19080,0,2
19081,5,9
19082,0,2
19083,5,9
19084,2,1
19085,9,4
19086,7,4
19087,2,1
19088,4,3
19089,5,2
19090,1,0
19091,1,6
19092,3,5
19093,1,6
19094,1,0
19095,6,7
19096,1,0
19097,2,1
19098,9,8
19099,1,1
19100,1,0
19101,3,9
19102,1,0
19103,8,9
19104,0,5
19105,6,7
19106,5,5
19107,4,4
19108,5,5
19109,9,4
19110,3,5
19111,4,4
19112,4,3
19113,9,4
19114,3,5
19115,2,1
19116,3,5
19117,0,2
19118,6,7
19119,0,2
19120,9,3
19121,4,4
19122,1,6
19123,4,4
19124,8,8
19125,6,7
19126,9,8
19127,0,2
19128,8,9
19129,2,1
19130,5,5
19131,8,9
19132,2,1
19133,0,2
19134,6,7
19135,6,7
19136,1,6
19137,8,9
19138,4,8
19139,1,6
19140,9,8
19141,7,4
19142,6,7
19143,9,4
19144,9,3
19145,1,6
19146,9,8
19147,9,4
19148,8,8
19149,2,1
19150,1,0
19151,6,7
19152,2,1
19153,7,4
19154,2,1
19155,6,7
19156,0,2
19157,6,7
19158,1,0
19159,8,0
19160,5,5
19161,4,8
19162,5,5
19163,9,4
19164,7,3
19165,2,1
19166,0,2
19167,1,6
19168,1,0
19169,3,9
19170,5,5
19171,0,9
19172,7,0
19173,5,9
19174,5,5
19175,5,9
19176,1,6
19177,8,9
19178,9,8
19179,0,2
19180,0,2
19181,3,5
19182,8,9
19183,7,4
19184,7,4
19185,9,4
19186,5,9
19187,7,4
19188,1,0
19189,0,2
19190,9,8
19191,2,1
19192,4,8
19193,7,4
19194,8,3
19195,3,1
19196,6,7
19197,6,7
19198,4,8
19199,7,4
19200,3,5
19201,8,9
19202,4,8
19203,0,2
19204,8,5
19205,3,9
19206,6,7
19207,5,9
19208,6,7
19209,0,2
19210,2,5
19211,1,0
19212,9,5
19213,2,1
19214,8,9
19215,3,5
19216,0,2
19217,4,8
19218,6,7
19219,5,9
19220,9,3
19221,7,3
19222,3,5
19223,8,9
19224,8,8
19225,0,2
19226,7,4
19227,1,6
19228,6,7
19229,2,9
19230,3,5
19231,3,5
19232,2,1
19233,4,4
19234,3,5
19235,7,4
19236,5,8
19237,8,9
19238,3,5
19239,9,3
19240,0,2
19241,0,2
19242,8,9
19243,1,6
19244,9,2
19245,2,1
19246,3,5
19247,3,5
19248,2,1
19249,4,8
19250,3,5
19251,7,4
19252,4,7
19253,8,9
19254,9,5
19255,9,4
19256,9,3
19257,7,4
19258,0,7
19259,7,4
19260,7,3
19261,0,2
19262,7,3
19263,3,5
19264,3,5
19265,1,6
19266,3,5
19267,8,9
19268,9,8
19269,9,3
19270,7,4
19271,2,1
19272,6,5
19273,1,6
19274,6,7
19275,8,9
19276,6,1
19277,6,7
19278,1,6
19279,5,9
19280,3,5
19281,4,8
19282,1,0
19283,7,4
19284,7,3
19285,3,5
19286,4,3
19287,4,4
19288,5,5
19289,1,6
19290,6,7
19291,8,9
19292,0,2
19293,6,1
19294,4,8
19295,9,3
19296,2,1
19297,1,6
19298,6,1
19299,4,3
19300,9,8
19301,5,9
19302,3,5
19303,0,2
19304,1,0
19305,1,6
19306,5,2
19307,3,5
19308,0,9
19309,6,7
19310,9,3
19311,4,4
19312,7,4
19313,8,9
19314,2,1
19315,9,3
19316,6,1
19317,8,9
19318,5,5
19319,5,9
19320,9,3
19321,2,1
19322,9,3
19323,1,6
19324,2,0
19325,0,2
19326,3,5
19327,7,4
19328,5,3
19329,6,2
19330,6,9
19331,6,7
19332,6,7
19333,3,5
19334,7,4
19335,3,5
19336,2,1
19337,3,5
19338,3,5
19339,1,6
19340,4,3
19341,7,4
19342,3,5
19343,2,1
19344,7,4
19345,2,8
19346,1,0
19347,3,5
19348,3,5
19349,6,1
19350,8,5
19351,8,9
19352,7,4
19353,5,9
19354,5,9
19355,1,6
19356,6,7
19357,4,8
19358,8,5
19359,9,3
19360,0,9
19361,0,2
19362,8,5
19363,6,7
19364,5,5
19365,8,3
19366,5,3
19367,8,9
19368,3,5
19369,0,2
19370,7,3
19371,8,9
19372,7,3
19373,2,1
19374,5,3
19375,4,4
19376,0,2
19377,3,5
19378,4,8
19379,7,4
19380,4,8
19381,1,6
19382,6,7
19383,7,4
19384,6,7
19385,6,7
19386,3,5
19387,9,3
19388,1,0
19389,4,4
19390,5,9
19391,2,1
19392,8,9
19393,9,4
19394,1,0
19395,9,3
19396,5,8
19397,2,1
19398,5,9
19399,0,2
19400,1,6
19401,4,8
19402,2,1
19403,9,3
19404,4,8
19405,4,4
19406,4,8
19407,0,2
19408,6,9
19409,7,3
19410,1,0
19411,1,6
19412,9,3
19413,3,5
19414,4,8
19415,2,1
19416,7,4
19417,9,4
19418,4,4
19419,0,2
19420,1,0
19421,1,0
19422,5,5
19423,2,7
19424,7,8
19425,3,5
19426,6,7
19427,4,3
19428,9,2
19429,5,9
19430,5,5
19431,6,7
19432,2,1
19433,7,3
19434,7,3
19435,8,9
19436,5,9
19437,9,3
19438,3,5
19439,0,2
19440,1,0
19441,1,0
19442,3,5
19443,2,7
19444,2,1
19445,3,5
19446,1,0
19447,4,8
19448,7,1
19449,5,9
19450,2,5
19451,6,7
19452,1,0
19453,7,3
19454,0,2
19455,8,9
19456,5,5
19457,9,3
19458,8,9
19459,0,2
19460,8,5
19461,1,6
19462,6,7
19463,2,1
19464,6,7
19465,3,9
19466,2,8
19467,4,8
19468,2,1
19469,5,9
19470,8,8
19471,6,7
19472,5,5
19473,7,4
19474,3,5
19475,8,9
19476,5,9
19477,9,3
19478,4,3
19479,7,3
19480,0,2
19481,6,7
19482,1,0
19483,4,3
19484,4,3
19485,0,9
19486,1,0
19487,5,9
19488,6,1
19489,8,9
19490,0,2
19491,0,2
19492,0,2
19493,7,3
19494,9,3
19495,3,1
19496,6,7
19497,5,9
19498,4,8
19499,4,4
19500,3,5
19501,3,9
19502,2,2
19503,6,7
19504,0,2
19505,2,7
19506,5,5
19507,1,6
19508,2,1
19509,7,3
19510,1,6
19511,7,3
19512,9,8
19513,9,4
19514,4,8
19515,9,3
19516,1,0
19517,1,0
19518,3,5
19519,2,1
19520,4,8
19521,4,8
19522,4,8
19523,6,7
19524,2,0
19525,7,3
19526,1,0
19527,7,4
19528,1,0
19529,5,9
19530,6,1
19531,4,4
19532,6,7
19533,5,9
19534,7,2
19535,0,2
19536,3,5
19537,9,3
19538,8,5
19539,9,8
19540,8,4
19541,8,9
19542,0,9
19543,0,9
19544,1,0
19545,2,1
19546,9,3
19547,0,2
19548,3,5
19549,3,9
19550,0,2
19551,5,5
19552,1,0
19553,6,7
19554,0,2
19555,1,6
19556,2,1
19557,8,9
19558,9,2
19559,6,7
19560,9,4
19561,4,4
19562,6,7
19563,6,7
19564,4,8
19565,0,2
19566,8,9
19567,9,4
19568,2,1
19569,2,7
19570,8,5
19571,6,7
19572,7,4
19573,4,4
19574,7,0
19575,3,9
19576,9,3
19577,9,3
19578,5,5
19579,3,9
19580,7,3
19581,0,9
19582,8,9
19583,0,2
19584,0,2
19585,5,9
19586,9,5
19587,2,1
19588,0,2
19589,5,9
19590,5,7
19591,8,9
19592,7,4
19593,8,9
19594,0,9
19595,8,9
19596,9,8
19597,9,4
19598,1,0
19599,4,3
19600,8,5
19601,3,9
19602,2,1
19603,8,9
19604,0,2
19605,8,9
19606,2,1
19607,5,9
19608,4,8
19609,5,5
19610,5,2
19611,7,4
19612,0,2
19613,1,6
19614,1,0
19615,3,1
19616,9,3
19617,6,7
19618,8,5
19619,9,3
19620,3,5
19621,4,8
19622,1,0
19623,1,6
19624,6,7
19625,7,4
19626,1,0
19627,6,7
19628,0,9
19629,9,3
19630,1,0
19631,3,9
19632,2,1
19633,3,9
19634,4,4
19635,7,4
19636,7,4
19637,4,4
19638,5,5
19639,1,6
19640,1,0
19641,9,3
19642,7,6
19643,1,6
19644,9,3
19645,0,9
19646,0,2
19647,6,7
19648,7,0
19649,0,2
19650,8,8
19651,1,0
19652,1,0
19653,2,1
19654,2,1
19655,3,5
19656,6,7
19657,4,3
19658,7,3
19659,5,5
19660,3,5
19661,6,7
19662,8,5
19663,7,3
19664,0,2
19665,8,5
19666,4,3
19667,9,3
19668,7,3
19669,0,2
19670,5,8
19671,1,6
19672,4,8
19673,2,1
19674,1,6
19675,3,5
19676,5,5
19677,4,8
19678,6,7
19679,5,5
19680,2,1
19681,6,7
19682,0,2
19683,7,4
19684,6,7
19685,8,5
19686,0,2
19687,9,3
19688,2,1
19689,0,2
19690,9,8
19691,1,0
19692,8,3
19693,2,1
19694,2,1
19695,3,5
19696,9,8
19697,4,4
19698,6,7
19699,5,9
19700,4,8
19701,6,7
19702,5,2
19703,7,4
19704,7,3
19705,8,5
19706,5,5
19707,9,3
19708,3,5
19709,0,2
19710,6,7
19711,8,5
19712,6,7
19713,3,5
19714,0,2
19715,9,3
19716,8,9
19717,5,5
19718,9,8
19719,5,5
19720,8,5
19721,2,1
19722,6,7
19723,6,7
19724,1,0
19725,8,5
19726,0,2
19727,4,8
19728,9,8
19729,9,3
19730,9,8
19731,1,6
19732,0,2
19733,7,4
19734,3,5
19735,1,0
19736,3,5
19737,2,1
19738,0,2
19739,3,5
19740,7,4
19741,5,5
19742,1,0
19743,9,8
19744,0,2
19745,6,7
19746,5,5
19747,9,3
19748,9,8
19749,1,0
19750,2,1
19751,1,0
19752,5,5
19753,1,0
19754,6,9
19755,2,1
19756,8,8
19757,9,8
19758,3,5
19759,5,5
19760,0,2
19761,6,1
19762,6,7
19763,8,5
19764,2,1
19765,1,6
19766,9,3
19767,2,1
19768,1,0
19769,0,2
19770,0,2
19771,7,8
19772,0,2
19773,7,4
19774,0,2
19775,5,9
19776,1,0
19777,8,5
19778,9,8
19779,2,1
19780,7,4
19781,9,3
19782,1,1
19783,8,9
19784,2,1
19785,9,3
19786,0,2
19787,0,2
19788,6,7
19789,4,3
19790,8,5
19791,7,3
19792,8,5
19793,3,5
19794,4,3
19795,4,8
19796,0,9
19797,5,5
19798,0,2
19799,6,7
19800,7,3
19801,0,2
19802,2,1
19803,3,5
19804,1,0
19805,6,7
19806,9,8
19807,8,5
19808,2,3
19809,7,3
19810,4,8
19811,0,2
19812,7,3
19813,4,4
19814,9,5
19815,2,1
19816,1,6
19817,7,4
19818,0,2
19819,4,8
19820,5,5
19821,3,5
19822,0,2
19823,7,4
19824,9,2
19825,5,5
19826,8,5
19827,4,8
19828,6,7
19829,3,8
19830,1,0
19831,4,4
19832,9,8
19833,2,1
19834,3,9
19835,8,5
19836,3,5
19837,1,0
19838,7,3
19839,5,9
19840,4,3
19841,1,0
19842,7,8
19843,2,7
19844,7,8
19845,0,2
19846,5,5
19847,2,7
19848,6,7
19849,5,9
19850,1,0
19851,6,7
19852,5,5
19853,4,4
19854,2,1
19855,3,3
19856,0,2
19857,0,2
19858,5,5
19859,0,2
19860,9,3
19861,0,2
19862,5,5
19863,3,5
19864,8,9
19865,3,5
19866,3,5
19867,5,8
19868,5,7
19869,7,3
19870,5,5
19871,0,2
19872,0,2
19873,6,7
19874,5,3
19875,4,8
19876,2,1
19877,8,9
19878,3,9
19879,8,5
19880,1,6
19881,6,7
19882,4,8
19883,3,5
19884,1,0
19885,9,4
19886,2,9
19887,9,3
19888,5,2
19889,8,3
19890,2,1
19891,2,1
19892,5,7
19893,7,8
19894,1,6
19895,7,8
19896,6,9
19897,1,6
19898,1,0
19899,0,2
19900,0,2
19901,1,0
19902,0,2
19903,2,1
19904,7,8
19905,3,5
19906,8,5
19907,4,8
19908,0,9
19909,5,5
19910,9,8
19911,8,5
19912,7,4
19913,9,8
19914,9,3
19915,0,2
19916,6,7
19917,1,0
19918,1,0
19919,2,1
19920,5,9
19921,3,5
19922,4,8
19923,4,8
19924,0,5
19925,5,5
19926,2,1
19927,6,7
19928,8,3
19929,7,8
19930,0,2
19931,8,5
19932,8,8
19933,9,8
19934,9,8
19935,0,2
19936,4,8
19937,1,0
19938,9,4
19939,2,1
19940,1,0
19941,3,5
19942,5,8
19943,4,8
19944,5,5
19945,5,5
19946,6,7
19947,6,7
19948,8,3
19949,7,8
19950,3,5
19951,8,5
19952,4,8
19953,9,8
19954,6,1
19955,1,0
19956,6,9
19957,4,8
19958,5,5
19959,5,5
19960,6,7
19961,4,8
19962,3,5
19963,2,1
19964,6,7
19965,3,5
19966,1,6
19967,3,5
19968,1,6
19969,0,2
19970,6,7
19971,9,8
19972,9,2
19973,5,8
19974,0,2
19975,4,8
19976,3,5
19977,3,5
19978,7,4
19979,0,2
19980,5,5
19981,8,5
19982,2,1
19983,4,8
19984,6,7
19985,0,2
19986,6,7
19987,7,8
19988,8,5
19989,7,8
19990,0,2
19991,1,0
19992,9,8
19993,6,1
19994,5,5
19995,9,8
19996,5,5
19997,1,0
19998,4,3
19999,2,1
20000,5,5
20001,9,8
20002,7,4
20003,3,5
20004,7,4
20005,6,7
20006,5,5
20007,2,1
20008,4,8
20009,3,5
20010,0,2
20011,4,8
20012,0,2
20013,6,7
20014,8,9
20015,8,8
20016,3,5
20017,5,5
20018,1,5
20019,7,8
20020,8,5
20021,2,1
20022,2,1
20023,3,5
20024,8,5
20025,8,5
20026,9,3
20027,1,0
20028,2,1
20029,2,1
20030,7,3
20031,9,8
20032,7,4
20033,5,5
20034,5,5
20035,8,5
20036,1,0
20037,8,5
20038,5,9
20039,7,8
20040,4,8
20041,1,0
20042,2,1
20043,7,8
20044,5,9
20045,1,0
20046,1,0
20047,1,0
20048,7,1
20049,0,2
20050,9,8
20051,3,5
20052,1,6
20053,4,8
20054,9,3
20055,2,1
20056,4,8
20057,6,7
20058,1,0
20059,4,8
20060,0,2
20061,7,8
20062,8,4
20063,4,8
20064,1,6
20065,2,5
20066,1,0
20067,7,8
20068,8,5
20069,4,8
20070,1,0
20071,2,5
20072,3,8
20073,9,8
20074,4,3
20075,9,8
20076,6,7
20077,2,1
20078,2,1
20079,8,5
20080,3,5
20081,6,7
20082,4,3
20083,1,0
20084,9,8
20085,0,2
20086,9,3
20087,6,7
20088,0,9
20089,8,5
20090,7,8
20091,5,5
20092,5,5
20093,5,5
20094,1,0
20095,0,2
20096,3,5
20097,5,5
20098,4,8
20099,3,5
20100,2,4
20101,5,5
20102,8,5
20103,9,8
20104,6,7
20105,7,8
20106,8,5
20107,8,5
20108,1,0
20109,5,5
20110,4,8
20111,9,8
20112,9,4
20113,6,7
20114,0,2
20115,9,8
20116,8,5
20117,0,2
20118,4,8
20119,6,7
20120,5,5
20121,3,5
20122,6,7
20123,0,2
20124,6,1
20125,5,5
20126,9,4
20127,8,5
20128,0,2
20129,9,8
20130,9,8
20131,1,0
20132,1,0
20133,8,5
20134,7,3
20135,1,0
20136,6,7
20137,6,8
20138,9,4
20139,0,2
20140,5,5
20141,0,2
20142,6,7
20143,1,6
20144,4,8
20145,2,1
20146,1,0
20147,3,5
20148,6,1
20149,4,4
20150,3,5
20151,5,9
20152,6,7
20153,6,7
20154,6,7
20155,7,3
20156,6,7
20157,8,9
20158,7,0
20159,9,4
20160,2,1
20161,0,2
20162,7,4
20163,1,6
20164,9,3
20165,2,1
20166,3,5
20167,3,5
20168,6,7
20169,4,9
20170,9,5
20171,5,1
20172,4,3
20173,6,7
20174,0,2
20175,0,2
20176,4,8
20177,1,6
20178,1,0
20179,2,1
20180,4,8
20181,3,5
20182,4,8
20183,4,4
20184,9,3
20185,5,9
20186,5,6
20187,6,7
20188,9,3
20189,7,4
20190,5,9
20191,8,9
20192,3,5
20193,9,4
20194,1,0
20195,1,6
20196,9,4
20197,4,4
20198,8,9
20199,5,9
20200,5,5
20201,3,5
20202,9,8
20203,3,9
20204,8,7
20205,0,2
20206,7,3
20207,9,4
20208,4,8
20209,5,9
20210,5,9
20211,4,4
20212,1,0
20213,3,9
20214,7,3
20215,0,2
20216,9,3
20217,8,9
20218,7,4
20219,4,8
20220,3,7
20221,6,7
20222,3,3
20223,7,4
20224,2,1
20225,0,2
20226,7,1
20227,7,4
20228,9,3
20229,7,3
20230,4,8
20231,1,6
20232,1,0
20233,6,7
20234,4,8
20235,9,4
20236,4,4
20237,1,6
20238,0,2
20239,2,1
20240,2,1
20241,9,4
20242,2,1
20243,3,5
20244,0,2
20245,6,1
20246,5,9
20247,2,1
20248,9,8
20249,3,5
20250,4,3
20251,4,4
20252,3,5
20253,6,7
20254,9,8
20255,7,4
20256,0,2
20257,2,1
20258,4,8
20259,3,9
20260,7,3
20261,8,9
20262,4,3
20263,1,6
20264,9,4
20265,2,1
20266,5,5
20267,9,4
20268,2,7
20269,8,9
20270,9,8
20271,8,9
20272,6,7
20273,7,8
20274,1,0
20275,1,6
20276,4,8
20277,7,3
20278,3,5
20279,1,6
20280,7,4
20281,1,6
20282,9,8
20283,0,2
20284,2,0
20285,3,5
20286,6,9
20287,4,8
20288,6,9
20289,2,1
20290,9,8
20291,6,7
20292,0,9
20293,4,8
20294,4,8
20295,7,3
20296,7,3
20297,4,8
20298,1,0
20299,2,1
20300,8,9
20301,7,3
20302,1,0
20303,4,4
20304,7,1
20305,2,1
20306,5,5
20307,9,3
20308,9,4
20309,2,1
20310,7,3
20311,7,4
20312,7,8
20313,2,1
20314,3,5
20315,8,9
20316,9,8
20317,6,7
20318,7,3
20319,1,6
20320,6,7
20321,0,2
20322,1,5
20323,6,7
20324,6,7
20325,5,9
20326,3,5
20327,1,6
20328,8,1
20329,3,9
20330,9,3
20331,5,9
20332,1,0
20333,9,4
20334,0,2
20335,7,4
20336,8,5
20337,4,6
20338,4,3
20339,8,9
20340,1,0
20341,9,4
20342,5,5
20343,6,7
20344,3,5
20345,9,4
20346,4,4
20347,3,9
20348,1,6
20349,0,2
20350,8,5
20351,0,2
20352,8,5
20353,6,7
20354,7,4
20355,3,5
20356,3,5
20357,0,2
20358,9,8
20359,5,9
20360,9,8
20361,1,6
20362,3,5
20363,8,9
20364,8,9
20365,1,6
20366,9,5
20367,6,7
20368,4,4
20369,0,2
20370,7,3
20371,0,2
20372,8,5
20373,1,0
20374,5,5
20375,2,1
20376,9,3
20377,3,5
20378,3,5
20379,4,4
20380,7,4
20381,5,9
20382,2,6
20383,6,7
20384,1,0
20385,7,4
20386,7,2
20387,8,9
20388,0,2
20389,9,4
20390,5,2
20391,0,2
20392,0,9
20393,1,6
20394,1,6
20395,2,1
20396,4,4
20397,3,5
20398,7,3
20399,4,4
20400,3,5
20401,6,7
20402,9,8
20403,7,4
20404,7,3
20405,8,9
20406,7,3
20407,0,2
20408,8,5
20409,1,6
20410,9,3
20411,2,1
20412,8,5
20413,3,5
20414,2,1
20415,4,4
20416,6,7
20417,7,4
20418,0,2
20419,8,9
20420,0,2
20421,9,4
20422,7,3
20423,3,1
20424,2,1
20425,4,4
20426,3,5
20427,1,6
20428,5,5
20429,4,4
20430,3,5
20431,6,7
20432,2,1
20433,6,7
20434,9,3
20435,7,4
20436,2,1
20437,3,5
20438,1,0
20439,3,5
20440,2,1
20441,2,1
20442,2,1
20443,1,6
20444,9,0
20445,9,3
20446,2,8
20447,4,4
20448,2,5
20449,7,4
20450,9,4
20451,3,5
20452,7,4
20453,5,9
20454,2,1
20455,4,4
20456,1,0
20457,9,4
20458,3,5
20459,1,6
20460,4,4
20461,1,6
20462,9,3
20463,0,9
20464,4,8
20465,1,6
20466,7,3
20467,4,6
20468,4,3
20469,6,7
20470,3,9
20471,0,9
20472,8,5
20473,2,1
20474,1,6
20475,1,6
20476,5,5
20477,7,4
20478,0,5
20479,5,9
20480,6,7
20481,0,2
20482,0,9
20483,0,2
20484,4,8
20485,2,1
20486,6,1
20487,0,2
20488,2,5
20489,6,7
20490,4,3
20491,8,9
20492,3,5
20493,2,1
20494,6,7
20495,9,3
20496,4,8
20497,2,1
20498,7,8
20499,3,5
20500,3,9
20501,7,4
20502,2,1
20503,6,7
20504,7,8
20505,9,3
20506,1,6
20507,8,9
20508,9,9
20509,7,4
20510,0,2
20511,8,9
20512,6,7
20513,9,4
20514,2,1
20515,2,1
20516,8,9
20517,2,1
20518,9,8
20519,9,3
20520,2,1
20521,8,9
20522,2,1
20523,6,7
20524,8,5
20525,4,4
20526,2,1
20527,4,4
20528,5,5
20529,4,9
20530,5,5
20531,0,2
20532,7,9
20533,0,2
20534,5,7
20535,8,9
20536,1,0
20537,0,9
20538,3,1
20539,8,9
20540,3,5
20541,6,7
20542,2,1
20543,6,7
20544,3,9
20545,8,9
20546,9,8
20547,5,7
20548,0,5
20549,7,4
20550,2,5
20551,0,9
20552,7,3
20553,3,9
20554,9,8
20555,6,7
20556,1,0
20557,7,1
20558,7,3
20559,8,9
20560,8,5
20561,3,5
20562,9,8
20563,1,6
20564,5,9
20565,3,9
20566,7,4
20567,9,3
20568,2,1
20569,5,7
20570,3,9
20571,9,4
20572,6,8
20573,9,4
20574,4,8
20575,5,9
20576,7,3
20577,0,9
20578,8,9
20579,7,4
20580,8,5
20581,2,1
20582,7,8
20583,7,4
20584,0,2
20585,4,4
20586,5,5
20587,3,9
20588,7,3
20589,1,6
20590,5,5
20591,0,2
20592,8,5
20593,1,0
20594,9,8
20595,2,1
20596,6,7
20597,3,5
20598,5,5
20599,4,3
20600,7,4
20601,5,9
20602,0,2
20603,6,7
20604,1,6
20605,7,4
20606,3,9
20607,8,9
20608,0,2
20609,0,2
20610,3,5
20611,1,6
20612,2,1
20613,2,1
20614,8,1
20615,3,5
20616,3,5
20617,4,3
20618,8,5
20619,7,4
20620,4,8
20621,8,9
20622,0,2
20623,9,4
20624,2,1
20625,0,2
20626,3,5
20627,1,6
20628,5,9
20629,2,1
20630,8,3
20631,3,5
20632,0,2
20633,4,3
20634,4,3
20635,5,9
20636,9,8
20637,6,7
20638,9,8
20639,8,9
20640,8,5
20641,9,3
20642,0,2
20643,1,6
20644,9,3
20645,0,2
20646,7,8
20647,6,7
20648,8,5
20649,3,5
20650,4,7
20651,4,3
20652,4,3
20653,4,3
20654,1,0
20655,2,1
20656,6,7
20657,8,9
20658,0,2
20659,1,6
20660,8,4
20661,0,2
20662,0,2
20663,6,7
20664,3,5
20665,4,8
20666,8,9
20667,9,3
20668,5,9
20669,7,4
20670,3,9
20671,2,1
20672,1,1
20673,3,5
20674,1,6
20675,3,5
20676,9,5
20677,9,4
20678,1,0
20679,2,1
20680,4,3
20681,0,2
20682,6,7
20683,9,4
20684,9,4
20685,3,5
20686,1,0
20687,3,5
20688,0,9
20689,9,4
20690,8,5
20691,1,6
20692,9,8
20693,5,9
20694,7,3
20695,2,1
20696,4,8
20697,3,5
20698,9,8
20699,1,6
20700,9,8
20701,6,7
20702,4,4
20703,7,6
20704,6,7
20705,3,5
20706,1,0
20707,7,4
20708,3,5
20709,8,9
20710,2,0
20711,4,4
20712,8,5
20713,0,2
20714,4,8
20715,2,1
20716,5,5
20717,4,3
20718,5,9
20719,0,7
20720,7,6
20721,2,1
20722,8,9
20723,7,4
20724,0,2
20725,8,3
20726,4,8
20727,0,2
20728,3,5
20729,7,4
20730,4,8
20731,0,2
20732,8,5
20733,6,7
20734,9,8
20735,9,2
20736,6,7
20737,3,5
20738,3,5
20739,2,1
20740,7,3
20741,4,4
20742,2,1
20743,8,9
20744,6,7
20745,6,0
20746,1,6
20747,0,2
20748,2,1
20749,1,6
20750,9,3
20751,0,5
20752,3,5
20753,8,9
20754,5,9
20755,1,6
20756,3,8
20757,6,7
20758,8,9
20759,7,4
20760,1,0
20761,2,1
20762,0,2
20763,9,4
20764,6,7
20765,7,4
20766,7,3
20767,9,4
20768,4,3
20769,5,9
20770,2,1
20771,8,9
20772,1,0
20773,9,4
20774,8,5
20775,6,7
20776,4,8
20777,5,9
20778,9,3
20779,2,1
20780,3,5
20781,6,9
20782,6,7
20783,2,1
20784,5,2
20785,8,9
20786,2,1
20787,1,6
20788,9,3
20789,7,4
20790,3,7
20791,5,9
20792,9,2
20793,5,9
20794,4,3
20795,7,4
20796,6,7
20797,3,5
20798,1,1
20799,5,9
20800,3,5
20801,0,9
20802,1,0
20803,1,6
20804,5,9
20805,3,5
20806,6,7
20807,8,9
20808,6,7
20809,4,8
20810,1,0
20811,9,3
20812,8,9
20813,4,3
20814,0,9
20815,5,9
20816,0,2
20817,1,6
20818,9,8
20819,8,9
20820,9,2
20821,6,7
20822,6,7
20823,8,5
20824,1,0
20825,9,4
20826,9,8
20827,0,2
20828,1,0
20829,1,6
20830,9,8
20831,2,1
20832,2,1
20833,3,9
20834,7,4
20835,4,9
20836,4,8
20837,5,9
20838,1,0
20839,6,7
20840,0,2
20841,9,4
20842,3,5
20843,0,2
20844,3,5
20845,1,6
20846,0,2
20847,2,1
20848,1,6
20849,3,1
20850,2,1
20851,4,9
20852,1,0
20853,5,1
20854,5,5
20855,6,9
20856,7,4
20857,7,4
20858,8,3
20859,8,9
20860,5,5
20861,9,4
20862,2,6
20863,0,2
20864,9,3
20865,1,6
20866,7,4
20867,2,1
20868,3,5
20869,3,1
20870,1,0
20871,9,4
20872,3,5
20873,8,9
20874,2,1
20875,1,6
20876,8,5
20877,0,9
20878,5,5
20879,9,4
20880,8,9
20881,5,9
20882,2,7
20883,7,4
20884,1,6
20885,5,9
20886,0,2
20887,1,6
20888,1,0
20889,8,9
20890,5,5
20891,6,7
20892,6,9
20893,9,4
20894,4,8
20895,0,2
20896,6,7
20897,4,9
20898,1,0
20899,1,6
20900,9,3
20901,9,4
20902,3,5
20903,3,9
20904,8,9
20905,8,1
20906,8,5
20907,4,9
20908,4,8
20909,7,4
20910,2,0
20911,0,2
20912,1,6
20913,1,6
20914,5,9
20915,9,3
20916,6,9
20917,2,1
20918,9,3
20919,8,9
20920,9,8
20921,7,4
20922,5,5
20923,8,9
20924,4,8
20925,9,4
20926,3,5
20927,6,7
20928,0,2
20929,0,2
20930,2,1
20931,6,7
20932,4,8
20933,5,9
20934,0,2
20935,5,9
20936,0,2
20937,3,5
20938,8,5
20939,3,1
20940,6,7
20941,3,1
20942,3,5
20943,9,4
20944,2,5
20945,8,9
20946,3,5
20947,0,9
20948,6,2
20949,6,7
20950,4,3
20951,1,6
20952,3,5
20953,0,2
20954,8,5
20955,0,2
20956,4,8
20957,6,7
20958,0,2
20959,2,1
20960,2,1
20961,1,6
20962,4,3
20963,1,6
20964,9,3
20965,3,9
20966,8,5
20967,2,8
20968,8,5
20969,7,4
20970,2,1
20971,7,4
20972,4,3
20973,8,9
20974,1,6
20975,8,6
20976,5,4
20977,7,4
20978,6,7
20979,0,2
20980,7,3
20981,2,1
20982,9,8
20983,0,2
20984,6,7
20985,3,9
20986,8,5
20987,1,9
20988,1,0
20989,3,1
20990,1,0
20991,7,4
20992,2,1
20993,2,1
20994,5,9
20995,4,4
20996,7,8
20997,9,3
20998,6,9
20999,4,4
21000,7,3
21001,3,9
21002,1,0
21003,6,7
21004,6,7
21005,5,9
21006,2,1
21007,3,9
21008,6,7
21009,2,1
21010,1,0
21011,5,9
21012,2,5
21013,5,9
21014,2,1
21015,9,4
21016,5,5
21017,4,9
21018,3,5
21019,1,6
21020,9,3
21021,7,4
21022,4,8
21023,2,8
21024,2,1
21025,6,7
21026,3,5
21027,5,9
21028,0,2
21029,0,2
21030,6,7
21031,1,0
21032,9,3
21033,2,1
21034,5,5
21035,3,5
21036,6,7
21037,4,3
21038,3,5
21039,5,9
21040,9,2
21041,6,7
21042,2,9
21043,7,3
21044,2,1
21045,8,3
21046,8,0
21047,9,3
21048,8,9
21049,0,2
21050,7,3
21051,1,6
21052,1,0
21053,2,1
21054,1,0
21055,3,9
21056,3,5
21057,4,3
21058,5,5
21059,5,9
21060,1,0
21061,6,1
21062,7,4
21063,7,3
21064,0,2
21065,8,9
21066,0,3
21067,9,3
21068,1,0
21069,0,2
21070,1,6
21071,1,6
21072,9,8
21073,2,1
21074,6,1
21075,3,5
21076,4,8
21077,4,6
21078,0,2
21079,5,9
21080,3,9
21081,6,7
21082,0,2
21083,7,3
21084,6,1
21085,8,9
21086,7,3
21087,9,3
21088,1,6
21089,8,9
21090,1,0
21091,9,3
21092,3,5
21093,5,9
21094,1,6
21095,7,3
21096,4,8
21097,0,2
21098,3,5
21099,3,5
21100,6,9
21101,1,0
21102,3,5
21103,6,7
21104,8,5
21105,8,9
21106,8,9
21107,4,8
21108,9,3
21109,1,0
21110,8,9
21111,7,4
21112,3,5
21113,6,7
21114,5,5
21115,5,9
21116,3,5
21117,6,7
21118,8,5
21119,4,3
21120,8,5
21121,2,1
21122,6,7
21123,7,4
21124,5,3
21125,8,9
21126,6,1
21127,1,6
21128,6,0
21129,3,5
21130,4,8
21131,4,4
21132,0,2
21133,7,4
21134,4,1
21135,2,1
21136,2,1
21137,0,2
21138,9,8
21139,5,9
21140,4,8
21141,0,2
21142,0,2
21143,1,6
21144,3,5
21145,9,3
21146,8,9
21147,2,1
21148,7,4
21149,3,5
21150,3,1
21151,2,1
21152,4,8
21153,3,5
21154,3,5
21155,5,9
21156,3,5
21157,5,9
21158,9,3
21159,7,3
21160,7,3
21161,8,9
21162,9,8
21163,4,3
21164,2,9
21165,9,3
21166,1,6
21167,9,3
21168,1,6
21169,7,3
21170,3,5
21171,1,6
21172,9,3
21173,1,6
21174,2,8
21175,7,4
21176,3,5
21177,8,9
21178,1,0
21179,3,5
21180,6,7
21181,4,4
21182,3,3
21183,8,9
21184,5,9
21185,6,7
21186,4,8
21187,3,5
21188,8,9
21189,8,7
21190,8,5
21191,0,2
21192,9,8
21193,9,8
21194,2,1
21195,6,7
21196,1,0
21197,2,1
21198,5,9
21199,0,2
21200,1,6
21201,1,6
21202,1,0
21203,0,2
21204,5,9
21205,6,1
21206,5,3
21207,2,1
21208,3,5
21209,3,5
21210,5,9
21211,8,9
21212,8,9
21213,9,3
21214,6,7
21215,0,2
21216,0,2
21217,7,4
21218,9,3
21219,2,1
21220,1,0
21221,3,5
21222,7,4
21223,4,7
21224,9,8
21225,5,9
21226,6,7
21227,5,2
21228,3,5
21229,2,1
21230,1,6
21231,8,9
21232,4,3
21233,5,9
21234,6,7
21235,4,3
21236,7,4
21237,6,7
21238,3,5
21239,6,7
21240,7,3
21241,6,7
21242,0,2
21243,7,3
21244,5,5
21245,9,3
21246,4,8
21247,1,6
21248,1,0
21249,8,9
21250,3,5
21251,2,1
21252,5,9
21253,1,0
21254,2,2
21255,2,1
21256,0,7
21257,6,7
21258,7,3
21259,5,5
21260,0,2
21261,3,5
21262,4,9
21263,4,3
21264,5,5
21265,7,3
21266,0,2
21267,9,3
21268,6,7
21269,4,3
21270,4,8
21271,0,2
21272,1,0
21273,0,2
21274,2,1
21275,5,9
21276,5,3
21277,9,3
21278,3,0
21279,0,2
21280,8,9
21281,1,0
21282,8,9
21283,2,1
21284,3,5
21285,3,5
21286,8,3
21287,4,8
21288,1,0
21289,5,2
21290,6,7
21291,6,1
21292,1,0
21293,7,3
21294,6,7
21295,8,2
21296,4,8
21297,9,4
21298,6,7
21299,0,2
21300,9,3
21301,1,0
21302,9,0
21303,2,1
21304,4,8
21305,3,5
21306,3,8
21307,4,8
21308,0,2
21309,5,5
21310,8,5
21311,6,1
21312,8,9
21313,7,3
21314,0,2
21315,8,2
21316,6,7
21317,9,4
21318,7,3
21319,0,2
21320,3,5
21321,1,0
21322,7,3
21323,2,1
21324,2,1
21325,3,5
21326,4,3
21327,4,3
21328,3,5
21329,5,2
21330,2,1
21331,6,7
21332,6,7
21333,7,8
21334,1,0
21335,7,8
21336,9,3
21337,6,7
21338,5,8
21339,4,8
21340,4,8
21341,3,5
21342,1,6
21343,0,2
21344,9,4
21345,6,7
21346,5,3
21347,6,1
21348,6,0
21349,6,2
21350,0,2
21351,9,4
21352,7,4
21353,0,2
21354,0,2
21355,0,2
21356,9,4
21357,1,0
21358,0,2
21359,3,5
21360,5,5
21361,9,4
21362,1,0
21363,4,8
21364,1,0
21365,5,5
21366,2,1
21367,7,4
21368,6,7
21369,9,4
21370,3,5
21371,5,5
21372,0,2
21373,6,1
21374,4,3
21375,8,5
21376,1,0
21377,9,4
21378,9,8
21379,1,0
21380,0,2
21381,3,5
21382,2,9
21383,8,5
21384,8,5
21385,5,5
21386,7,3
21387,7,4
21388,7,8
21389,8,5
21390,3,2
21391,1,0
21392,6,7
21393,4,7
21394,1,6
21395,8,2
21396,7,3
21397,5,5
21398,1,0
21399,8,5
21400,7,3
21401,1,0
21402,1,0
21403,0,2
21404,6,9
21405,7,4
21406,8,5
21407,6,7
21408,8,9
21409,1,0
21410,6,7
21411,6,7
21412,7,4
21413,0,2
21414,2,1
21415,3,1
21416,5,5
21417,4,8
21418,6,7
21419,6,7
21420,3,7
21421,8,2
21422,9,8
21423,9,3
21424,1,6
21425,2,1
21426,6,2
21427,1,0
21428,3,5
21429,7,4
21430,4,3
21431,4,8
21432,8,8
21433,5,5
21434,6,7
21435,2,1
21436,2,7
21437,7,4
21438,2,1
21439,5,5
21440,5,5
21441,2,1
21442,4,8
21443,2,1
21444,2,1
21445,9,9
21446,1,0
21447,3,5
21448,4,4
21449,9,4
21450,2,1
21451,2,1
21452,6,8
21453,2,1
21454,0,2
21455,5,5
21456,7,4
21457,8,5
21458,3,5
21459,7,4
21460,1,0
21461,4,7
21462,7,4
21463,7,4
21464,7,3
21465,1,0
21466,3,9
21467,8,8
21468,3,0
21469,0,2
21470,2,1
21471,9,4
21472,4,8
21473,6,7
21474,1,0
21475,8,5
21476,1,0
21477,1,0
21478,7,4
21479,1,0
21480,4,8
21481,5,5
21482,7,3
21483,7,4
21484,5,3
21485,6,7
21486,8,9
21487,3,5
21488,6,7
21489,5,5
21490,4,3
21491,4,8
21492,1,0
21493,2,1
21494,8,5
21495,9,4
21496,3,5
21497,0,2
21498,1,0
21499,4,3
21500,4,3
21501,7,3
21502,2,1
21503,4,8
21504,2,1
21505,3,5
21506,0,2
21507,2,5
21508,0,2
21509,9,3
21510,9,3
21511,2,5
21512,3,9
21513,0,2
21514,7,3
21515,3,5
21516,9,3
21517,4,7
21518,7,4
21519,5,5
21520,8,5
21521,0,2
21522,2,1
21523,0,2
21524,3,5
21525,3,5
21526,0,2
21527,2,4
21528,2,1
21529,8,5
21530,5,9
21531,3,5
21532,5,5
21533,0,2
21534,0,2
21535,1,6
21536,2,1
21537,2,1
21538,6,7
21539,3,5
21540,9,8
21541,4,4
21542,0,2
21543,5,9
21544,2,5
21545,6,7
21546,0,2
21547,7,4
21548,5,5
21549,8,9
21550,5,5
21551,9,4
21552,1,0
21553,0,2
21554,1,6
21555,1,6
21556,8,9
21557,2,1
21558,5,5
21559,3,5
21560,0,2
21561,4,4
21562,9,3
21563,5,9
21564,6,7
21565,6,7
21566,2,2
21567,7,4
21568,1,0
21569,8,9
21570,3,5
21571,9,4
21572,7,6
21573,0,2
21574,1,0
21575,1,6
21576,0,9
21577,2,1
21578,8,9
21579,3,9
21580,3,5
21581,4,4
21582,3,5
21583,5,9
21584,3,5
21585,6,7
21586,0,2
21587,7,4
21588,5,9
21589,8,6
21590,4,3
21591,9,4
21592,9,3
21593,8,9
21594,1,0
21595,9,3
21596,3,5
21597,2,1
21598,2,3
21599,6,7
21600,0,2
21601,1,9
21602,0,2
21603,7,4
21604,5,5
21605,6,7
21606,3,3
21607,3,5
21608,0,2
21609,5,5
21610,3,5
21611,4,4
21612,0,2
21613,8,9
21614,0,2
21615,2,1
21616,9,8
21617,6,7
21618,1,0
21619,4,4
21620,0,2
21621,7,4
21622,3,5
21623,2,1
21624,7,4
21625,3,5
21626,5,5
21627,4,4
21628,0,2
21629,5,9
21630,2,1
21631,9,4
21632,5,9
21633,2,1
21634,1,6
21635,0,2
21636,2,7
21637,3,5
21638,2,1
21639,9,4
21640,0,7
21641,7,4
21642,4,3
21643,3,5
21644,4,8
21645,9,4
21646,9,8
21647,3,5
21648,4,8
21649,8,9
21650,8,8
21651,7,4
21652,2,1
21653,4,3
21654,3,5
21655,4,4
21656,8,5
21657,9,4
21658,0,7
21659,8,9
21660,3,0
21661,5,5
21662,7,8
21663,8,9
21664,4,8
21665,2,1
21666,7,4
21667,6,7
21668,2,5
21669,9,4
21670,2,1
21671,5,9
21672,7,4
21673,3,5
21674,2,1
21675,6,7
21676,6,7
21677,5,5
21678,5,5
21679,7,4
21680,1,0
21681,0,2
21682,1,0
21683,2,1
21684,6,7
21685,3,5
21686,9,2
21687,1,0
21688,8,9
21689,3,5
21690,3,2
21691,2,1
21692,2,5
21693,7,4
21694,8,5
21695,3,9
21696,6,7
21697,1,6
21698,1,6
21699,1,6
21700,7,1
21701,7,4
21702,1,0
21703,0,2
21704,7,8
21705,8,9
21706,7,2
21707,5,3
21708,8,5
21709,1,6
21710,7,3
21711,8,9
21712,6,7
21713,2,1
21714,3,5
21715,1,6
21716,1,0
21717,3,5
21718,9,8
21719,7,4
21720,3,5
21721,0,2
21722,2,5
21723,8,9
21724,9,8
21725,7,4
21726,3,5
21727,2,1
21728,6,2
21729,4,4
21730,8,5
21731,4,4
21732,7,3
21733,8,6
21734,5,5
21735,0,2
21736,0,2
21737,1,6
21738,4,8
21739,5,9
21740,1,0
21741,1,6
21742,2,1
21743,4,3
21744,1,0
21745,6,7
21746,4,8
21747,0,2
21748,9,3
21749,5,5
21750,2,5
21751,1,6
21752,6,7
21753,6,7
21754,5,7
21755,6,7
21756,9,3
21757,9,4
21758,7,8
21759,0,2
21760,2,1
21761,7,4
21762,6,7
21763,6,7
21764,6,7
21765,1,6
21766,0,9
21767,1,6
21768,0,2
21769,0,2
21770,4,8
21771,1,0
21772,6,2
21773,2,1
21774,9,3
21775,3,5
21776,4,8
21777,4,8
21778,8,9
21779,5,5
21780,0,2
21781,6,7
21782,5,9
21783,7,3
21784,2,1
21785,8,9
21786,9,4
21787,9,3
21788,2,1
21789,0,2
21790,7,3
21791,1,0
21792,4,8
21793,2,1
21794,1,0
21795,3,5
21796,2,1
21797,4,8
21798,2,1
21799,5,5
21800,0,2
21801,6,7
21802,2,6
21803,7,3
21804,2,5
21805,8,5
21806,5,9
21807,9,3
21808,6,7
21809,0,2
21810,5,9
21811,1,0
21812,3,5
21813,2,1
21814,4,8
21815,3,5
21816,7,4
21817,4,8
21818,1,6
21819,5,5
21820,5,9
21821,6,7
21822,4,8
21823,7,3
21824,7,8
21825,8,7
21826,8,5
21827,9,3
21828,4,4
21829,1,0
21830,4,8
21831,3,5
21832,6,7
21833,5,5
21834,7,4
21835,9,3
21836,5,5
21837,4,8
21838,6,7
21839,1,6
21840,9,8
21841,7,3
21842,9,3
21843,7,3
21844,6,9
21845,2,1
21846,4,8
21847,1,0
21848,0,2
21849,4,3
21850,5,5
21851,8,5
21852,2,5
21853,3,5
21854,6,7
21855,8,9
21856,6,7
21857,2,1
21858,4,8
21859,9,8
21860,6,7
21861,3,5
21862,6,1
21863,8,5
21864,3,5
21865,5,5
21866,3,5
21867,4,3
21868,8,5
21869,9,8
21870,9,3
21871,7,3
21872,9,8
21873,5,5
21874,0,2
21875,4,8
21876,9,8
21877,3,5
21878,1,6
21879,9,3
21880,2,1
21881,2,1
21882,4,8
21883,5,5
21884,1,0
21885,7,3
21886,4,8
21887,4,8
21888,4,8
21889,1,0
21890,0,2
21891,2,1
21892,9,8
21893,3,5
21894,7,6
21895,5,9
21896,8,5
21897,9,8
21898,0,2
21899,1,0
21900,6,1
21901,6,7
21902,5,8
21903,0,2
21904,7,4
21905,1,0
21906,4,8
21907,0,2
21908,1,0
21909,0,2
21910,0,2
21911,2,1
21912,6,7
21913,8,5
21914,5,5
21915,7,3
21916,4,8
21917,2,1
21918,6,7
21919,5,5
21920,6,7
21921,1,0
21922,4,3
21923,1,0
21924,9,3
21925,8,5
21926,8,5
21927,5,9
21928,1,0
21929,6,7
21930,3,5
21931,4,8
21932,0,7
21933,0,2
21934,6,7
21935,4,8
21936,4,3
21937,7,3
21938,3,5
21939,3,5
21940,4,3
21941,6,7
21942,1,0
21943,8,9
21944,1,0
21945,0,2
21946,3,5
21947,3,5
21948,3,5
21949,7,3
21950,3,5
21951,4,8
21952,2,5
21953,0,2
21954,0,2
21955,6,7
21956,5,2
21957,9,3
21958,1,6
21959,2,1
21960,0,2
21961,6,7
21962,8,5
21963,5,5
21964,1,0
21965,8,5
21966,3,5
21967,6,7
21968,4,8
21969,9,8
21970,0,9
21971,0,2
21972,1,0
21973,4,3
21974,3,5
21975,0,2
21976,5,9
21977,6,7
21978,1,0
21979,1,6
21980,3,5
21981,9,3
21982,2,3
21983,2,1
21984,1,0
21985,0,2
21986,3,5
21987,9,3
21988,4,4
21989,5,9
21990,1,9
21991,1,0
21992,4,8
21993,3,5
21994,4,3
21995,6,7
21996,0,9
21997,9,3
21998,3,5
21999,4,3
22000,3,5
22001,8,9
22002,3,1
22003,3,5
22004,1,0
22005,7,3
22006,6,7
22007,7,4
22008,0,2
22009,6,7
22010,2,1
22011,3,5
22012,4,8
22013,0,2
22014,3,5
22015,5,5
22016,7,8
22017,6,7
22018,7,3
22019,2,1
22020,5,5
22021,2,7
22022,7,3
22023,0,2
22024,3,5
22025,1,0
22026,2,1
22027,2,1
22028,4,3
22029,3,5
22030,5,5
22031,4,8
22032,3,5
22033,5,5
22034,4,8
22035,6,2
22036,2,1
22037,7,8
22038,5,9
22039,8,5
22040,0,2
22041,9,8
22042,5,8
22043,0,2
22044,2,1
22045,1,0
22046,0,2
22047,2,1
22048,0,2
22049,3,5
22050,9,3
22051,4,8
22052,7,6
22053,5,2
22054,8,9
22055,6,7
22056,2,1
22057,7,8
22058,3,5
22059,8,5
22060,8,3
22061,9,8
22062,2,7
22063,0,2
22064,4,8
22065,1,0
22066,1,0
22067,2,1
22068,6,7
22069,3,5
22070,2,5
22071,4,8
22072,9,3
22073,5,5
22074,6,7
22075,6,8
22076,2,1
22077,7,8
22078,9,3
22079,8,5
22080,9,3
22081,9,8
22082,7,8
22083,2,2
22084,6,7
22085,4,8
22086,9,8
22087,1,0
22088,9,3
22089,5,5
22090,7,3
22091,6,1
22092,3,5
22093,1,0
22094,7,1
22095,1,5
22096,4,3
22097,7,8
22098,4,8
22099,8,5
22100,2,1
22101,5,5
22102,5,3
22103,3,5
22104,2,3
22105,4,8
22106,1,0
22107,6,7
22108,9,3
22109,7,8
22110,9,8
22111,0,2
22112,2,2
22113,3,5
22114,3,5
22115,2,1
22116,9,8
22117,9,8
22118,8,9
22119,8,5
22120,1,0
22121,6,1
22122,3,5
22123,8,5
22124,2,4
22125,9,8
22126,3,9
22127,9,8
22128,6,7
22129,7,8
22130,5,3
22131,7,8
22132,2,1
22133,2,5
22134,7,3
22135,1,0
22136,8,7
22137,1,0
22138,4,8
22139,2,2
22140,9,3
22141,8,5
22142,6,2
22143,0,2
22144,0,2
22145,6,1
22146,2,1
22147,5,5
22148,9,8
22149,3,5
22150,8,9
22151,8,5
22152,0,2
22153,1,0
22154,3,5
22155,3,5
22156,5,9
22157,6,1
22158,1,0
22159,0,2
22160,6,1
22161,4,8
22162,3,5
22163,8,5
22164,1,6
22165,9,8
22166,8,5
22167,7,8
22168,1,0
22169,2,5
22170,1,0
22171,7,8
22172,3,5
22173,1,0
22174,9,3
22175,8,5
22176,9,3
22177,2,5
22178,6,7
22179,1,0
22180,5,8
22181,7,3
22182,3,8
22183,7,8
22184,2,1
22185,3,5
22186,5,9
22187,2,1
22188,2,1
22189,4,8
22190,6,7
22191,6,1
22192,1,0
22193,5,5
22194,5,5
22195,9,8
22196,0,2
22197,4,8
22198,2,5
22199,2,5
22200,2,8
22201,8,5
22202,0,2
22203,2,1
22204,3,5
22205,5,5
22206,3,5
22207,1,0
22208,0,2
22209,0,2
22210,6,5
22211,5,5
22212,6,6
22213,0,2
22214,1,0
22215,6,1
22216,9,8
22217,2,5
22218,3,5
22219,3,5
22220,7,3
22221,6,7
22222,1,0
22223,9,8
22224,0,2
22225,0,2
22226,2,1
22227,1,6
22228,7,3
22229,2,8
22230,9,8
22231,3,5
22232,2,5
22233,4,3
22234,3,5
22235,5,9
22236,2,1
22237,6,7
22238,3,5
22239,7,4
22240,6,9
22241,8,3
22242,4,8
22243,9,3
22244,5,9
22245,0,2
22246,9,8
22247,1,6
22248,1,6
22249,2,1
22250,7,3
22251,3,5
22252,2,1
22253,4,4
22254,0,2
22255,5,9
22256,9,3
22257,6,7
22258,6,1
22259,7,4
22260,6,7
22261,8,9
22262,4,8
22263,9,4
22264,5,5
22265,0,2
22266,8,9
22267,1,6
22268,5,9
22269,2,1
22270,0,3
22271,3,5
22272,5,8
22273,4,4
22274,8,9
22275,5,9
22276,4,8
22277,6,7
22278,2,9
22279,7,4
22280,2,1
22281,8,9
22282,6,7
22283,9,6
22284,2,1
22285,4,4
22286,8,9
22287,7,4
22288,0,2
22289,8,9
22290,8,9
22291,6,7
22292,8,5
22293,3,9
22294,0,2
22295,4,3
22296,9,3
22297,0,2
22298,6,7
22299,9,4
22300,7,4
22301,7,4
22302,5,9
22303,1,6
22304,3,5
22305,9,4
22306,0,2
22307,3,5
22308,8,5
22309,8,3
22310,5,8
22311,4,3
22312,9,8
22313,7,4
22314,7,4
22315,3,9
22316,9,9
22317,0,2
22318,3,5
22319,9,4
22320,8,6
22321,9,3
22322,3,5
22323,6,7
22324,8,9
22325,1,6
22326,7,4
22327,4,3
22328,1,0
22329,5,9
22330,1,0
22331,4,4
22332,9,3
22333,6,7
22334,9,8
22335,2,1
22336,7,8
22337,0,2
22338,9,3
22339,6,7
22340,9,8
22341,2,1
22342,7,4
22343,1,0
22344,0,2
22345,1,6
22346,7,4
22347,1,6
22348,7,3
22349,1,6
22350,7,3
22351,7,4
22352,0,2
22353,2,7
22354,5,5
22355,4,4
22356,2,1
22357,2,1
22358,2,1
22359,9,4
22360,6,7
22361,4,3
22362,0,2
22363,5,9
22364,0,2
22365,8,9
22366,3,5
22367,4,4
22368,2,1
22369,2,1
22370,1,0
22371,7,4
22372,4,3
22373,0,2
22374,3,5
22375,0,2
22376,2,7
22377,7,4
22378,0,2
22379,5,9
22380,5,9
22381,7,4
22382,5,5
22383,6,7
22384,6,7
22385,6,7
22386,2,1
22387,6,7
22388,9,8
22389,8,9
22390,9,8
22391,2,1
22392,7,4
22393,5,9
22394,4,8
22395,2,1
22396,5,5
22397,2,1
22398,1,0
22399,7,4
22400,4,4
22401,7,4
22402,4,8
22403,4,4
22404,3,3
22405,0,9
22406,9,3
22407,2,1
22408,3,5
22409,4,4
22410,1,0
22411,2,1
22412,1,0
22413,3,9
22414,2,1
22415,3,9
22416,7,3
22417,3,5
22418,4,3
22419,1,6
22420,7,4
22421,8,9
22422,6,7
22423,9,4
22424,6,7
22425,6,7
22426,5,5
22427,1,6
22428,5,9
22429,0,2
22430,0,2
22431,5,9
22432,0,1
22433,9,4
22434,4,4
22435,6,9
22436,0,2
22437,9,4
22438,8,3
22439,8,3
22440,0,2
22441,0,2
22442,2,1
22443,3,5
22444,0,2
22445,0,2
22446,2,1
22447,9,4
22448,6,7
22449,6,7
22450,9,4
22451,3,5
22452,1,0
22453,0,9
22454,7,4
22455,1,6
22456,4,8
22457,2,1
22458,9,4
22459,3,9
22460,3,5
22461,4,4
22462,1,6
22463,5,9
22464,1,6
22465,6,9
22466,1,0
22467,7,4
22468,3,5
22469,8,9
22470,5,5
22471,9,4
22472,4,8
22473,0,2
22474,3,9
22475,1,6
22476,1,6
22477,3,9
22478,1,0
22479,4,4
22480,4,8
22481,7,9
22482,4,8
22483,8,9
22484,8,5
22485,9,4
22486,2,1
22487,0,9
22488,3,5
22489,1,6
22490,1,0
22491,2,9
22492,3,5
22493,3,9
22494,8,0
22495,4,9
22496,3,5
22497,7,9
22498,7,8
22499,8,9
22500,2,1
22501,9,4
22502,1,0
22503,9,4
22504,4,3
22505,9,4
22506,5,5
22507,8,9
22508,5,5
22509,5,9
22510,0,7
22511,0,2
22512,1,0
22513,7,9
22514,9,8
22515,7,4
22516,2,8
22517,5,7
22518,4,3
22519,7,4
22520,6,7
22521,9,4
22522,3,5
22523,9,4
22524,2,1
22525,4,7
22526,8,9
22527,7,4
22528,7,3
22529,0,7
22530,7,4
22531,4,9
22532,8,5
22533,1,6
22534,7,3
22535,4,4
22536,3,5
22537,4,4
22538,1,5
22539,7,4
22540,9,8
22541,5,9
22542,3,9
22543,8,9
22544,4,8
22545,1,6
22546,7,4
22547,4,9
22548,2,1
22549,9,4
22550,6,1
22551,8,9
22552,9,8
22553,4,4
22554,2,1
22555,1,6
22556,5,9
22557,8,9
22558,2,1
22559,6,9
22560,1,0
22561,6,9
22562,6,5
22563,4,4
22564,4,8
22565,5,4
22566,5,5
22567,3,9
22568,8,8
22569,3,9
22570,7,3
22571,5,9
22572,4,3
22573,2,1
22574,4,8
22575,5,9
22576,9,4
22577,7,4
22578,3,9
22579,2,9
22580,4,3
22581,5,9
22582,1,0
22583,0,2
22584,4,3
22585,8,9
22586,1,0
22587,3,1
22588,7,8
22589,0,9
22590,4,3
22591,8,9
22592,6,7
22593,7,1
22594,2,1
22595,4,9
22596,0,2
22597,9,9
22598,3,5
22599,5,9
22600,6,7
22601,0,2
22602,4,3
22603,0,9
22604,8,9
22605,0,9
22606,2,1
22607,4,9
22608,7,4
22609,6,9
22610,9,8
22611,2,1
22612,2,1
22613,7,4
22614,4,8
22615,6,9
22616,6,1
22617,8,9
22618,6,7
22619,3,9
22620,2,1
22621,1,6
22622,5,9
22623,8,9
22624,2,6
22625,3,1
22626,7,3
22627,1,6
22628,1,6
22629,0,2
22630,4,3
22631,3,9
22632,1,0
22633,6,9
22634,0,2
22635,2,1
22636,0,2
22637,0,2
22638,5,5
22639,1,6
22640,0,2
22641,2,1
22642,1,0
22643,3,1
22644,1,6
22645,4,4
22646,0,7
22647,5,9
22648,9,5
22649,6,7
22650,5,9
22651,7,4
22652,4,8
22653,8,9
22654,6,9
22655,9,4
22656,1,6
22657,0,2
22658,0,9
22659,1,6
22660,4,8
22661,2,1
22662,7,3
22663,3,5
22664,9,5
22665,6,7
22666,4,8
22667,7,4
22668,3,5
22669,0,2
22670,4,7
22671,1,6
22672,9,3
22673,2,8
22674,3,9
22675,3,5
22676,4,8
22677,4,4
22678,9,3
22679,5,9
22680,5,9
22681,6,7
22682,8,5
22683,7,4
22684,9,8
22685,8,9
22686,5,8
22687,9,4
22688,2,1
22689,1,6
22690,6,7
22691,0,2
22692,9,5
22693,6,7
22694,4,3
22695,3,1
22696,2,1
22697,4,8
22698,6,1
22699,4,8
22700,1,6
22701,2,1
22702,6,7
22703,8,9
22704,5,8
22705,1,6
22706,0,2
22707,0,2
22708,3,5
22709,6,7
22710,0,2
22711,7,4
22712,2,1
22713,2,1
22714,4,8
22715,3,5
22716,6,7
22717,3,2
22718,6,7
22719,9,4
22720,5,5
22721,3,1
22722,4,3
22723,3,5
22724,8,5
22725,9,3
22726,2,1
22727,1,6
22728,3,5
22729,5,9
22730,3,5
22731,2,1
22732,5,5
22733,3,5
22734,5,5
22735,1,6
22736,5,5
22737,6,7
22738,3,5
22739,7,4
22740,7,8
22741,3,1
22742,2,1
22743,7,8
22744,0,2
22745,8,9
22746,5,7
22747,4,7
22748,1,0
22749,0,2
22750,4,3
22751,2,1
22752,0,2
22753,7,4
22754,7,3
22755,8,9
22756,5,9
22757,0,2
22758,6,7
22759,7,4
22760,8,9
22761,0,2
22762,9,8
22763,6,7
22764,0,2
22765,9,3
22766,4,4
22767,3,5
22768,4,3
22769,2,1
22770,3,5
22771,4,7
22772,9,8
22773,8,9
22774,4,8
22775,6,7
22776,1,0
22777,0,2
22778,2,1
22779,5,9
22780,9,3
22781,7,4
22782,9,4
22783,5,9
22784,8,9
22785,1,6
22786,4,8
22787,0,2
22788,1,0
22789,6,7
22790,7,6
22791,7,4
22792,2,1
22793,2,1
22794,1,0
22795,9,3
22796,7,3
22797,7,4
22798,1,0
22799,9,4
22800,2,5
22801,5,9
22802,5,9
22803,6,7
22804,9,4
22805,5,9
22806,6,7
22807,2,1
22808,8,9
22809,6,7
22810,8,5
22811,2,1
22812,1,0
22813,8,9
22814,6,7
22815,1,6
22816,0,2
22817,7,4
22818,4,4
22819,5,9
22820,6,7
22821,5,9
22822,5,5
22823,7,4
22824,9,2
22825,3,1
22826,7,4
22827,5,9
22828,1,0
22829,0,2
22830,6,5
22831,1,6
22832,0,7
22833,1,6
22834,6,7
22835,3,1
22836,7,5
22837,8,9
22838,4,8
22839,4,3
22840,6,7
22841,9,3
22842,9,3
22843,4,7
22844,1,6
22845,5,9
22846,5,9
22847,1,6
22848,1,0
22849,8,9
22850,1,0
22851,6,7
22852,2,7
22853,8,9
22854,9,3
22855,9,4
22856,2,1
22857,0,2
22858,7,3
22859,1,6
22860,0,2
22861,2,1
22862,7,3
22863,3,9
22864,2,1
22865,4,8
22866,5,9
22867,5,9
22868,1,0
22869,6,7
22870,7,3
22871,7,4
22872,6,7
22873,8,9
22874,0,2
22875,9,4
22876,7,3
22877,0,2
22878,2,1
22879,1,6
22880,7,4
22881,2,1
22882,0,2
22883,3,9
22884,2,9
22885,4,4
22886,0,2
22887,5,9
22888,1,0
22889,6,7
22890,9,8
22891,7,4
22892,1,0
22893,8,9
22894,3,5
22895,9,4
22896,1,0
22897,0,2
22898,9,8
22899,1,6
22900,2,1
22901,2,1
22902,9,3
22903,3,9
22904,6,7
22905,4,8
22906,3,5
22907,5,9
22908,6,0
22909,6,7
22910,0,5
22911,7,4
22912,0,2
22913,8,9
22914,1,0
22915,9,4
22916,1,0
22917,0,2
22918,5,5
22919,8,9
22920,5,5
22921,7,4
22922,2,1
22923,8,9
22924,8,9
22925,9,4
22926,1,0
22927,9,4
22928,1,6
22929,0,2
22930,2,1
22931,1,6
22932,0,5
22933,4,8
22934,8,0
22935,5,9
22936,6,7
22937,1,6
22938,0,2
22939,6,7
22940,6,1
22941,7,4
22942,5,8
22943,3,9
22944,6,7
22945,2,1
22946,3,5
22947,9,4
22948,9,8
22949,0,2
22950,7,8
22951,5,9
22952,1,0
22953,6,7
22954,0,2
22955,7,4
22956,1,0
22957,3,5
22958,2,1
22959,9,3
22960,4,8
22961,9,3
22962,6,8
22963,3,9
22964,3,5
22965,8,9
22966,8,9
22967,9,4
22968,4,8
22969,6,7
22970,4,8
22971,7,4
22972,1,0
22973,5,9
22974,4,8
22975,6,7
22976,8,9
22977,3,5
22978,0,2
22979,5,9
22980,4,8
22981,0,2
22982,6,9
22983,5,9
22984,7,3
22985,4,8
22986,6,7
22987,0,2
22988,4,8
22989,3,9
22990,2,1
22991,4,4
22992,4,8
22993,7,3
22994,2,1
22995,7,4
22996,3,5
22997,4,3
22998,2,1
22999,3,9
23000,7,8
23001,2,1
23002,7,3
23003,1,6
23004,8,5
23005,5,9
23006,5,5
23007,5,9
23008,8,5
23009,0,9
23010,7,8
23011,5,9
23012,1,0
23013,0,2
23014,4,3
23015,8,9
23016,9,3
23017,4,4
23018,2,5
23019,6,7
23020,2,7
23021,7,4
23022,3,5
23023,0,2
23024,3,5
23025,2,1
23026,2,1
23027,9,3
23028,2,9
23029,3,9
23030,1,0
23031,4,8
23032,0,2
23033,4,8
23034,1,0
23035,8,8
23036,1,0
23037,1,6
23038,2,5
23039,2,1
23040,2,1
23041,2,9
23042,9,8
23043,3,9
23044,0,2
23045,1,6
23046,3,5
23047,3,1
23048,8,9
23049,6,7
23050,6,1
23051,7,3
23052,8,9
23053,3,9
23054,7,4
23055,4,8
23056,1,0
23057,9,3
23058,2,1
23059,1,1
23060,0,9
23061,9,3
23062,9,8
23063,8,9
23064,8,5
23065,5,9
23066,5,5
23067,0,2
23068,7,8
23069,2,1
23070,7,8
23071,8,4
23072,6,7
23073,6,7
23074,7,8
23075,6,7
23076,3,5
23077,8,9
23078,8,5
23079,2,1
23080,2,1
23081,8,9
23082,2,1
23083,4,4
23084,9,8
23085,4,4
23086,8,8
23087,2,1
23088,0,2
23089,2,9
23090,9,8
23091,8,9
23092,8,9
23093,0,2
23094,7,3
23095,0,2
23096,4,8
23097,1,6
23098,6,7
23099,2,7
23100,9,5
23101,3,1
23102,9,8
23103,4,8
23104,0,7
23105,5,9
23106,2,1
23107,6,7
23108,0,2
23109,8,9
23110,6,1
23111,9,8
23112,8,5
23113,0,2
23114,2,4
23115,1,6
23116,3,5
23117,2,1
23118,1,6
23119,3,9
23120,0,2
23121,4,8
23122,4,4
23123,5,8
23124,0,2
23125,6,7
23126,6,7
23127,7,4
23128,9,4
23129,8,9
23130,3,5
23131,0,2
23132,1,0
23133,1,0
23134,1,0
23135,4,8
23136,0,2
23137,5,8
23138,2,5
23139,6,9
23140,7,8
23141,7,4
23142,1,0
23143,8,9
23144,3,5
23145,9,3
23146,5,9
23147,8,9
23148,6,8
23149,7,4
23150,4,8
23151,4,3
23152,4,3
23153,7,4
23154,0,2
23155,7,4
23156,3,5
23157,3,9
23158,5,9
23159,9,3
23160,1,6
23161,8,4
23162,2,1
23163,8,9
23164,7,6
23165,3,1
23166,9,3
23167,1,6
23168,6,7
23169,5,9
23170,9,8
23171,2,1
23172,0,2
23173,7,3
23174,4,8
23175,4,8
23176,1,6
23177,2,8
23178,7,3
23179,6,7
23180,8,9
23181,1,0
23182,1,0
23183,5,9
23184,8,0
23185,2,1
23186,6,7
23187,4,3
23188,4,1
23189,5,9
23190,8,5
23191,5,3
23192,7,3
23193,8,9
23194,2,1
23195,6,9
23196,4,8
23197,4,3
23198,6,7
23199,4,4
23200,5,3
23201,4,4
23202,3,5
23203,1,6
23204,1,0
23205,8,9
23206,3,9
23207,7,4
23208,4,8
23209,5,4
23210,0,2
23211,5,3
23212,9,8
23213,1,6
23214,1,0
23215,8,7
23216,2,1
23217,9,3
23218,3,5
23219,1,0
23220,7,3
23221,3,9
23222,2,1
23223,6,7
23224,9,3
23225,3,5
23226,5,3
23227,3,9
23228,6,7
23229,2,1
23230,7,3
23231,2,1
23232,8,5
23233,6,9
23234,9,8
23235,5,4
23236,6,7
23237,5,5
23238,1,0
23239,3,9
23240,1,0
23241,3,9
23242,3,9
23243,8,9
23244,6,7
23245,1,6
23246,7,4
23247,6,9
23248,7,3
23249,5,8
23250,0,2
23251,6,7
23252,5,5
23253,8,9
23254,1,0
23255,1,6
23256,6,7
23257,9,3
23258,6,7
23259,7,4
23260,7,8
23261,6,7
23262,9,8
23263,8,9
23264,5,5
23265,3,1
23266,9,3
23267,7,3
23268,2,1
23269,4,8
23270,4,8
23271,7,3
23272,4,8
23273,0,2
23274,4,3
23275,9,3
23276,4,8
23277,0,2
23278,9,3
23279,0,2
23280,1,6
23281,3,1
23282,8,9
23283,7,4
23284,6,7
23285,9,3
23286,4,3
23287,3,5
23288,8,3
23289,0,2
23290,1,0
23291,1,6
23292,7,8
23293,0,2
23294,3,5
23295,1,6
23296,8,9
23297,0,2
23298,3,5
23299,4,3
23300,8,9
23301,0,2
23302,1,0
23303,1,6
23304,3,5
23305,0,2
23306,4,8
23307,4,3
23308,1,0
23309,7,4
23310,2,1
23311,9,4
23312,5,5
23313,2,1
23314,9,3
23315,0,2
23316,8,5
23317,6,7
23318,1,0
23319,2,1
23320,3,5
23321,6,9
23322,3,5
23323,2,1
23324,5,9
23325,2,7
23326,4,3
23327,9,3
23328,8,5
23329,9,4
23330,2,1
23331,0,2
23332,5,5
23333,1,0
23334,7,3
23335,2,1
23336,5,9
23337,3,5
23338,3,5
23339,4,8
23340,1,0
23341,5,5
23342,1,6
23343,6,7
23344,3,5
23345,7,8
23346,6,9
23347,8,5
23348,1,0
23349,9,8
23350,8,8
23351,0,2
23352,7,4
23353,1,0
23354,6,7
23355,2,1
23356,6,7
23357,3,5
23358,6,7
23359,4,8
23360,7,4
23361,5,9
23362,0,2
23363,6,7
23364,2,5
23365,9,8
23366,9,4
23367,0,2
23368,8,9
23369,1,0
23370,2,1
23371,2,1
23372,0,2
23373,3,5
23374,9,3
23375,4,8
23376,8,5
23377,5,9
23378,0,2
23379,6,7
23380,0,2
23381,7,3
23382,1,0
23383,8,5
23384,5,5
23385,5,7
23386,7,3
23387,7,3
23388,7,3
23389,0,2
23390,1,0
23391,8,5
23392,5,9
23393,4,3
23394,6,7
23395,0,2
23396,1,0
23397,2,7
23398,8,9
23399,1,0
23400,8,9
23401,0,2
23402,7,4
23403,2,1
23404,1,0
23405,8,9
23406,4,8
23407,5,5
23408,8,5
23409,4,8
23410,2,1
23411,4,0
23412,3,9
23413,1,0
23414,8,9
23415,6,7
23416,6,7
23417,1,0
23418,5,9
23419,3,5
23420,9,3
23421,6,7
23422,8,5
23423,9,8
23424,5,9
23425,3,5
23426,8,5
23427,7,3
23428,8,8
23429,4,8
23430,7,3
23431,9,8
23432,4,4
23433,7,8
23434,5,5
23435,4,3
23436,8,4
23437,8,3
23438,5,5
23439,3,5
23440,8,8
23441,2,7
23442,7,3
23443,7,8
23444,1,6
23445,7,3
23446,9,3
23447,9,8
23448,8,5
23449,5,9
23450,6,7
23451,7,3
23452,5,8
23453,6,1
23454,0,2
23455,5,9
23456,8,8
23457,2,1
23458,8,5
23459,4,8
23460,2,1
23461,8,5
23462,1,0
23463,9,8
23464,0,7
23465,6,7
23466,8,9
23467,9,8
23468,2,7
23469,7,8
23470,1,0
23471,6,7
23472,2,1
23473,1,0
23474,4,8
23475,6,7
23476,6,7
23477,1,0
23478,4,7
23479,7,3
23480,9,3
23481,2,1
23482,3,5
23483,3,5
23484,4,3
23485,6,7
23486,4,8
23487,6,7
23488,3,5
23489,6,7
23490,3,5
23491,2,1
23492,1,0
23493,1,0
23494,2,1
23495,0,2
23496,5,5
23497,5,9
23498,1,0
23499,0,2
23500,6,7
23501,1,0
23502,9,3
23503,2,1
23504,0,7
23505,1,0
23506,0,2
23507,7,3
23508,5,9
23509,8,9
23510,8,5
23511,1,0
23512,9,8
23513,4,8
23514,5,5
23515,9,8
23516,5,5
23517,3,5
23518,5,5
23519,9,3
23520,2,1
23521,0,2
23522,8,0
23523,1,6
23524,8,9
23525,2,1
23526,7,8
23527,3,9
23528,4,8
23529,4,4
23530,1,0
23531,5,9
23532,1,0
23533,6,7
23534,7,8
23535,7,4
23536,0,2
23537,8,9
23538,4,3
23539,9,4
23540,7,4
23541,0,2
23542,9,8
23543,1,6
23544,5,5
23545,2,1
23546,5,5
23547,3,9
23548,9,8
23549,4,4
23550,5,5
23551,7,4
23552,9,3
23553,8,9
23554,1,0
23555,9,4
23556,3,5
23557,0,2
23558,6,7
23559,1,6
23560,8,5
23561,2,1
23562,8,9
23563,3,5
23564,2,1
23565,4,9
23566,6,7
23567,5,1
23568,5,5
23569,6,7
23570,7,4
23571,7,4
23572,3,5
23573,8,9
23574,9,8
23575,9,4
23576,1,0
23577,6,7
23578,2,1
23579,0,2
23580,4,3
23581,3,5
23582,8,9
23583,4,4
23584,2,7
23585,1,6
23586,0,2
23587,4,4
23588,7,5
23589,0,2
23590,7,3
23591,8,9
23592,4,3
23593,6,7
23594,6,1
23595,4,4
23596,4,3
23597,5,9
23598,0,2
23599,4,4
23600,6,7
23601,0,2
23602,8,3
23603,7,4
23604,1,0
23605,8,9
23606,0,2
23607,7,4
23608,4,4
23609,7,4
23610,2,1
23611,9,4
23612,1,0
23613,0,2
23614,1,0
23615,4,4
23616,0,2
23617,9,4
23618,4,3
23619,9,4
23620,5,9
23621,7,4
23622,6,7
23623,4,4
23624,9,8
23625,2,1
23626,6,7
23627,0,9
23628,6,2
23629,5,7
23630,5,3
23631,8,9
23632,5,9
23633,5,9
23634,3,5
23635,9,4
23636,4,8
23637,8,9
23638,9,3
23639,8,9
23640,5,8
23641,4,4
23642,2,1
23643,0,2
23644,4,8
23645,7,4
23646,6,7
23647,1,6
23648,4,8
23649,3,5
23650,8,5
23651,5,9
23652,2,1
23653,6,7
23654,6,7
23655,5,9
23656,1,0
23657,3,9
23658,4,3
23659,8,9
23660,1,0
23661,7,4
23662,0,5
23663,3,9
23664,4,4
23665,1,6
23666,7,4
23667,6,7
23668,5,9
23669,8,9
23670,4,3
23671,5,9
23672,3,5
23673,9,4
23674,8,0
23675,2,1
23676,5,5
23677,2,1
23678,7,8
23679,0,2
23680,8,0
23681,9,4
23682,9,8
23683,2,1
23684,7,8
23685,4,4
23686,7,3
23687,6,7
23688,6,1
23689,5,9
23690,5,5
23691,2,1
23692,4,8
23693,1,6
23694,6,1
23695,3,5
23696,4,8
23697,6,7
23698,7,3
23699,6,7
23700,3,5
23701,2,1
23702,8,9
23703,1,6
23704,7,3
23705,2,1
23706,6,7
23707,6,7
23708,7,3
23709,0,2
23710,9,3
23711,7,4
23712,3,5
23713,4,4
23714,4,8
23715,7,4
23716,2,0
23717,8,9
23718,2,5
23719,9,4
23720,6,7
23721,2,1
23722,5,5
23723,9,4
23724,3,9
23725,5,9
23726,7,4
23727,1,6
23728,0,9
23729,8,9
23730,3,1
23731,3,9
23732,9,3
23733,5,2
23734,5,5
23735,6,7
23736,5,5
23737,8,9
23738,9,8
23739,0,2
23740,1,6
23741,0,2
23742,6,7
23743,9,4
23744,9,3
23745,9,4
23746,5,5
23747,3,9
23748,9,3
23749,1,6
23750,8,9
23751,1,6
23752,7,3
23753,0,2
23754,0,2
23755,1,6
23756,1,0
23757,2,1
23758,6,8
23759,3,5
23760,7,3
23761,4,4
23762,1,6
23763,5,5
23764,2,1
23765,6,7
23766,6,7
23767,7,4
23768,8,5
23769,8,5
23770,2,1
23771,9,8
23772,9,8
23773,0,2
23774,6,9
23775,1,6
23776,2,1
23777,2,1
23778,3,5
23779,3,5
23780,6,7
23781,4,4
23782,7,0
23783,5,9
23784,7,3
23785,6,7
23786,0,2
23787,7,4
23788,1,0
23789,8,9
23790,6,1
23791,9,3
23792,5,5
23793,0,2
23794,2,1
23795,1,6
23796,3,5
23797,2,1
23798,7,4
23799,3,5
23800,2,1
23801,4,4
23802,7,3
23803,7,2
23804,8,5
23805,8,9
23806,5,5
23807,9,8
23808,5,9
23809,0,9
23810,3,5
23811,7,4
23812,3,2
23813,0,2
23814,2,5
23815,7,4
23816,9,8
23817,8,9
23818,1,0
23819,3,5
23820,3,5
23821,0,2
23822,1,0
23823,0,2
23824,5,9
23825,5,5
23826,2,1
23827,5,9
23828,0,2
23829,3,5
23830,6,7
23831,8,5
23832,5,5
23833,8,9
23834,4,8
23835,1,6
23836,5,5
23837,4,4
23838,9,8
23839,6,7
23840,7,4
23841,1,6
23842,0,2
23843,8,9
23844,1,6
23845,0,2
23846,2,5
23847,2,1
23848,8,9
23849,7,3
23850,6,7
23851,3,5
23852,1,6
23853,9,3
23854,1,6
23855,4,4
23856,0,2
23857,1,6
23858,5,9
23859,2,9
23860,3,5
23861,5,3
23862,1,0
23863,9,8
23864,9,4
23865,8,4
23866,3,5
23867,9,8
23868,9,5
23869,5,9
23870,5,5
23871,4,8
23872,1,0
23873,3,5
23874,5,5
23875,0,2
23876,9,8
23877,3,8
23878,4,8
23879,3,5
23880,9,8
23881,4,8
23882,0,7
23883,7,4
23884,0,2
23885,1,6
23886,1,6
23887,2,1
23888,3,9
23889,1,6
23890,8,9
23891,0,2
23892,1,0
23893,6,7
23894,2,1
23895,2,1
23896,4,8
23897,3,5
23898,6,7
23899,8,9
23900,6,1
23901,9,8
23902,7,8
23903,5,9
23904,4,8
23905,6,7
23906,5,5
23907,6,7
23908,1,0
23909,7,4
23910,1,0
23911,1,6
23912,5,5
23913,4,4
23914,0,2
23915,6,7
23916,2,1
23917,2,1
23918,5,5
23919,9,8
23920,5,4
23921,1,6
23922,6,7
23923,5,9
23924,6,7
23925,5,3
23926,0,2
23927,5,3
23928,5,5
23929,3,9
23930,8,5
23931,1,6
23932,7,0
23933,4,4
23934,2,1
23935,8,9
23936,4,8
23937,6,7
23938,5,5
23939,3,5
23940,0,2
23941,7,3
23942,2,9
23943,0,2
23944,9,8
23945,9,8
23946,7,4
23947,5,9
23948,8,9
23949,6,7
23950,9,3
23951,7,4
23952,2,5
23953,1,6
23954,1,0
23955,3,5
23956,4,1
23957,2,1
23958,6,7
23959,6,7
23960,1,6
23961,2,1
23962,3,2
23963,6,7
23964,8,5
23965,7,4
23966,8,9
23967,8,9
23968,7,6
23969,7,3
23970,1,6
23971,0,2
23972,5,9
23973,1,6
23974,4,4
23975,2,1
23976,9,3
23977,3,5
23978,7,3
23979,4,8
23980,0,7
23981,5,3
23982,2,3
23983,6,7
23984,1,0
23985,7,3
23986,3,9
23987,8,9
23988,0,5
23989,9,3
23990,9,2
23991,0,2
23992,4,8
23993,1,6
23994,2,1
23995,2,1
23996,5,5
23997,3,5
23998,9,4
23999,4,8
24000,8,9
24001,5,9
24002,8,5
24003,6,7
24004,5,9
24005,7,3
24006,9,4
24007,8,9
24008,7,4
24009,9,4
24010,2,1
24011,0,2
24012,2,1
24013,1,6
24014,2,1
24015,2,1
24016,6,7
24017,3,5
24018,4,3
24019,4,3
24020,1,6
24021,5,9
24022,7,3
24023,6,7
24024,0,2
24025,7,3
24026,8,3
24027,8,9
24028,3,5
24029,9,4
24030,6,7
24031,6,7
24032,4,3
24033,4,3
24034,0,2
24035,2,1
24036,2,1
24037,6,7
24038,1,5
24039,4,3
24040,7,3
24041,7,3
24042,3,5
24043,5,9
24044,7,8
24045,5,9
24046,8,5
24047,4,3
24048,8,5
24049,7,3
24050,2,1
24051,8,9
24052,4,4
24053,9,3
24054,9,3
24055,2,1
24056,5,9
24057,9,3
24058,6,7
24059,3,5
24060,2,1
24061,9,3
24062,9,3
24063,3,3
24064,7,3
24065,8,9
24066,3,5
24067,2,1
24068,5,9
24069,0,2
24070,1,0
24071,9,3
24072,0,2
24073,8,9
24074,6,8
24075,0,2
24076,4,8
24077,5,9
24078,0,2
24079,6,7
24080,1,6
24081,0,2
24082,9,3
24083,1,0
24084,4,7
24085,0,2
24086,1,0
24087,4,3
24088,7,3
24089,2,1
24090,1,0
24091,6,7
24092,9,3
24093,5,5
24094,7,3
24095,3,5
24096,2,1
24097,5,5
24098,2,1
24099,3,9
24100,5,9
24101,8,4
24102,1,6
24103,0,2
24104,3,5
24105,0,2
24106,5,5
24107,5,9
24108,8,3
24109,4,3
24110,8,9
24111,3,3
24112,8,9
24113,4,8
24114,4,3
24115,1,0
24116,2,1
24117,5,9
24118,2,1
24119,3,5
24120,4,8
24121,0,2
24122,1,0
24123,8,9
24124,2,5
24125,3,1
24126,1,0
24127,6,7
24128,5,5
24129,2,1
24130,8,5
24131,7,3
24132,3,5
24133,1,6
24134,8,5
24135,1,6
24136,1,0
24137,8,9
24138,7,3
24139,1,0
24140,7,3
24141,7,4
24142,3,5
24143,1,6
24144,3,5
24145,3,3
24146,6,7
24147,8,9
24148,0,2
24149,5,9
24150,8,9
24151,0,2
24152,2,1
24153,9,3
24154,4,8
24155,7,3
24156,9,8
24157,6,7
24158,6,7
24159,7,3
24160,8,1
24161,4,3
24162,6,7
24163,1,6
24164,9,6
24165,6,7
24166,5,5
24167,8,9
24168,1,6
24169,4,3
24170,5,5
24171,7,3
24172,7,3
24173,5,9
24174,4,8
24175,1,6
24176,3,5
24177,2,1
24178,9,8
24179,6,7
24180,5,5
24181,7,3
24182,2,1
24183,1,6
24184,6,7
24185,9,3
24186,7,4
24187,8,9
24188,0,2
24189,0,7
24190,8,9
24191,6,7
24192,4,3
24193,9,3
24194,9,4
24195,4,3
24196,3,5
24197,9,3
24198,2,1
24199,9,4
24200,7,3
24201,6,7
24202,5,7
24203,2,1
24204,3,5
24205,3,5
24206,2,1
24207,7,3
24208,1,0
24209,1,0
24210,9,8
24211,9,3
24212,0,5
24213,2,1
24214,6,7
24215,2,1
24216,1,0
24217,5,9
24218,3,5
24219,3,5
24220,6,7
24221,7,8
24222,1,0
24223,8,9
24224,6,9
24225,0,2
24226,2,5
24227,1,6
24228,7,3
24229,2,1
24230,9,8
24231,3,5
24232,5,5
24233,4,4
24234,8,9
24235,5,9
24236,7,3
24237,6,7
24238,2,7
24239,7,4
24240,8,3
24241,8,9
24242,6,7
24243,9,4
24244,4,8
24245,0,2
24246,9,8
24247,1,6
24248,3,5
24249,2,1
24250,5,0
24251,3,5
24252,5,5
24253,4,4
24254,7,4
24255,5,9
24256,8,5
24257,6,7
24258,4,7
24259,7,4
24260,7,4
24261,8,9
24262,4,3
24263,9,4
24264,3,5
24265,0,2
24266,6,7
24267,1,6
24268,0,7
24269,2,1
24270,9,3
24271,3,9
24272,4,8
24273,4,4
24274,4,8
24275,5,1
24276,0,9
24277,6,9
24278,3,6
24279,1,6
24280,7,8
24281,3,9
24282,4,8
24283,5,9
24284,3,8
24285,9,4
24286,6,7
24287,4,4
24288,1,0
24289,1,6
24290,2,1
24291,7,4
24292,4,6
24293,1,6
24294,3,5
24295,4,4
24296,4,8
24297,8,9
24298,4,8
24299,3,5
24300,9,8
24301,8,9
24302,4,3
24303,2,1
24304,6,7
24305,9,4
24306,1,0
24307,3,5
24308,0,2
24309,8,9
24310,5,5
24311,8,9
24312,8,5
24313,9,4
24314,7,8
24315,7,4
24316,4,3
24317,5,9
24318,5,9
24319,9,4
24320,0,2
24321,2,1
24322,1,6
24323,5,9
24324,5,5
24325,7,4
24326,3,5
24327,4,4
24328,1,0
24329,1,6
24330,5,9
24331,2,1
24332,5,5
24333,3,5
24334,4,8
24335,5,9
24336,3,5
24337,9,4
24338,3,5
24339,1,6
24340,4,8
24341,1,6
24342,6,7
24343,0,2
24344,8,9
24345,0,2
24346,0,2
24347,2,7
24348,0,2
24349,8,9
24350,3,5
24351,7,4
24352,1,0
24353,5,9
24354,3,5
24355,1,6
24356,3,5
24357,1,6
24358,3,5
24359,8,9
24360,2,7
24361,5,9
24362,7,0
24363,6,9
24364,7,3
24365,4,4
24366,1,0
24367,0,2
24368,1,0
24369,3,5
24370,8,0
24371,0,2
24372,7,3
24373,3,1
24374,5,5
24375,7,4
24376,1,0
24377,6,7
24378,4,4
24379,9,4
24380,6,7
24381,2,1
24382,7,3
24383,6,7
24384,7,4
24385,6,9
24386,3,5
24387,9,3
24388,0,2
24389,0,2
24390,2,6
24391,4,1
24392,6,7
24393,0,2
24394,5,5
24395,6,7
24396,8,5
24397,1,6
24398,9,3
24399,0,2
24400,3,5
24401,9,4
24402,5,5
24403,5,9
24404,8,5
24405,1,6
24406,2,1
24407,3,9
24408,5,5
24409,7,4
24410,8,5
24411,6,7
24412,7,3
24413,9,4
24414,3,5
24415,7,4
24416,8,5
24417,3,5
24418,2,1
24419,0,2
24420,9,8
24421,5,9
24422,8,5
24423,6,7
24424,1,4
24425,2,1
24426,5,5
24427,2,1
24428,6,7
24429,0,2
24430,2,1
24431,1,6
24432,4,8
24433,2,1
24434,7,6
24435,3,9
24436,1,6
24437,4,8
24438,6,7
24439,5,9
24440,0,7
24441,6,7
24442,3,5
24443,7,4
24444,0,2
24445,0,2
24446,3,9
24447,1,0
24448,3,5
24449,2,1
24450,2,1
24451,3,5
24452,3,5
24453,6,7
24454,9,3
24455,7,3
24456,4,3
24457,8,9
24458,6,7
24459,9,4
24460,8,9
24461,1,0
24462,2,8
24463,0,2
24464,7,4
24465,1,6
24466,1,0
24467,2,1
24468,9,8
24469,3,9
24470,1,0
24471,4,8
24472,4,8
24473,5,7
24474,6,7
24475,6,7
24476,0,2
24477,7,4
24478,9,3
24479,8,6
24480,0,2
24481,3,5
24482,9,8
24483,1,6
24484,2,1
24485,2,7
24486,6,2
24487,1,6
24488,6,7
24489,9,8
24490,5,5
24491,2,7
24492,5,3
24493,4,3
24494,9,3
24495,0,2
24496,9,3
24497,9,8
24498,8,5
24499,9,3
24500,7,3
24501,3,5
24502,7,4
24503,7,4
24504,5,9
24505,7,3
24506,4,8
24507,9,3
24508,9,8
24509,1,0
24510,0,2
24511,4,3
24512,3,5
24513,2,7
24514,4,8
24515,7,4
24516,5,5
24517,2,7
24518,7,8
24519,5,9
24520,2,1
24521,8,9
24522,6,7
24523,6,7
24524,3,5
24525,0,2
24526,6,7
24527,4,3
24528,3,8
24529,0,2
24530,4,4
24531,3,8
24532,3,5
24533,8,9
24534,8,5
24535,1,0
24536,1,0
24537,0,2
24538,9,3
24539,3,9
24540,7,8
24541,0,2
24542,4,3
24543,4,3
24544,7,3
24545,7,4
24546,2,1
24547,4,8
24548,7,3
24549,9,4
24550,7,3
24551,2,1
24552,2,1
24553,9,4
24554,6,7
24555,1,6
24556,9,3
24557,2,7
24558,8,8
24559,5,9
24560,3,5
24561,7,6
24562,8,4
24563,1,0
24564,1,6
24565,7,3
24566,9,8
24567,1,0
24568,7,8
24569,6,7
24570,2,1
24571,7,3
24572,7,4
24573,3,5
24574,5,5
24575,3,5
24576,6,7
24577,6,7
24578,8,9
24579,5,9
24580,1,0
24581,6,7
24582,2,1
24583,7,4
24584,3,5
24585,6,7
24586,8,5
24587,8,7
24588,9,3
24589,8,9
24590,4,8
24591,2,1
24592,6,7
24593,9,3
24594,9,8
24595,5,5
24596,9,8
24597,3,5
24598,8,2
24599,7,4
24600,8,9
24601,4,8
24602,2,1
24603,3,5
24604,4,8
24605,0,2
24606,1,0
24607,4,8
24608,5,7
24609,6,7
24610,3,5
24611,6,7
24612,2,1
24613,9,8
24614,5,8
24615,0,2
24616,6,1
24617,1,6
24618,2,1
24619,1,6
24620,9,1
24621,3,5
24622,6,7
24623,2,1
24624,1,0
24625,1,6
24626,1,6
24627,0,2
24628,1,0
24629,0,9
24630,5,5
24631,1,6
24632,2,7
24633,2,1
24634,1,0
24635,3,9
24636,0,7
24637,4,4
24638,6,1
24639,7,4
24640,0,2
24641,8,9
24642,4,8
24643,9,3
24644,7,3
24645,0,9
24646,8,0
24647,1,6
24648,4,3
24649,2,9
24650,5,5
24651,3,9
24652,7,3
24653,4,4
24654,8,5
24655,7,4
24656,6,7
24657,8,5
24658,8,9
24659,9,8
24660,5,8
24661,0,2
24662,7,4
24663,1,6
24664,8,5
24665,2,1
24666,5,5
24667,3,9
24668,4,3
24669,4,4
24670,7,8
24671,5,9
24672,3,5
24673,6,9
24674,2,1
24675,7,4
24676,0,2
24677,8,9
24678,1,0
24679,8,9
24680,3,5
24681,0,2
24682,7,8
24683,5,9
24684,9,0
24685,6,7
24686,8,9
24687,6,9
24688,1,7
24689,0,9
24690,2,1
24691,8,9
24692,7,8
24693,0,2
24694,9,3
24695,2,1
24696,0,2
24697,3,9
24698,0,2
24699,7,4
24700,7,4
24701,9,4
24702,7,4
24703,4,4
24704,9,8
24705,7,4
24706,0,2
24707,1,6
24708,5,5
24709,7,4
24710,1,0
24711,1,6
24712,9,8
24713,4,4
24714,1,0
24715,0,9
24716,5,5
24717,0,9
24718,5,3
24719,4,4
24720,8,9
24721,1,6
24722,2,1
24723,7,4
24724,2,1
24725,5,9
24726,6,2
24727,7,4
24728,2,1
24729,1,6
24730,5,9
24731,3,4
24732,2,1
24733,3,4
24734,4,8
24735,3,9
24736,9,8
24737,1,6
24738,1,0
24739,6,7
24740,8,8
24741,9,3
24742,7,4
24743,7,4
24744,4,3
24745,4,4
24746,2,3
24747,3,9
24748,3,5
24749,0,9
24750,6,7
24751,2,1
24752,2,7
24753,6,7
24754,6,7
24755,0,9
24756,9,3
24757,8,9
24758,4,8
24759,9,3
24760,8,5
24761,4,4
24762,1,0
24763,3,9
24764,6,7
24765,5,9
24766,4,3
24767,4,9
24768,8,5
24769,8,9
24770,3,9
24771,1,6
24772,3,3
24773,5,9
24774,6,7
24775,9,3
24776,0,7
24777,0,2
24778,5,5
24779,6,6
24780,3,5
24781,4,4
24782,1,0
24783,3,9
24784,3,9
24785,6,9
24786,2,1
24787,3,9
24788,7,3
24789,3,9
24790,2,0
24791,8,9
24792,5,9
24793,1,6
24794,2,2
24795,4,4
24796,2,1
24797,7,4
24798,4,2
24799,5,9
24800,1,0
24801,7,4
24802,6,7
24803,2,1
24804,6,7
24805,2,1
24806,8,9
24807,0,9
24808,1,0
24809,0,9
24810,4,8
24811,1,6
24812,5,9
24813,7,4
24814,1,0
24815,7,4
24816,7,4
24817,9,4
24818,7,3
24819,5,9
24820,5,5
24821,9,4
24822,4,3
24823,8,9
24824,1,6
24825,9,4
24826,8,0
24827,6,9
24828,0,5
24829,8,9
24830,7,3
24831,8,9
24832,6,7
24833,2,9
24834,1,6
24835,3,5
24836,2,1
24837,6,7
24838,1,0
24839,1,6
24840,0,2
24841,2,1
24842,0,2
24843,9,4
24844,2,1
24845,8,9
24846,0,2
24847,5,9
24848,1,0
24849,2,9
24850,3,9
24851,6,9
24852,8,9
24853,2,9
24854,5,9
24855,4,4
24856,0,2
24857,8,9
24858,0,2
24859,5,9
24860,9,8
24861,0,2
24862,2,1
24863,1,6
24864,5,7
24865,2,1
24866,4,8
24867,3,5
24868,3,5
24869,4,8
24870,3,3
24871,6,7
24872,0,2
24873,7,4
24874,4,3
24875,8,9
24876,2,5
24877,0,9
24878,7,4
24879,1,6
24880,4,8
24881,2,1
24882,7,4
24883,3,9
24884,7,3
24885,4,8
24886,3,5
24887,5,9
24888,1,0
24889,8,9
24890,5,5
24891,9,3
24892,0,2
24893,0,2
24894,4,8
24895,1,6
24896,0,2
24897,2,1
24898,9,8
24899,3,7
24900,1,0
24901,4,4
24902,9,8
24903,5,9
24904,1,0
24905,6,7
24906,3,5
24907,7,4
24908,5,5
24909,8,9
24910,5,9
24911,9,4
24912,4,3
24913,0,2
24914,9,0
24915,1,6
24916,9,3
24917,7,4
24918,1,0
24919,9,4
24920,9,3
24921,5,9
24922,4,8
24923,1,6
24924,1,0
24925,8,9
24926,8,5
24927,9,3
24928,7,8
24929,4,3
24930,1,0
24931,3,5
24932,1,0
24933,1,6
24934,6,2
24935,7,4
24936,9,8
24937,8,9
24938,7,8
24939,2,8
24940,0,2
24941,4,3
24942,9,3
24943,3,1
24944,6,1
24945,6,7
24946,9,3
24947,9,3
24948,6,7
24949,9,4
24950,8,6
24951,5,9
24952,0,2
24953,8,9
24954,8,5
24955,6,7
24956,9,3
24957,6,7
24958,1,0
24959,8,9
24960,5,5
24961,2,1
24962,0,2
24963,6,7
24964,7,4
24965,3,5
24966,1,0
24967,9,3
24968,2,1
24969,3,5
24970,1,1
24971,2,1
24972,2,1
24973,1,6
24974,1,0
24975,7,3
24976,4,8
24977,4,4
24978,0,2
24979,8,6
24980,4,3
24981,8,6
24982,2,4
24983,9,4
24984,7,0
24985,0,2
24986,4,3
24987,3,5
24988,0,2
24989,3,5
24990,7,8
24991,9,4
24992,4,8
24993,0,2
24994,7,3
24995,5,5
24996,1,0
24997,2,1
24998,9,8
24999,9,4
25000,3,3
25001,4,4
25002,5,5
25003,1,6
25004,2,1
25005,0,2
25006,4,4
25007,3,5
25008,8,9
25009,7,3
25010,6,7
25011,7,3
25012,8,3
25013,7,4
25014,4,8
25015,8,9
25016,8,5
25017,2,1
25018,8,8
25019,9,3
25020,2,1
25021,7,3
25022,0,2
25023,5,9
25024,0,2
25025,5,9
25026,7,8
25027,1,6
25028,3,5
25029,2,1
25030,6,7
25031,6,7
25032,3,5
25033,3,5
25034,3,6
25035,6,7
25036,1,3
25037,6,7
25038,2,1
25039,0,2
25040,3,5
25041,2,1
25042,1,0
25043,8,9
25044,9,3
25045,1,6
25046,9,3
25047,6,7
25048,4,3
25049,1,6
25050,4,4
25051,0,2
25052,1,0
25053,4,4
25054,1,6
25055,3,2
25056,4,8
25057,1,6
25058,7,4
25059,6,7
25060,7,3
25061,1,6
25062,7,3
25063,9,4
25064,1,0
25065,0,2
25066,5,9
25067,1,0
25068,6,7
25069,2,1
25070,7,3
25071,3,5
25072,8,5
25073,4,8
25074,8,4
25075,5,9
25076,6,7
25077,6,7
25078,3,5
25079,7,4
25080,5,5
25081,8,5
25082,0,2
25083,9,3
25084,5,9
25085,0,2
25086,4,8
25087,1,0
25088,2,1
25089,2,1
25090,6,7
25091,3,5
25092,0,9
25093,4,8
25094,3,5
25095,7,3
25096,5,1
25097,8,9
25098,6,7
25099,9,4
25100,4,8
25101,0,2
25102,6,7
25103,1,6
25104,6,7
25105,2,1
25106,3,5
25107,3,5
25108,6,7
25109,4,3
25110,7,3
25111,5,4
25112,1,6
25113,6,7
25114,4,3
25115,7,4
25116,3,9
25117,8,9
25118,1,0
25119,9,4
25120,8,9
25121,7,3
25122,2,1
25123,7,4
25124,1,0
25125,7,3
25126,7,4
25127,3,5
25128,7,8
25129,1,0
25130,7,4
25131,8,5
25132,8,5
25133,7,4
25134,9,8
25135,6,7
25136,2,1
25137,0,2
25138,2,6
25139,2,1
25140,7,4
25141,6,7
25142,6,7
25143,8,9
25144,5,7
25145,3,5
25146,8,5
25147,2,1
25148,2,7
25149,8,5
25150,2,1
25151,1,0
25152,0,5
25153,1,0
25154,4,8
25155,7,3
25156,2,5
25157,2,2
25158,5,3
25159,0,7
25160,7,4
25161,7,3
25162,4,8
25163,1,6
25164,3,5
25165,6,7
25166,0,2
25167,0,2
25168,9,3
25169,4,4
25170,4,8
25171,6,7
25172,3,5
25173,4,4
25174,3,5
25175,4,4
25176,4,7
25177,5,9
25178,5,2
25179,8,9
25180,4,8
25181,0,2
25182,4,8
25183,6,7
25184,4,3
25185,2,1
25186,8,5
25187,3,5
25188,4,3
25189,1,0
25190,5,5
25191,3,5
25192,5,2
25193,6,7
25194,4,8
25195,8,5
25196,1,6
25197,4,6
25198,5,9
25199,0,2
25200,7,4
25201,7,3
25202,1,0
25203,5,9
25204,6,7
25205,8,9
25206,0,2
25207,8,5
25208,3,5
25209,3,5
25210,3,5
25211,7,4
25212,9,3
25213,8,9
25214,0,2
25215,9,8
25216,9,3
25217,2,1
25218,4,8
25219,6,7
25220,2,6
25221,2,1
25222,3,5
25223,5,8
25224,9,3
25225,3,5
25226,6,7
25227,1,0
25228,8,9
25229,7,3
25230,1,0
25231,3,5
25232,8,6
25233,9,3
25234,4,8
25235,1,6
25236,8,9
25237,9,8
25238,2,1
25239,9,3
25240,5,5
25241,6,7
25242,7,3
25243,0,2
25244,1,0
25245,3,5
25246,2,7
25247,9,4
25248,9,3
25249,2,1
25250,8,5
25251,8,9
25252,0,2
25253,1,6
25254,8,5
25255,4,8
25256,8,5
25257,3,5
25258,9,8
25259,5,7
25260,4,8
25261,2,1
25262,8,5
25263,9,4
25264,1,6
25265,2,1
25266,3,5
25267,9,4
25268,1,0
25269,1,6
25270,6,7
25271,6,7
25272,2,1
25273,5,9
25274,1,0
25275,8,9
25276,8,5
25277,9,4
25278,0,2
25279,4,4
25280,9,8
25281,2,9
25282,3,5
25283,5,9
25284,3,5
25285,0,2
25286,7,3
25287,1,0
25288,4,8
25289,2,1
25290,0,2
25291,3,5
25292,4,8
25293,4,8
25294,2,5
25295,5,5
25296,3,5
25297,6,1
25298,9,3
25299,7,3
25300,7,8
25301,8,2
25302,1,6
25303,9,3
25304,0,2
25305,0,2
25306,6,7
25307,1,0
25308,7,0
25309,2,7
25310,1,0
25311,3,5
25312,0,2
25313,4,8
25314,7,4
25315,5,8
25316,6,7
25317,6,1
25318,2,3
25319,7,4
25320,8,5
25321,8,2
25322,1,6
25323,9,8
25324,1,0
25325,0,2
25326,8,8
25327,1,0
25328,3,0
25329,2,1
25330,5,8
25331,3,5
25332,2,7
25333,4,8
25334,4,8
25335,5,5
25336,1,0
25337,6,7
25338,6,1
25339,7,3
25340,6,7
25341,8,8
25342,5,9
25343,9,8
25344,0,7
25345,6,7
25346,3,0
25347,4,3
25348,7,4
25349,2,1
25350,7,8
25351,6,7
25352,1,0
25353,4,3
25354,1,0
25355,7,3
25356,5,5
25357,5,5
25358,6,7
25359,5,5
25360,8,9
25361,4,8
25362,8,4
25363,7,3
25364,1,0
25365,8,5
25366,0,2
25367,9,8
25368,6,7
25369,2,1
25370,7,4
25371,9,8
25372,9,8
25373,3,5
25374,6,7
25375,9,8
25376,9,8
25377,3,5
25378,4,3
25379,8,5
25380,4,3
25381,2,1
25382,4,8
25383,0,2
25384,5,8
25385,9,3
25386,0,2
25387,8,5
25388,8,9
25389,0,2
25390,0,7
25391,5,5
25392,7,8
25393,6,7
25394,1,0
25395,0,2
25396,4,8
25397,1,0
25398,3,5
25399,0,2
25400,8,5
25401,4,8
25402,5,5
25403,2,1
25404,9,3
25405,6,7
25406,2,1
25407,5,5
25408,0,2
25409,3,5
25410,4,8
25411,5,5
25412,2,1
25413,3,5
25414,1,6
25415,8,5
25416,1,0
25417,3,5
25418,8,3
25419,4,3
25420,0,2
25421,1,0
25422,6,1
25423,5,5
25424,6,7
25425,3,5
25426,7,4
25427,0,2
25428,1,0
25429,8,5
25430,6,9
25431,3,5
25432,9,8
25433,0,2
25434,1,0
25435,6,7
25436,1,0
25437,2,1
25438,4,3
25439,7,3
25440,5,9
25441,1,0
25442,2,1
25443,1,0
25444,7,4
25445,8,5
25446,9,8
25447,1,0
25448,1,0
25449,7,3
25450,1,0
25451,1,0
25452,7,3
25453,3,5
25454,3,9
25455,8,5
25456,0,2
25457,5,5
25458,7,4
25459,2,1
25460,0,2
25461,0,2
25462,6,1
25463,9,8
25464,8,5
25465,7,3
25466,5,9
25467,6,7
25468,5,5
25469,7,3
25470,4,7
25471,4,3
25472,9,8
25473,1,0
25474,1,6
25475,6,7
25476,2,1
25477,8,5
25478,9,0
25479,4,3
25480,3,7
25481,7,3
25482,8,6
25483,5,5
25484,4,4
25485,1,0
25486,8,1
25487,2,1
25488,4,8
25489,6,7
25490,4,8
25491,7,3
25492,2,1
25493,9,8
25494,5,5
25495,8,8
25496,1,0
25497,0,2
25498,4,4
25499,6,7
25500,7,3
25501,9,8
25502,9,8
25503,4,8
25504,1,0
25505,6,7
25506,7,3
25507,2,1
25508,5,4
25509,3,5
25510,2,1
25511,7,3
25512,0,2
25513,1,0
25514,8,5
25515,9,3
25516,2,1
25517,2,1
25518,0,2
25519,2,1
25520,6,7
25521,5,5
25522,7,3
25523,3,5
25524,1,6
25525,7,3
25526,2,1
25527,8,5
25528,9,5
25529,0,2
25530,2,1
25531,1,0
25532,9,3
25533,2,1
25534,4,3
25535,3,5
25536,3,5
25537,1,0
25538,3,5
25539,5,5
25540,1,6
25541,6,7
25542,0,2
25543,7,3
25544,8,9
25545,8,5
25546,8,7
25547,0,2
25548,2,1
25549,1,0
25550,4,8
25551,2,1
25552,3,9
25553,3,9
25554,7,3
25555,4,3
25556,8,5
25557,5,9
25558,4,8
25559,6,7
25560,5,5
25561,7,3
25562,9,4
25563,8,9
25564,2,1
25565,9,3
25566,5,5
25567,0,2
25568,8,9
25569,1,0
25570,2,1
25571,2,1
25572,6,7
25573,3,9
25574,2,1
25575,4,3
25576,0,9
25577,5,2
25578,7,3
25579,6,7
25580,5,5
25581,7,4
25582,8,9
25583,8,9
25584,0,2
25585,9,3
25586,3,1
25587,8,9
25588,5,9
25589,9,3
25590,3,9
25591,2,1
25592,8,9
25593,6,7
25594,7,3
25595,1,0
25596,1,9
25597,7,3
25598,5,5
25599,6,7
25600,1,0
25601,3,5
25602,4,8
25603,5,5
25604,4,8
25605,4,3
25606,1,0
25607,8,9
25608,6,7
25609,2,1
25610,7,3
25611,6,7
25612,4,8
25613,4,4
25614,6,7
25615,7,3
25616,4,8
25617,2,1
25618,2,1
25619,3,5
25620,8,9
25621,4,8
25622,5,9
25623,5,5
25624,9,9
25625,9,3
25626,0,2
25627,2,1
25628,1,0
25629,0,2
25630,3,5
25631,3,5
25632,2,1
25633,9,8
25634,9,8
25635,4,3
25636,6,1
25637,9,3
25638,6,7
25639,7,3
25640,9,8
25641,3,9
25642,7,4
25643,9,8
25644,4,2
25645,3,5
25646,6,1
25647,8,9
25648,9,3
25649,7,3
25650,0,9
25651,1,6
25652,9,8
25653,4,3
25654,5,5
25655,9,3
25656,4,3
25657,8,9
25658,2,1
25659,5,9
25660,4,8
25661,8,5
25662,4,8
25663,2,1
25664,9,8
25665,6,7
25666,1,6
25667,9,3
25668,4,8
25669,5,7
25670,4,8
25671,3,5
25672,2,1
25673,6,7
25674,8,5
25675,5,9
25676,0,2
25677,2,1
25678,5,7
25679,5,5
25680,6,7
25681,7,3
25682,4,8
25683,2,1
25684,6,7
25685,3,5
25686,8,5
25687,1,6
25688,3,5
25689,3,5
25690,0,2
25691,2,1
25692,8,5
25693,7,4
25694,0,2
25695,3,5
25696,1,0
25697,1,0
25698,9,3
25699,9,8
25700,2,5
25701,0,2
25702,1,0
25703,1,0
25704,1,0
25705,7,3
25706,9,8
25707,0,2
25708,3,5
25709,8,9
25710,8,9
25711,5,5
25712,9,3
25713,6,7
25714,0,2
25715,8,9
25716,7,4
25717,2,1
25718,2,1
25719,1,0
25720,5,5
25721,3,5
25722,4,3
25723,5,5
25724,1,5
25725,0,2
25726,5,5
25727,7,3
25728,3,5
25729,0,2
25730,6,7
25731,8,9
25732,2,7
25733,7,3
25734,1,0
25735,2,1
25736,8,5
25737,4,3
25738,5,3
25739,4,3
25740,3,9
25741,8,9
25742,6,1
25743,0,2
25744,1,6
25745,1,0
25746,3,5
25747,5,2
25748,7,0
25749,1,0
25750,0,9
25751,1,6
25752,2,1
25753,6,7
25754,0,2
25755,0,2
25756,7,4
25757,0,2
25758,1,6
25759,4,3
25760,4,8
25761,9,3
25762,5,9
25763,8,9
25764,1,6
25765,5,7
25766,8,9
25767,1,6
25768,3,5
25769,6,7
25770,6,7
25771,6,7
25772,4,3
25773,0,2
25774,1,0
25775,7,3
25776,8,5
25777,6,7
25778,5,9
25779,1,6
25780,2,1
25781,1,6
25782,7,8
25783,0,5
25784,4,8
25785,1,0
25786,1,0
25787,2,1
25788,7,4
25789,3,5
25790,4,3
25791,4,8
25792,7,8
25793,5,5
25794,1,0
25795,6,7
25796,8,9
25797,7,8
25798,6,9
25799,8,4
25800,1,1
25801,9,3
25802,3,5
25803,0,5
25804,2,1
25805,1,0
25806,7,8
25807,2,1
25808,7,3
25809,3,5
25810,9,8
25811,4,8
25812,1,0
25813,5,9
25814,0,7
25815,6,7
25816,7,8
25817,7,3
25818,0,7
25819,8,0
25820,3,5
25821,9,3
25822,1,0
25823,0,2
25824,9,0
25825,1,0
25826,4,8
25827,2,1
25828,9,3
25829,3,9
25830,7,3
25831,4,3
25832,5,8
25833,7,3
25834,6,7
25835,8,9
25836,0,5
25837,9,3
25838,2,5
25839,0,5
25840,5,5
25841,7,3
25842,1,0
25843,8,9
25844,4,8
25845,4,3
25846,4,8
25847,1,0
25848,4,8
25849,8,9
25850,7,4
25851,8,9
25852,9,8
25853,1,0
25854,2,1
25855,3,5
25856,4,8
25857,1,0
25858,1,6
25859,8,9
25860,6,9
25861,3,9
25862,7,8
25863,7,8
25864,1,0
25865,9,8
25866,4,3
25867,3,5
25868,7,3
25869,4,3
25870,8,5
25871,7,3
25872,9,3
25873,8,0
25874,9,0
25875,4,3
25876,1,6
25877,7,3
25878,4,8
25879,8,6
25880,3,5
25881,9,3
25882,3,5
25883,3,3
25884,4,8
25885,1,0
25886,5,5
25887,4,8
25888,7,3
25889,6,7
25890,8,9
25891,5,4
25892,0,7
25893,6,7
25894,4,3
25895,7,8
25896,3,5
25897,7,3
25898,1,0
25899,1,0
25900,9,3
25901,6,7
25902,2,1
25903,4,8
25904,7,3
25905,9,3
25906,6,7
25907,2,1
25908,6,7
25909,9,3
25910,1,9
25911,3,5
25912,2,1
25913,5,4
25914,0,2
25915,3,5
25916,2,1
25917,6,7
25918,1,0
25919,0,5
25920,2,5
25921,0,5
25922,3,5
25923,2,1
25924,3,5
25925,4,8
25926,7,3
25927,2,1
25928,0,2
25929,7,8
25930,5,5
25931,4,8
25932,0,2
25933,9,3
25934,1,0
25935,5,3
25936,5,5
25937,1,0
25938,4,3
25939,2,1
25940,1,0
25941,3,9
25942,0,2
25943,6,7
25944,6,7
25945,1,0
25946,9,5
25947,8,0
25948,1,0
25949,3,9
25950,3,5
25951,8,6
25952,0,2
25953,0,2
25954,5,2
25955,3,5
25956,4,3
25957,0,5
25958,5,8
25959,6,7
25960,4,2
25961,1,0
25962,6,9
25963,6,7
25964,7,3
25965,9,3
25966,5,8
25967,5,3
25968,8,5
25969,9,3
25970,1,0
25971,4,3
25972,7,3
25973,5,9
25974,2,1
25975,8,9
25976,8,5
25977,6,7
25978,0,2
25979,7,3
25980,0,2
25981,1,0
25982,7,3
25983,1,0
25984,8,5
25985,7,3
25986,8,5
25987,0,2
25988,8,5
25989,1,0
25990,4,3
25991,2,1
25992,6,7
25993,3,5
25994,2,1
25995,4,3
25996,3,5
25997,5,5
25998,7,3
25999,6,7
26000,4,3
26001,7,3
26002,1,0
26003,8,1
26004,7,3
26005,9,3
26006,2,1
26007,0,7
26008,3,5
26009,1,0
26010,7,3
26011,2,1
26012,2,1
26013,3,5
26014,3,5
26015,4,8
26016,6,7
26017,5,9
26018,5,5
26019,6,7
26020,5,5
26021,7,3
26022,8,5
26023,8,7
26024,5,5
26025,9,3
26026,7,3
26027,0,2
26028,8,9
26029,1,0
26030,5,5
26031,2,1
26032,6,9
26033,3,5
26034,5,8
26035,4,3
26036,8,9
26037,5,9
26038,0,2
26039,6,7
26040,0,2
26041,7,4
26042,9,8
26043,8,9
26044,0,2
26045,9,3
26046,2,2
26047,7,8
26048,3,5
26049,7,3
26050,3,5
26051,7,3
26052,6,7
26053,3,5
26054,7,3
26055,0,2
26056,7,8
26057,3,5
26058,0,2
26059,1,0
26060,9,3
26061,8,7
26062,5,5
26063,7,3
26064,9,3
26065,6,7
26066,5,9
26067,4,3
26068,9,8
26069,5,5
26070,1,0
26071,6,7
26072,1,5
26073,0,9
26074,4,8
26075,2,1
26076,7,3
26077,6,7
26078,8,0
26079,8,9
26080,7,3
26081,3,5
26082,9,8
26083,2,1
26084,3,9
26085,8,9
26086,4,8
26087,1,0
26088,7,0
26089,1,0
26090,8,5
26091,7,3
26092,6,7
26093,2,1
26094,5,9
26095,0,2
26096,1,6
26097,7,3
26098,5,9
26099,1,6
26100,8,5
26101,6,7
26102,5,5
26103,0,2
26104,1,0
26105,4,8
26106,4,8
26107,6,7
26108,9,4
26109,4,4
26110,9,8
26111,4,3
26112,5,9
26113,5,5
26114,6,1
26115,8,5
26116,9,3
26117,0,2
26118,1,0
26119,6,7
26120,2,1
26121,2,1
26122,8,5
26123,3,1
26124,6,1
26125,1,0
26126,6,7
26127,3,5
26128,4,3
26129,6,7
26130,3,5
26131,5,5
26132,4,8
26133,1,0
26134,5,9
26135,8,5
26136,8,9
26137,4,3
26138,8,5
26139,0,2
26140,3,5
26141,7,3
26142,1,6
26143,5,5
26144,1,6
26145,8,9
26146,2,1
26147,8,9
26148,3,5
26149,3,5
26150,5,8
26151,7,4
26152,1,0
26153,8,9
26154,3,5
26155,9,3
26156,3,5
26157,2,1
26158,7,6
26159,6,7
26160,6,7
26161,2,5
26162,7,8
26163,5,5
26164,2,1
26165,3,5
26166,4,8
26167,1,0
26168,6,7
26169,7,8
26170,2,1
26171,3,5
26172,4,4
26173,9,3
26174,1,0
26175,1,6
26176,0,2
26177,9,3
26178,0,2
26179,9,4
26180,6,7
26181,6,7
26182,1,0
26183,0,7
26184,0,2
26185,9,3
26186,6,7
26187,3,5
26188,1,0
26189,7,3
26190,1,0
26191,0,2
26192,4,8
26193,4,4
26194,3,5
26195,5,9
26196,5,5
26197,0,2
26198,5,3
26199,9,3
26200,8,5
26201,2,1
26202,1,0
26203,8,5
26204,5,5
26205,1,6
26206,5,9
26207,4,3
26208,3,3
26209,3,5
26210,0,7
26211,5,9
26212,9,8
26213,2,1
26214,9,5
26215,9,8
26216,7,3
26217,4,3
26218,7,3
26219,0,2
26220,9,3
26221,2,1
26222,3,5
26223,9,8
26224,2,1
26225,1,6
26226,9,3
26227,6,7
26228,5,5
26229,5,9
26230,0,2
26231,8,9
26232,7,4
26233,9,8
26234,7,4
26235,4,4
26236,5,5
26237,2,1
26238,1,0
26239,5,9
26240,5,9
26241,0,2
26242,4,3
26243,1,6
26244,8,5
26245,2,1
26246,4,8
26247,3,5
26248,8,9
26249,4,4
26250,1,0
26251,5,9
26252,6,9
26253,6,7
26254,9,3
26255,7,8
26256,0,2
26257,8,9
26258,0,2
26259,9,3
26260,0,7
26261,0,2
26262,0,2
26263,1,6
26264,4,8
26265,2,1
26266,7,8
26267,3,5
26268,1,0
26269,4,3
26270,3,5
26271,7,4
26272,7,4
26273,8,9
26274,7,3
26275,9,3
26276,9,3
26277,0,9
26278,9,8
26279,1,6
26280,2,1
26281,4,4
26282,9,8
26283,5,9
26284,3,5
26285,6,7
26286,5,3
26287,7,4
26288,4,3
26289,8,9
26290,5,4
26291,3,5
26292,0,2
26293,4,3
26294,8,1
26295,1,6
26296,4,8
26297,4,3
26298,0,2
26299,6,7
26300,0,5
26301,6,7
26302,9,3
26303,7,4
26304,7,3
26305,3,5
26306,3,5
26307,3,9
26308,0,2
26309,4,3
26310,1,0
26311,3,5
26312,2,1
26313,5,9
26314,9,3
26315,0,2
26316,9,3
26317,1,6
26318,6,7
26319,4,3
26320,5,5
26321,6,7
26322,7,3
26323,0,2
26324,3,5
26325,2,1
26326,2,1
26327,8,9
26328,5,9
26329,2,1
26330,2,1
26331,5,8
26332,9,8
26333,2,1
26334,4,3
26335,1,0
26336,9,8
26337,7,4
26338,0,5
26339,0,2
26340,2,1
26341,2,1
26342,6,7
26343,0,9
26344,6,2
26345,6,7
26346,9,3
26347,6,7
26348,2,5
26349,9,4
26350,1,0
26351,8,9
26352,4,8
26353,9,4
26354,7,3
26355,2,1
26356,7,3
26357,2,1
26358,3,8
26359,9,4
26360,5,5
26361,9,3
26362,8,7
26363,5,9
26364,3,5
26365,4,3
26366,0,2
26367,4,4
26368,5,5
26369,0,2
26370,5,5
26371,0,2
26372,6,1
26373,8,5
26374,7,4
26375,6,7
26376,1,7
26377,6,7
26378,3,5
26379,8,9
26380,9,2
26381,5,9
26382,6,7
26383,3,5
26384,6,7
26385,8,0
26386,6,7
26387,5,9
26388,1,0
26389,0,9
26390,1,6
26391,3,5
26392,6,7
26393,6,7
26394,6,7
26395,7,4
26396,6,7
26397,8,4
26398,5,7
26399,3,5
26400,9,8
26401,1,6
26402,6,7
26403,3,9
26404,5,9
26405,9,1
26406,1,0
26407,5,9
26408,0,2
26409,1,6
26410,6,1
26411,5,9
26412,3,5
26413,5,9
26414,8,5
26415,0,9
26416,9,8
26417,7,8
26418,6,7
26419,3,3
26420,1,0
26421,1,6
26422,0,2
26423,7,4
26424,9,3
26425,6,7
26426,9,3
26427,0,2
26428,9,3
26429,1,6
26430,9,3
26431,2,1
26432,5,5
26433,3,5
26434,2,5
26435,4,3
26436,0,2
26437,5,5
26438,0,2
26439,6,1
26440,9,8
26441,7,3
26442,7,0
26443,8,5
26444,1,7
26445,1,6
26446,7,3
26447,2,2
26448,3,5
26449,3,5
26450,4,4
26451,5,5
26452,6,7
26453,6,1
26454,2,1
26455,7,6
26456,4,8
26457,0,2
26458,4,3
26459,1,6
26460,5,5
26461,2,1
26462,9,3
26463,3,5
26464,5,5
26465,4,3
26466,5,5
26467,5,5
26468,2,1
26469,6,2
26470,6,7
26471,8,9
26472,6,7
26473,1,0
26474,8,9
26475,0,2
26476,1,6
26477,2,1
26478,3,5
26479,1,6
26480,4,3
26481,5,9
26482,6,2
26483,6,2
26484,5,9
26485,1,6
26486,9,3
26487,1,6
26488,3,5
26489,7,3
26490,6,7
26491,8,9
26492,1,0
26493,5,8
26494,4,3
26495,1,6
26496,8,4
26497,6,2
26498,6,7
26499,7,3
26500,7,3
26501,0,2
26502,1,0
26503,3,5
26504,2,4
26505,3,5
26506,4,7
26507,0,2
26508,0,2
26509,2,1
26510,4,3
26511,6,2
26512,9,8
26513,9,3
26514,1,6
26515,8,9
26516,6,7
26517,5,9
26518,9,8
26519,8,9
26520,8,5
26521,6,2
26522,2,1
26523,8,9
26524,6,7
26525,9,3
26526,3,5
26527,9,8
26528,7,8
26529,7,8
26530,6,7
26531,1,6
26532,8,9
26533,2,1
26534,3,5
26535,1,6
26536,9,8
26537,1,6
26538,5,5
26539,1,6
26540,2,1
26541,2,1
26542,3,1
26543,8,9
26544,4,3
26545,0,7
26546,4,8
26547,5,5
26548,3,5
26549,7,3
26550,3,5
26551,6,7
26552,5,9
26553,5,5
26554,3,5
26555,3,5
26556,1,0
26557,8,9
26558,9,8
26559,1,6
26560,7,0
26561,3,5
26562,2,5
26563,6,1
26564,4,8
26565,0,2
26566,9,8
26567,4,8
26568,7,4
26569,8,9
26570,5,8
26571,9,3
26572,5,5
26573,4,8
26574,5,5
26575,7,3
26576,6,7
26577,2,1
26578,1,0
26579,7,8
26580,8,9
26581,1,6
26582,4,4
26583,8,9
26584,6,9
26585,2,1
26586,9,3
26587,1,6
26588,4,3
26589,7,8
26590,5,5
26591,7,8
26592,5,9
26593,3,5
26594,9,3
26595,2,1
26596,3,5
26597,0,2
26598,1,0
26599,4,3
26600,7,8
26601,6,7
26602,7,3
26603,6,7
26604,1,0
26605,8,9
26606,6,7
26607,5,5
26608,0,2
26609,9,8
26610,1,6
26611,8,9
26612,9,4
26613,2,1
26614,6,1
26615,5,9
26616,8,5
26617,1,6
26618,4,7
26619,0,2
26620,0,2
26621,5,5
26622,6,1
26623,0,2
26624,2,1
26625,3,5
26626,2,3
26627,4,8
26628,8,9
26629,3,8
26630,2,1
26631,9,3
26632,2,5
26633,6,1
26634,4,8
26635,2,7
26636,5,7
26637,5,5
26638,2,5
26639,0,2
26640,9,5
26641,6,7
26642,7,8
26643,9,3
26644,3,5
26645,0,2
26646,2,1
26647,1,0
26648,5,3
26649,2,1
26650,6,7
26651,3,5
26652,4,8
26653,4,3
26654,6,7
26655,5,5
26656,0,2
26657,6,7
26658,2,1
26659,7,3
26660,8,9
26661,8,5
26662,3,5
26663,9,3
26664,8,5
26665,0,2
26666,8,8
26667,1,0
26668,7,3
26669,2,1
26670,6,7
26671,3,5
26672,8,5
26673,4,3
26674,3,5
26675,5,9
26676,5,9
26677,6,7
26678,3,5
26679,7,3
26680,5,9
26681,8,8
26682,9,8
26683,9,3
26684,7,4
26685,0,2
26686,0,9
26687,1,0
26688,2,1
26689,2,1
26690,2,1
26691,3,5
26692,3,5
26693,4,3
26694,3,9
26695,5,9
26696,1,0
26697,6,7
26698,1,6
26699,7,3
26700,5,5
26701,8,5
26702,3,5
26703,9,3
26704,4,3
26705,7,8
26706,5,5
26707,7,3
26708,8,4
26709,7,3
26710,3,5
26711,3,5
26712,0,2
26713,0,2
26714,7,3
26715,3,5
26716,6,7
26717,1,0
26718,2,1
26719,8,5
26720,8,9
26721,7,4
26722,0,7
26723,6,7
26724,3,5
26725,4,3
26726,1,6
26727,5,5
26728,0,2
26729,6,7
26730,9,8
26731,0,2
26732,3,5
26733,2,5
26734,7,4
26735,6,7
26736,5,2
26737,8,8
26738,4,2
26739,3,5
26740,2,1
26741,2,1
26742,7,3
26743,8,5
26744,3,5
26745,1,0
26746,1,0
26747,1,0
26748,9,7
26749,7,3
26750,7,4
26751,2,1
26752,5,3
26753,0,7
26754,6,7
26755,7,3
26756,7,7
26757,1,6
26758,4,8
26759,6,7
26760,8,5
26761,0,2
26762,8,5
26763,4,3
26764,9,3
26765,6,7
26766,6,7
26767,4,3
26768,6,7
26769,4,8
26770,2,1
26771,5,9
26772,1,0
26773,8,5
26774,1,0
26775,0,2
26776,8,5
26777,6,7
26778,7,4
26779,2,1
26780,1,0
26781,3,5
26782,2,1
26783,3,5
26784,0,2
26785,6,7
26786,8,5
26787,5,3
26788,2,1
26789,1,0
26790,4,3
26791,8,5
26792,6,7
26793,5,5
26794,2,1
26795,9,3
26796,6,7
26797,4,4
26798,4,3
26799,0,2
26800,2,1
26801,7,8
26802,1,0
26803,5,9
26804,8,9
26805,8,3
26806,9,3
26807,8,5
26808,4,8
26809,3,5
26810,6,7
26811,7,3
26812,1,0
26813,8,3
26814,5,5
26815,9,3
26816,4,3
26817,2,1
26818,0,2
26819,6,7
26820,0,2
26821,2,1
26822,9,3
26823,5,5
26824,3,5
26825,3,5
26826,7,3
26827,1,0
26828,9,3
26829,7,3
26830,3,5
26831,3,5
26832,0,2
26833,9,8
26834,9,8
26835,1,0
26836,0,2
26837,9,8
26838,7,8
26839,9,3
26840,0,2
26841,6,7
26842,5,5
26843,0,2
26844,9,4
26845,9,3
26846,9,3
26847,4,3
26848,6,7
26849,3,5
26850,2,5
26851,7,3
26852,8,9
26853,0,2
26854,7,4
26855,4,3
26856,5,5
26857,5,9
26858,4,3
26859,0,2
26860,9,5
26861,9,4
26862,5,9
26863,2,3
26864,4,3
26865,8,8
26866,3,5
26867,1,0
26868,5,5
26869,4,8
26870,9,3
26871,3,5
26872,4,4
26873,5,9
26874,6,7
26875,2,1
26876,5,5
26877,9,4
26878,3,9
26879,4,4
26880,3,5
26881,0,2
26882,7,2
26883,2,1
26884,6,7
26885,9,3
26886,7,3
26887,1,6
26888,2,1
26889,6,7
26890,4,8
26891,5,9
26892,1,0
26893,8,9
26894,7,3
26895,9,3
26896,5,5
26897,4,4
26898,7,6
26899,2,1
26900,6,6
26901,5,9
26902,9,8
26903,0,2
26904,4,8
26905,1,0
26906,9,3
26907,2,1
26908,8,5
26909,3,5
26910,1,0
26911,4,3
26912,6,7
26913,5,5
26914,1,0
26915,6,7
26916,7,3
26917,7,3
26918,5,5
26919,8,5
26920,6,7
26921,9,3
26922,2,1
26923,0,2
26924,1,0
26925,1,0
26926,5,5
26927,2,1
26928,3,5
26929,3,5
26930,0,2
26931,6,7
26932,2,1
26933,7,4
26934,6,9
26935,8,5
26936,8,5
26937,0,2
26938,6,7
26939,1,0
26940,6,9
26941,2,1
26942,3,5
26943,3,5
26944,1,0
26945,7,4
26946,6,7
26947,8,9
26948,8,3
26949,9,3
26950,9,8
26951,1,6
26952,8,9
26953,8,9
26954,9,8
26955,6,7
26956,2,1
26957,7,4
26958,6,7
26959,1,6
26960,1,0
26961,1,0
26962,6,7
26963,4,4
26964,7,4
26965,3,5
26966,7,3
26967,7,3
26968,1,0
26969,7,4
26970,9,4
26971,8,5
26972,5,5
26973,9,3
26974,2,1
26975,3,5
26976,5,4
26977,6,7
26978,5,9
26979,0,2
26980,0,2
26981,3,9
26982,7,4
26983,6,7
26984,1,6
26985,4,4
26986,1,6
26987,8,9
26988,6,7
26989,3,5
26990,0,2
26991,1,6
26992,4,8
26993,1,6
26994,2,7
26995,5,9
26996,8,5
26997,9,4
26998,3,0
26999,0,2
27000,5,5
27001,4,4
27002,5,5
27003,1,6
27004,9,8
27005,7,4
27006,6,7
27007,9,3
27008,8,9
27009,5,2
27010,2,1
27011,1,6
27012,1,0
27013,1,0
27014,4,8
27015,9,3
27016,9,3
27017,8,9
27018,1,0
27019,6,7
27020,1,6
27021,6,7
27022,3,5
27023,0,2
27024,8,5
27025,1,0
27026,2,1
27027,8,5
27028,1,0
27029,8,5
27030,8,9
27031,3,5
27032,3,5
27033,2,1
27034,1,6
27035,0,2
27036,4,3
27037,9,3
27038,5,5
27039,7,4
27040,4,3
27041,4,4
27042,5,9
27043,5,5
27044,4,8
27045,8,9
27046,6,7
27047,3,5
27048,8,5
27049,5,9
27050,0,2
27051,8,5
27052,2,1
27053,5,5
27054,7,8
27055,4,3
27056,4,8
27057,7,4
27058,7,4
27059,7,4
27060,3,5
27061,7,6
27062,5,8
27063,1,6
27064,1,0
27065,5,2
27066,9,4
27067,3,5
27068,1,0
27069,0,2
27070,0,9
27071,1,0
27072,8,9
27073,2,7
27074,9,3
27075,3,5
27076,8,9
27077,4,8
27078,3,5
27079,5,5
27080,4,8
27081,6,7
27082,0,2
27083,7,3
27084,3,5
27085,8,5
27086,6,9
27087,9,3
27088,4,8
27089,0,2
27090,6,7
27091,1,0
27092,0,2
27093,2,1
27094,0,2
27095,3,5
27096,8,5
27097,4,8
27098,7,4
27099,5,5
27100,5,5
27101,6,7
27102,4,3
27103,7,4
27104,1,0
27105,8,5
27106,8,9
27107,9,3
27108,2,1
27109,0,2
27110,9,8
27111,1,0
27112,9,8
27113,2,5
27114,0,2
27115,3,5
27116,9,3
27117,5,5
27118,8,9
27119,6,7
27120,2,5
27121,8,5
27122,2,2
27123,1,0
27124,1,0
27125,4,8
27126,8,5
27127,5,5
27128,9,3
27129,4,3
27130,9,8
27131,2,1
27132,3,5
27133,3,5
27134,6,7
27135,3,5
27136,1,0
27137,0,2
27138,2,5
27139,5,7
27140,3,5
27141,4,8
27142,1,6
27143,3,5
27144,7,3
27145,0,2
27146,8,5
27147,8,5
27148,0,2
27149,6,7
27150,2,1
27151,7,3
27152,3,5
27153,0,2
27154,5,5
27155,7,1
27156,6,5
27157,7,8
27158,7,3
27159,1,0
27160,3,5
27161,6,7
27162,2,1
27163,9,8
27164,9,8
27165,2,5
27166,7,4
27167,3,5
27168,7,0
27169,6,2
27170,0,2
27171,2,5
27172,3,0
27173,3,5
27174,9,8
27175,6,7
27176,5,8
27177,8,5
27178,2,1
27179,5,2
27180,4,8
27181,2,5
27182,1,0
27183,3,5
27184,7,8
27185,8,5
27186,2,1
27187,1,0
27188,2,1
27189,2,7
27190,6,1
27191,9,3
27192,2,1
27193,5,7
27194,7,3
27195,8,5
27196,4,8
27197,8,5
27198,6,7
27199,7,3
27200,0,2
27201,1,0
27202,1,6
27203,7,3
27204,6,9
27205,1,0
27206,0,2
27207,1,0
27208,6,7
27209,0,2
27210,8,9
27211,3,5
27212,3,5
27213,4,8
27214,3,5
27215,2,1
27216,5,3
27217,6,1
27218,4,3
27219,7,3
27220,7,4
27221,4,8
27222,4,3
27223,2,1
27224,5,5
27225,7,7
27226,9,2
27227,4,8
27228,5,5
27229,2,1
27230,9,8
27231,9,3
27232,2,5
27233,2,5
27234,9,8
27235,7,3
27236,8,5
27237,9,3
27238,3,5
27239,2,1
27240,6,7
27241,8,5
27242,1,0
27243,6,1
27244,6,7
27245,1,0
27246,0,2
27247,0,2
27248,3,5
27249,6,7
27250,1,0
27251,8,9
27252,2,6
27253,5,5
27254,7,1
27255,5,9
27256,1,0
27257,0,2
27258,2,1
27259,5,5
27260,9,3
27261,3,5
27262,1,0
27263,5,5
27264,2,1
27265,7,1
27266,6,7
27267,4,8
27268,6,8
27269,8,5
27270,1,0
27271,5,2
27272,4,8
27273,9,8
27274,3,5
27275,6,7
27276,1,0
27277,9,8
27278,8,5
27279,3,5
27280,0,2
27281,0,2
27282,3,5
27283,0,2
27284,1,0
27285,6,7
27286,8,9
27287,3,5
27288,5,9
27289,0,2
27290,0,2
27291,5,5
27292,7,4
27293,8,8
27294,8,5
27295,9,8
27296,5,3
27297,1,0
27298,6,7
27299,8,5
27300,1,0
27301,1,0
27302,7,8
27303,6,7
27304,9,4
27305,0,2
27306,6,7
27307,0,7
27308,4,3
27309,1,0
27310,5,5
27311,2,1
27312,8,5
27313,3,5
27314,5,5
27315,4,8
27316,3,5
27317,5,5
27318,0,2
27319,6,7
27320,6,7
27321,7,3
27322,0,2
27323,8,3
27324,8,9
27325,9,8
27326,0,2
27327,0,2
27328,0,2
27329,1,0
27330,1,0
27331,2,5
27332,0,2
27333,3,5
27334,9,8
27335,4,8
27336,1,0
27337,5,5
27338,6,7
27339,6,8
27340,5,3
27341,7,8
27342,9,8
27343,0,7
27344,9,8
27345,1,0
27346,4,8
27347,2,1
27348,8,6
27349,3,5
27350,6,9
27351,4,8
27352,4,3
27353,5,2
27354,1,0
27355,6,7
27356,2,1
27357,7,8
27358,8,0
27359,8,5
27360,7,8
27361,9,3
27362,3,5
27363,6,7
27364,4,3
27365,4,8
27366,3,5
27367,2,5
27368,9,3
27369,6,7
27370,9,8
27371,4,3
27372,8,9
27373,7,3
27374,2,1
27375,5,5
27376,2,1
27377,5,5
27378,5,9
27379,7,8
27380,0,2
27381,8,3
27382,6,7
27383,9,8
27384,2,1
27385,2,1
27386,8,5
27387,9,8
27388,1,0
27389,3,5
27390,6,8
27391,9,8
27392,7,4
27393,2,5
27394,0,2
27395,0,2
27396,1,0
27397,9,8
27398,4,8
27399,8,9
27400,5,9
27401,0,2
27402,6,7
27403,5,5
27404,6,7
27405,6,7
27406,7,3
27407,0,2
27408,5,5
27409,1,0
27410,1,0
27411,0,7
27412,5,9
27413,2,5
27414,0,7
27415,6,7
27416,5,5
27417,5,5
27418,8,3
27419,3,5
27420,3,2
27421,5,5
27422,5,5
27423,3,5
27424,4,8
27425,8,9
27426,2,1
27427,0,2
27428,6,5
27429,0,1
27430,9,8
27431,5,5
27432,2,1
27433,4,3
27434,2,1
27435,3,5
27436,0,2
27437,4,8
27438,6,7
27439,1,0
27440,9,4
27441,5,5
27442,6,7
27443,3,5
27444,2,1
27445,0,2
27446,0,2
27447,8,5
27448,9,4
27449,6,7
27450,9,8
27451,2,1
27452,5,5
27453,7,8
27454,1,6
27455,1,0
27456,2,4
27457,1,0
27458,2,5
27459,8,5
27460,9,3
27461,1,0
27462,0,2
27463,7,3
27464,2,0
27465,1,0
27466,0,2
27467,3,5
27468,7,3
27469,8,5
27470,2,1
27471,5,5
27472,2,1
27473,4,8
27474,1,0
27475,2,1
27476,4,3
27477,0,2
27478,3,5
27479,9,8
27480,3,5
27481,7,8
27482,5,9
27483,6,7
27484,0,7
27485,7,3
27486,3,5
27487,4,8
27488,8,5
27489,1,0
27490,2,3
27491,6,7
27492,0,2
27493,8,5
27494,4,8
27495,4,8
27496,6,8
27497,7,3
27498,7,2
27499,5,5
27500,5,5
27501,1,0
27502,5,7
27503,2,8
27504,6,7
27505,6,7
27506,1,0
27507,7,8
27508,8,9
27509,1,0
27510,5,5
27511,9,8
27512,0,2
27513,8,3
27514,4,8
27515,9,8
27516,7,4
27517,4,3
27518,3,5
27519,9,8
27520,2,1
27521,9,3
27522,7,1
27523,6,7
27524,8,5
27525,2,1
27526,5,5
27527,3,1
27528,1,0
27529,7,8
27530,6,7
27531,1,0
27532,7,3
27533,9,8
27534,3,5
27535,2,1
27536,6,7
27537,2,5
27538,4,3
27539,5,5
27540,3,5
27541,3,5
27542,7,4
27543,7,8
27544,0,9
27545,8,5
27546,7,3
27547,0,2
27548,2,1
27549,1,6
27550,0,2
27551,2,1
27552,4,8
27553,3,5
27554,7,3
27555,4,4
27556,6,7
27557,5,5
27558,1,6
27559,6,7
27560,3,5
27561,7,4
27562,8,9
27563,8,9
27564,1,0
27565,9,4
27566,9,8
27567,0,2
27568,8,5
27569,1,6
27570,3,5
27571,2,1
27572,1,0
27573,3,5
27574,7,4
27575,4,8
27576,5,5
27577,7,3
27578,1,0
27579,8,9
27580,0,2
27581,9,4
27582,1,0
27583,0,2
27584,4,8
27585,1,6
27586,4,8
27587,2,1
27588,4,3
27589,3,5
27590,1,0
27591,4,4
27592,7,4
27593,5,9
27594,5,5
27595,6,7
27596,8,3
27597,7,4
27598,2,0
27599,8,9
27600,2,1
27601,9,4
27602,5,5
27603,0,2
27604,1,6
27605,9,3
27606,8,9
27607,5,5
27608,8,9
27609,0,2
27610,3,5
27611,9,4
27612,4,8
27613,8,9
27614,2,1
27615,9,4
27616,8,9
27617,4,8
27618,2,5
27619,1,6
27620,0,2
27621,7,3
27622,2,7
27623,7,4
27624,6,7
27625,3,3
27626,9,3
27627,5,5
27628,0,2
27629,1,6
27630,1,0
27631,0,2
27632,7,6
27633,0,2
27634,1,6
27635,7,3
27636,8,9
27637,0,9
27638,0,2
27639,1,6
27640,3,5
27641,2,1
27642,6,7
27643,2,1
27644,3,5
27645,3,1
27646,8,5
27647,7,4
27648,5,5
27649,3,5
27650,8,3
27651,3,5
27652,2,1
27653,6,7
27654,9,3
27655,6,7
27656,5,5
27657,1,6
27658,0,5
27659,0,2
27660,2,5
27661,9,3
27662,1,6
27663,0,9
27664,2,1
27665,1,6
27666,3,5
27667,7,4
27668,5,5
27669,6,7
27670,3,5
27671,3,5
27672,2,1
27673,2,8
27674,6,9
27675,3,5
27676,4,8
27677,1,6
27678,8,5
27679,9,3
27680,2,9
27681,1,6
27682,6,7
27683,7,3
27684,1,6
27685,6,7
27686,4,8
27687,8,9
27688,9,8
27689,4,8
27690,3,5
27691,3,5
27692,9,3
27693,1,6
27694,4,8
27695,4,4
27696,2,6
27697,0,9
27698,9,8
27699,5,5
27700,2,3
27701,3,5
27702,6,7
27703,6,1
27704,6,7
27705,9,4
27706,7,3
27707,1,6
27708,6,7
27709,7,3
27710,9,3
27711,5,9
27712,0,2
27713,4,8
27714,7,3
27715,4,8
27716,7,2
27717,7,4
27718,3,5
27719,2,5
27720,0,2
27721,2,1
27722,7,3
27723,7,4
27724,6,7
27725,9,4
27726,3,5
27727,5,2
27728,7,3
27729,8,6
27730,9,3
27731,9,4
27732,9,8
27733,8,9
27734,9,8
27735,0,2
27736,2,1
27737,1,0
27738,4,8
27739,2,4
27740,8,9
27741,3,5
27742,5,9
27743,4,8
27744,1,0
27745,5,5
27746,1,0
27747,7,4
27748,9,3
27749,0,2
27750,6,7
27751,1,6
27752,2,1
27753,2,1
27754,2,1
27755,3,2
27756,7,8
27757,6,7
27758,7,8
27759,1,6
27760,5,9
27761,2,1
27762,8,5
27763,3,5
27764,5,5
27765,4,3
27766,9,4
27767,5,7
27768,2,1
27769,6,7
27770,2,5
27771,9,3
27772,1,0
27773,9,8
27774,9,3
27775,6,7
27776,4,8
27777,5,2
27778,5,5
27779,9,8
27780,9,9
27781,2,1
27782,4,8
27783,3,8
27784,3,5
27785,1,6
27786,3,5
27787,2,9
27788,0,2
27789,1,6
27790,1,6
27791,2,7
27792,1,0
27793,1,9
27794,6,7
27795,3,3
27796,6,7
27797,2,1
27798,8,5
27799,6,1
27800,4,8
27801,5,2
27802,5,5
27803,3,5
27804,3,5
27805,0,2
27806,0,9
27807,6,7
27808,7,4
27809,4,6
27810,2,1
27811,0,2
27812,6,9
27813,5,5
27814,5,9
27815,9,4
27816,1,0
27817,9,4
27818,5,5
27819,8,9
27820,0,2
27821,1,6
27822,0,9
27823,7,4
27824,4,8
27825,4,4
27826,4,8
27827,7,4
27828,3,5
27829,0,2
27830,7,3
27831,1,6
27832,4,8
27833,6,2
27834,2,1
27835,3,5
27836,1,0
27837,7,6
27838,3,5
27839,9,3
27840,3,3
27841,0,2
27842,6,7
27843,9,3
27844,2,1
27845,5,7
27846,9,8
27847,3,5
27848,9,8
27849,8,9
27850,6,7
27851,8,9
27852,2,5
27853,7,4
27854,0,2
27855,1,6
27856,3,5
27857,4,4
27858,6,7
27859,0,2
27860,2,5
27861,3,5
27862,7,0
27863,9,3
27864,2,1
27865,0,2
27866,3,5
27867,7,4
27868,7,3
27869,2,1
27870,3,5
27871,1,6
27872,7,4
27873,9,4
27874,2,1
27875,1,6
27876,9,3
27877,5,2
27878,2,1
27879,1,6
27880,2,7
27881,7,4
27882,4,8
27883,2,1
27884,9,8
27885,1,6
27886,1,6
27887,6,7
27888,2,5
27889,8,9
27890,6,7
27891,8,9
27892,8,9
27893,0,2
27894,0,2
27895,1,0
27896,1,6
27897,2,1
27898,2,4
27899,3,2
27900,0,2
27901,4,3
27902,9,3
27903,5,9
27904,9,8
27905,6,7
27906,7,4
27907,8,9
27908,9,5
27909,9,4
27910,8,9
27911,0,2
27912,7,8
27913,1,0
27914,4,3
27915,2,7
27916,8,4
27917,3,5
27918,8,5
27919,4,8
27920,1,0
27921,5,9
27922,4,8
27923,6,7
27924,1,6
27925,7,3
27926,9,8
27927,8,5
27928,2,2
27929,9,3
27930,3,5
27931,0,2
27932,9,3
27933,1,6
27934,6,7
27935,2,1
27936,0,2
27937,3,5
27938,7,3
27939,4,9
27940,6,7
27941,5,9
27942,5,3
27943,6,7
27944,7,3
27945,7,3
27946,3,5
27947,8,9
27948,4,8
27949,9,3
27950,7,4
27951,0,2
27952,5,5
27953,9,3
27954,5,9
27955,4,3
27956,7,4
27957,2,1
27958,8,9
27959,4,8
27960,3,5
27961,1,0
27962,6,1
27963,5,9
27964,8,5
27965,6,7
27966,9,9
27967,1,0
27968,9,0
27969,1,0
27970,7,3
27971,7,3
27972,8,5
27973,8,9
27974,8,9
27975,5,9
27976,7,4
27977,3,9
27978,1,0
27979,4,8
27980,4,8
27981,6,7
27982,0,2
27983,7,3
27984,7,3
27985,0,2
27986,7,3
27987,3,5
27988,3,5
27989,2,1
27990,0,2
27991,6,7
27992,6,7
27993,9,3
27994,8,4
27995,8,5
27996,5,9
27997,5,9
27998,8,5
27999,8,9
28000,1,0
28001,6,7
28002,0,2
28003,8,5
28004,7,8
28005,9,3
28006,3,9
28007,9,8
28008,4,3
28009,7,4
28010,8,9
28011,7,3
28012,7,3
28013,2,1
28014,7,1
28015,1,0
28016,0,2
28017,1,0
28018,1,0
28019,1,0
28020,4,8
28021,2,1
28022,4,3
28023,8,5
28024,0,2
28025,7,3
28026,3,5
28027,6,7
28028,4,8
28029,5,9
28030,0,2
28031,3,5
28032,3,5
28033,8,5
28034,4,8
28035,1,0
28036,4,4
28037,3,5
28038,1,0
28039,6,7
28040,5,9
28041,0,2
28042,8,5
28043,4,3
28044,0,2
28045,8,5
28046,5,9
28047,9,3
28048,5,9
28049,4,3
28050,2,1
28051,9,4
28052,2,1
28053,7,4
28054,8,9
28055,9,3
28056,1,0
28057,5,9
28058,9,4
28059,2,1
28060,5,9
28061,7,3
28062,9,8
28063,1,0
28064,7,4
28065,8,9
28066,6,1
28067,2,1
28068,2,1
28069,1,0
28070,6,7
28071,7,3
28072,0,2
28073,7,3
28074,2,1
28075,3,5
28076,0,5
28077,2,1
28078,2,1
28079,0,2
28080,5,8
28081,4,3
28082,7,3
28083,6,7
28084,6,7
28085,6,7
28086,4,0
28087,9,8
28088,9,3
28089,4,3
28090,1,6
28091,2,1
28092,9,4
28093,8,9
28094,1,0
28095,2,1
28096,4,8
28097,5,9
28098,1,0
28099,1,0
28100,1,0
28101,0,2
28102,0,8
28103,5,9
28104,6,7
28105,0,2
28106,7,4
28107,3,9
28108,0,2
28109,4,8
28110,1,6
28111,3,5
28112,2,1
28113,9,3
28114,9,8
28115,6,7
28116,5,9
28117,7,3
28118,7,4
28119,3,5
28120,7,4
28121,4,8
28122,0,5
28123,3,5
28124,4,3
28125,0,2
28126,2,1
28127,6,7
28128,4,8
28129,9,3
28130,1,0
28131,0,2
28132,3,8
28133,1,0
28134,1,0
28135,2,4
28136,8,8
28137,3,5
28138,7,3
28139,4,3
28140,2,1
28141,5,5
28142,6,7
28143,6,7
28144,8,5
28145,7,3
28146,4,3
28147,8,9
28148,5,5
28149,9,3
28150,6,9
28151,0,2
28152,6,5
28153,1,6
28154,2,1
28155,2,1
28156,2,1
28157,3,5
28158,7,3
28159,4,8
28160,0,2
28161,5,9
28162,6,5
28163,6,7
28164,4,3
28165,0,2
28166,1,0
28167,1,6
28168,9,3
28169,2,1
28170,6,1
28171,3,5
28172,5,8
28173,4,8
28174,3,5
28175,5,5
28176,9,3
28177,6,7
28178,5,9
28179,7,4
28180,7,4
28181,8,7
28182,8,5
28183,9,4
28184,1,0
28185,2,1
28186,0,2
28187,1,0
28188,8,5
28189,2,1
28190,4,6
28191,1,6
28192,9,5
28193,3,5
28194,9,4
28195,9,8
28196,1,0
28197,9,8
28198,8,5
28199,3,3
28200,2,2
28201,7,4
28202,0,2
28203,0,2
28204,3,5
28205,7,4
28206,8,9
28207,7,4
28208,1,0
28209,5,5
28210,2,0
28211,7,3
28212,2,5
28213,9,3
28214,2,1
28215,9,3
28216,6,1
28217,4,3
28218,2,1
28219,7,3
28220,7,3
28221,0,2
28222,6,1
28223,1,0
28224,3,5
28225,4,8
28226,8,2
28227,4,8
28228,2,1
28229,7,4
28230,0,2
28231,5,5
28232,1,6
28233,8,5
28234,2,1
28235,1,0
28236,7,3
28237,4,3
28238,1,0
28239,9,3
28240,9,3
28241,8,9
28242,0,2
28243,4,3
28244,1,6
28245,1,6
28246,1,0
28247,8,9
28248,4,4
28249,6,7
28250,1,6
28251,6,7
28252,3,5
28253,4,8
28254,5,3
28255,6,7
28256,3,5
28257,0,2
28258,5,9
28259,5,5
28260,9,4
28261,5,5
28262,9,3
28263,3,5
28264,3,5
28265,3,5
28266,2,1
28267,5,5
28268,2,1
28269,2,1
28270,7,3
28271,5,5
28272,0,2
28273,7,4
28274,0,2
28275,2,1
28276,3,5
28277,5,5
28278,2,1
28279,9,3
28280,5,9
28281,6,7
28282,2,5
28283,9,3
28284,2,1
28285,2,1
28286,0,2
28287,6,7
28288,9,4
28289,2,1
28290,4,8
28291,1,6
28292,1,9
28293,2,1
28294,2,1
28295,0,2
28296,0,2
28297,8,9
28298,7,3
28299,3,9
28300,1,0
28301,8,9
28302,6,7
28303,3,5
28304,4,8
28305,0,9
28306,8,4
28307,8,9
28308,9,3
28309,7,8
28310,4,8
28311,4,3
28312,4,8
28313,9,8
28314,7,3
28315,5,5
28316,3,5
28317,0,2
28318,1,0
28319,9,3
28320,6,7
28321,7,4
28322,1,0
28323,0,2
28324,2,1
28325,0,2
28326,6,9
28327,4,4
28328,0,2
28329,9,3
28330,9,3
28331,1,6
28332,5,5
28333,6,7
28334,1,0
28335,2,1
28336,2,5
28337,7,3
28338,8,9
28339,6,7
28340,5,9
28341,8,9
28342,8,5
28343,3,5
28344,3,5
28345,5,9
28346,9,4
28347,2,1
28348,8,9
28349,1,6
28350,1,6
28351,8,7
28352,8,5
28353,6,7
28354,9,8
28355,1,6
28356,5,9
28357,0,6
28358,0,2
28359,3,3
28360,5,9
28361,1,6
28362,7,6
28363,4,4
28364,8,9
28365,0,2
28366,2,1
28367,1,0
28368,9,5
28369,2,5
28370,2,1
28371,3,5
28372,5,2
28373,4,8
28374,3,3
28375,5,3
28376,5,9
28377,6,7
28378,1,0
28379,7,3
28380,3,5
28381,8,3
28382,6,7
28383,9,3
28384,5,9
28385,0,2
28386,6,7
28387,1,0
28388,2,0
28389,2,5
28390,8,5
28391,3,5
28392,3,0
28393,4,8
28394,1,0
28395,5,5
28396,9,8
28397,6,7
28398,4,8
28399,7,3
28400,6,7
28401,8,5
28402,0,2
28403,0,2
28404,2,6
28405,1,0
28406,3,5
28407,2,1
28408,0,2
28409,3,5
28410,5,9
28411,1,0
28412,0,2
28413,5,5
28414,0,2
28415,6,7
28416,9,8
28417,7,4
28418,3,7
28419,8,9
28420,1,5
28421,7,3
28422,9,8
28423,0,7
28424,9,8
28425,6,7
28426,4,8
28427,0,2
28428,0,2
28429,7,3
28430,5,5
28431,3,5
28432,8,9
28433,8,5
28434,5,9
28435,6,7
28436,2,1
28437,7,4
28438,6,7
28439,1,0
28440,6,7
28441,3,5
28442,4,3
28443,7,3
28444,3,5
28445,9,3
28446,9,8
28447,7,3
28448,9,8
28449,4,8
28450,7,4
28451,0,2
28452,0,2
28453,2,1
28454,2,8
28455,5,5
28456,0,2
28457,0,2
28458,3,5
28459,6,7
28460,9,8
28461,4,8
28462,4,8
28463,9,3
28464,4,8
28465,5,9
28466,0,2
28467,6,7
28468,4,8
28469,5,9
28470,8,9
28471,2,7
28472,3,5
28473,9,3
28474,8,5
28475,8,9
28476,3,5
28477,5,9
28478,5,5
28479,1,6
28480,8,5
28481,9,3
28482,1,6
28483,8,3
28484,1,6
28485,3,5
28486,0,2
28487,4,3
28488,1,6
28489,0,2
28490,8,9
28491,5,9
28492,4,3
28493,4,8
28494,2,1
28495,8,9
28496,6,7
28497,6,7
28498,8,5
28499,3,5
28500,4,8
28501,4,8
28502,2,1
28503,8,8
28504,5,9
28505,0,7
28506,8,5
28507,6,7
28508,6,7
28509,4,8
28510,0,2
28511,8,9
28512,5,8
28513,1,0
28514,7,3
28515,3,5
28516,1,0
28517,4,8
28518,4,3
28519,0,2
28520,7,3
28521,1,0
28522,1,0
28523,9,3
28524,1,0
28525,2,7
28526,8,9
28527,3,5
28528,3,5
28529,7,3
28530,9,3
28531,1,6
28532,7,3
28533,2,5
28534,5,5
28535,7,3
28536,3,9
28537,2,1
28538,9,4
28539,8,8
28540,0,2
28541,7,3
28542,7,3
28543,0,2
28544,2,1
28545,1,6
28546,0,2
28547,9,3
28548,6,7
28549,6,7
28550,7,8
28551,4,3
28552,6,7
28553,9,3
28554,6,9
28555,2,1
28556,4,1
28557,1,0
28558,7,8
28559,2,5
28560,2,1
28561,3,5
28562,7,8
28563,7,4
28564,9,6
28565,0,2
28566,2,1
28567,2,5
28568,1,0
28569,1,0
28570,5,9
28571,3,5
28572,6,7
28573,4,8
28574,9,8
28575,7,3
28576,6,7
28577,2,1
28578,4,8
28579,5,9
28580,3,9
28581,8,4
28582,9,3
28583,1,6
28584,4,3
28585,6,7
28586,1,0
28587,8,4
28588,4,8
28589,5,9
28590,6,7
28591,6,7
28592,9,5
28593,0,2
28594,6,7
28595,8,9
28596,5,5
28597,9,4
28598,9,8
28599,4,3
28600,4,3
28601,9,3
28602,6,7
28603,2,5
28604,9,3
28605,6,7
28606,5,5
28607,0,2
28608,5,3
28609,1,6
28610,4,8
28611,2,1
28612,0,9
28613,3,9
28614,4,8
28615,4,4
28616,6,7
28617,5,1
28618,9,3
28619,6,7
28620,7,8
28621,7,4
28622,1,0
28623,8,9
28624,7,3
28625,9,3
28626,3,5
28627,0,2
28628,0,2
28629,1,6
28630,2,5
28631,2,1
28632,7,8
28633,3,2
28634,7,4
28635,4,3
28636,9,4
28637,5,9
28638,7,8
28639,6,7
28640,2,1
28641,7,4
28642,7,1
28643,8,9
28644,6,8
28645,9,3
28646,1,0
28647,0,2
28648,8,9
28649,1,6
28650,1,0
28651,2,1
28652,4,8
28653,3,1
28654,5,9
28655,4,4
28656,1,0
28657,5,1
28658,5,5
28659,6,7
28660,1,0
28661,7,4
28662,8,5
28663,8,9
28664,8,0
28665,9,3
28666,5,4
28667,0,2
28668,3,5
28669,4,4
28670,7,2
28671,0,2
28672,2,1
28673,1,6
28674,9,3
28675,7,3
28676,9,8
28677,9,3
28678,6,7
28679,5,9
28680,6,7
28681,1,6
28682,8,5
28683,4,4
28684,2,1
28685,2,1
28686,2,1
28687,8,9
28688,7,1
28689,9,4
28690,0,2
28691,4,4
28692,0,2
28693,3,9
28694,8,5
28695,1,6
28696,7,4
28697,7,4
28698,6,7
28699,8,9
28700,4,3
28701,2,1
28702,6,7
28703,4,4
28704,6,7
28705,4,4
28706,4,3
28707,3,9
28708,6,9
28709,3,9
28710,8,9
28711,6,7
28712,8,8
28713,9,3
28714,0,2
28715,9,3
28716,3,5
28717,5,1
28718,1,6
28719,8,9
28720,5,8
28721,6,7
28722,9,8
28723,7,4
28724,1,0
28725,0,2
28726,8,9
28727,6,7
28728,6,1
28729,8,9
28730,7,4
28731,2,1
28732,5,5
28733,6,7
28734,3,5
28735,3,9
28736,1,0
28737,9,4
28738,1,0
28739,8,9
28740,0,2
28741,6,7
28742,8,5
28743,1,6
28744,2,1
28745,7,4
28746,0,2
28747,4,3
28748,5,5
28749,8,9
28750,9,8
28751,8,9
28752,3,5
28753,9,4
28754,9,8
28755,0,2
28756,6,7
28757,3,1
28758,6,7
28759,3,9
28760,3,5
28761,9,3
28762,5,9
28763,0,2
28764,7,4
28765,9,4
28766,8,9
28767,4,3
28768,6,7
28769,1,6
28770,5,7
28771,0,9
28772,0,2
28773,3,5
28774,9,3
28775,7,4
28776,6,7
28777,5,1
28778,3,5
28779,8,9
28780,2,5
28781,7,4
28782,8,5
28783,7,4
28784,0,2
28785,8,9
28786,2,1
28787,2,1
28788,8,9
28789,9,4
28790,7,4
28791,7,4
28792,1,6
28793,1,6
28794,1,0
28795,2,1
28796,3,5
28797,6,7
28798,6,7
28799,4,4
28800,4,8
28801,2,1
28802,8,9
28803,3,1
28804,1,0
28805,6,7
28806,4,8
28807,6,7
28808,9,3
28809,0,2
28810,6,2
28811,2,1
28812,7,3
28813,8,9
28814,0,2
28815,1,6
28816,0,2
28817,6,7
28818,0,2
28819,1,6
28820,3,5
28821,0,2
28822,1,0
28823,4,4
28824,0,2
28825,3,9
28826,3,5
28827,1,6
28828,1,9
28829,6,7
28830,6,7
28831,1,6
28832,2,5
28833,9,4
28834,1,0
28835,0,2
28836,1,0
28837,1,6
28838,9,8
28839,2,9
28840,0,9
28841,3,9
28842,2,1
28843,4,4
28844,2,2
28845,5,9
28846,5,8
28847,6,7
28848,7,8
28849,7,4
28850,6,9
28851,8,9
28852,7,3
28853,9,4
28854,5,9
28855,0,2
28856,8,5
28857,1,6
28858,3,5
28859,2,1
28860,4,8
28861,3,9
28862,1,6
28863,4,4
28864,7,8
28865,5,9
28866,4,8
28867,6,7
28868,2,5
28869,7,4
28870,6,7
28871,8,9
28872,2,1
28873,9,4
28874,5,5
28875,0,2
28876,6,7
28877,1,6
28878,1,0
28879,2,1
28880,7,3
28881,3,9
28882,2,5
28883,6,7
28884,8,9
28885,7,4
28886,5,9
28887,8,9
28888,0,2
28889,9,3
28890,6,7
28891,8,9
28892,8,0
28893,1,6
28894,1,0
28895,0,2
28896,0,2
28897,7,4
28898,6,7
28899,5,9
28900,3,5
28901,1,6
28902,8,3
28903,8,9
28904,0,2
28905,6,7
28906,1,0
28907,4,9
28908,9,8
28909,1,6
28910,0,2
28911,9,4
28912,6,7
28913,3,9
28914,4,7
28915,8,5
28916,3,5
28917,4,4
28918,5,5
28919,4,4
28920,2,2
28921,7,4
28922,1,0
28923,0,2
28924,5,5
28925,1,6
28926,7,8
28927,9,4
28928,9,8
28929,2,1
28930,7,8
28931,8,5
28932,2,1
28933,7,4
28934,6,7
28935,8,9
28936,3,5
28937,2,1
28938,4,3
28939,5,9
28940,8,5
28941,9,4
28942,4,4
28943,6,7
28944,2,3
28945,0,2
28946,0,2
28947,6,2
28948,4,8
28949,5,9
28950,2,5
28951,5,2
28952,5,5
28953,3,5
28954,2,9
28955,3,5
28956,7,4
28957,3,5
28958,2,8
28959,8,9
28960,9,3
28961,1,6
28962,8,9
28963,4,4
28964,1,0
28965,0,2
28966,6,7
28967,6,7
28968,0,2
28969,1,6
28970,1,0
28971,0,2
28972,7,8
28973,0,2
28974,5,5
28975,6,7
28976,4,8
28977,2,1
28978,6,7
28979,1,6
28980,4,4
28981,1,6
28982,7,3
28983,3,5
28984,9,8
28985,2,1
28986,7,3
28987,8,5
28988,7,2
28989,8,9
28990,7,8
28991,7,4
28992,0,2
28993,0,2
28994,5,5
28995,3,9
28996,4,8
28997,6,7
28998,2,1
28999,8,5
29000,2,1
29001,9,4
29002,7,4
29003,9,4
29004,2,1
29005,2,9
29006,5,7
29007,4,4
29008,5,9
29009,9,4
29010,9,3
29011,4,4
29012,9,3
29013,3,9
29014,3,5
29015,6,7
29016,8,9
29017,2,1
29018,9,3
29019,2,1
29020,6,7
29021,5,9
29022,8,8
29023,3,9
29024,4,8
29025,2,1
29026,8,3
29027,5,9
29028,6,7
29029,5,2
29030,1,0
29031,9,4
29032,7,3
29033,1,6
29034,0,9
29035,6,7
29036,9,8
29037,5,5
29038,5,9
29039,0,9
29040,1,0
29041,1,6
29042,3,5
29043,2,1
29044,0,2
29045,3,5
29046,4,8
29047,4,4
29048,6,7
29049,5,5
29050,2,1
29051,7,3
29052,0,2
29053,8,9
29054,4,8
29055,0,2
29056,0,2
29057,1,6
29058,5,5
29059,2,1
29060,2,1
29061,3,1
29062,1,1
29063,4,4
29064,2,1
29065,5,5
29066,5,5
29067,0,2
29068,1,0
29069,1,6
29070,8,9
29071,2,1
29072,9,3
29073,3,9
29074,0,2
29075,4,4
29076,5,9
29077,5,3
29078,9,3
29079,6,7
29080,1,0
29081,2,1
29082,8,5
29083,1,6
29084,9,3
29085,2,1
29086,1,0
29087,1,6
29088,1,0
29089,3,5
29090,8,5
29091,9,4
29092,8,5
29093,9,4
29094,3,8
29095,8,9
29096,6,2
29097,3,5
29098,1,0
29099,7,4
29100,5,5
29101,0,2
29102,0,2
29103,7,3
29104,3,9
29105,7,6
29106,2,1
29107,5,9
29108,9,8
29109,7,6
29110,9,8
29111,9,4
29112,5,9
29113,9,4
29114,1,0
29115,4,4
29116,8,5
29117,7,4
29118,8,9
29119,0,9
29120,5,8
29121,3,1
29122,4,4
29123,4,4
29124,9,8
29125,1,6
29126,8,5
29127,7,4
29128,0,2
29129,5,9
29130,4,7
29131,8,4
29132,8,7
29133,1,6
29134,9,3
29135,4,4
29136,6,7
29137,9,4
29138,6,7
29139,8,9
29140,6,7
29141,4,4
29142,8,3
29143,1,6
29144,7,4
29145,8,1
29146,3,5
29147,6,7
29148,0,2
29149,6,7
29150,5,3
29151,0,9
29152,2,1
29153,3,3
29154,9,3
29155,5,9
29156,5,8
29157,5,9
29158,3,5
29159,7,4
29160,6,1
29161,9,8
29162,8,9
29163,6,7
29164,8,9
29165,9,3
29166,4,8
29167,2,1
29168,9,8
29169,6,7
29170,9,3
29171,2,1
29172,8,5
29173,1,9
29174,5,5
29175,2,1
29176,2,6
29177,0,2
29178,8,5
29179,8,9
29180,9,9
29181,3,9
29182,3,5
29183,8,9
29184,7,3
29185,3,5
29186,7,3
29187,0,2
29188,2,1
29189,8,9
29190,0,2
29191,7,4
29192,8,9
29193,4,4
29194,8,5
29195,9,4
29196,4,8
29197,5,7
29198,8,9
29199,0,2
29200,2,1
29201,9,6
29202,7,3
29203,0,2
29204,5,9
29205,0,2
29206,4,0
29207,4,4
29208,8,9
29209,6,7
29210,7,4
29211,0,2
29212,7,8
29213,9,3
29214,1,0
29215,1,6
29216,6,7
29217,6,7
29218,4,8
29219,2,1
29220,2,1
29221,6,7
29222,1,6
29223,8,9
29224,3,5
29225,3,9
29226,6,9
29227,1,6
29228,4,8
29229,8,9
29230,0,2
29231,3,9
29232,3,5
29233,1,6
29234,9,3
29235,0,2
29236,9,0
29237,3,1
29238,7,4
29239,1,6
29240,2,1
29241,4,4
29242,1,6
29243,0,2
29244,2,1
29245,1,0
29246,3,5
29247,2,1
29248,5,9
29249,3,5
29250,0,2
29251,4,8
29252,4,4
29253,5,9
29254,8,5
29255,6,7
29256,4,8
29257,7,8
29258,4,7
29259,8,9
29260,1,0
29261,9,3
29262,0,2
29263,0,2
29264,5,5
29265,1,6
29266,3,5
29267,2,1
29268,5,5
29269,3,5
29270,3,5
29271,4,8
29272,6,7
29273,5,9
29274,1,6
29275,6,7
29276,8,9
29277,7,4
29278,1,0
29279,8,9
29280,8,5
29281,9,3
29282,7,4
29283,0,2
29284,1,0
29285,1,6
29286,9,0
29287,2,1
29288,1,0
29289,3,5
29290,2,1
29291,4,3
29292,9,8
29293,5,9
29294,3,2
29295,6,7
29296,7,4
29297,7,3
29298,7,4
29299,8,9
29300,3,5
29301,9,8
29302,9,3
29303,8,3
29304,3,9
29305,9,8
29306,8,9
29307,5,9
29308,5,9
29309,7,3
29310,5,2
29311,0,7
29312,2,1
29313,3,5
29314,2,1
29315,1,6
29316,5,5
29317,6,7
29318,9,3
29319,8,9
29320,1,9
29321,4,8
29322,9,3
29323,1,6
29324,7,3
29325,7,4
29326,7,8
29327,6,7
29328,9,8
29329,5,9
29330,6,9
29331,6,7
29332,9,3
29333,7,3
29334,2,1
29335,8,9
29336,0,2
29337,1,6
29338,7,3
29339,4,8
29340,4,8
29341,0,7
29342,8,9
29343,5,9
29344,5,3
29345,0,2
29346,9,3
29347,1,6
29348,5,5
29349,9,3
29350,6,7
29351,2,1
29352,3,5
29353,3,5
29354,5,9
29355,2,1
29356,3,5
29357,3,5
29358,4,3
29359,5,9
29360,8,4
29361,5,9
29362,6,1
29363,7,3
29364,0,2
29365,8,4
29366,3,5
29367,4,4
29368,0,2
29369,9,8
29370,6,7
29371,9,3
29372,4,3
29373,7,3
29374,0,2
29375,1,6
29376,7,3
29377,1,6
29378,0,2
29379,9,3
29380,6,8
29381,8,9
29382,7,4
29383,3,5
29384,5,9
29385,4,3
29386,0,2
29387,8,9
29388,0,5
29389,6,7
29390,9,8
29391,3,1
29392,6,1
29393,8,9
29394,0,2
29395,0,2
29396,1,0
29397,9,3
29398,3,5
29399,6,7
29400,9,8
29401,2,1
29402,8,5
29403,1,6
29404,5,9
29405,0,2
29406,9,3
29407,1,0
29408,2,5
29409,0,2
29410,5,9
29411,6,7
29412,7,3
29413,2,1
29414,0,2
29415,3,5
29416,1,0
29417,8,9
29418,4,7
29419,9,3
29420,0,2
29421,0,2
29422,8,1
29423,7,3
29424,6,7
29425,2,1
29426,9,8
29427,3,5
29428,1,6
29429,4,4
29430,1,6
29431,8,4
29432,7,4
29433,5,9
29434,1,1
29435,4,4
29436,7,3
29437,6,7
29438,0,2
29439,6,7
29440,7,4
29441,6,7
29442,4,8
29443,7,3
29444,4,3
29445,9,3
29446,0,2
29447,1,0
29448,1,0
29449,2,1
29450,7,3
29451,1,6
29452,7,4
29453,2,9
29454,6,7
29455,6,7
29456,0,2
29457,5,9
29458,3,5
29459,3,5
29460,6,7
29461,4,3
29462,5,5
29463,7,3
29464,3,9
29465,9,3
29466,2,1
29467,4,3
29468,0,2
29469,0,2
29470,7,3
29471,0,2
29472,9,8
29473,5,9
29474,0,2
29475,9,3
29476,3,6
29477,0,2
29478,0,2
29479,1,0
29480,1,0
29481,2,5
29482,7,3
29483,3,5
29484,4,8
29485,4,8
29486,9,3
29487,5,5
29488,0,2
29489,6,1
29490,0,2
29491,7,3
29492,9,8
29493,8,9
29494,8,9
29495,9,3
29496,2,1
29497,0,2
29498,0,2
29499,1,0
29500,2,1
29501,2,5
29502,9,8
29503,4,8
29504,3,5
29505,5,5
29506,3,5
29507,6,7
29508,7,0
29509,7,3
29510,2,4
29511,8,5
29512,7,3
29513,9,8
29514,1,0
29515,0,2
29516,7,3
29517,1,0
29518,1,0
29519,2,5
29520,0,2
29521,3,5
29522,1,0
29523,4,3
29524,5,9
29525,5,5
29526,6,7
29527,6,7
29528,3,5
29529,7,3
29530,4,1
29531,8,5
29532,1,0
29533,9,3
29534,5,5
29535,8,5
29536,9,8
29537,6,7
29538,4,3
29539,5,5
29540,0,2
29541,0,2
29542,4,8
29543,6,7
29544,1,0
29545,8,5
29546,2,1
29547,9,3
29548,6,7
29549,4,3
29550,4,9
29551,1,0
29552,9,3
29553,9,3
29554,6,7
29555,5,5
29556,1,0
29557,3,1
29558,4,8
29559,0,2
29560,0,2
29561,4,3
29562,0,7
29563,8,5
29564,0,2
29565,9,3
29566,4,8
29567,1,0
29568,6,7
29569,5,5
29570,0,7
29571,5,5
29572,5,9
29573,2,9
29574,4,3
29575,1,6
29576,8,9
29577,4,3
29578,0,2
29579,0,7
29580,9,3
29581,7,3
29582,7,4
29583,6,7
29584,4,4
29585,0,2
29586,1,0
29587,1,0
29588,4,7
29589,8,4
29590,4,3
29591,9,8
29592,7,3
29593,4,8
29594,2,0
29595,7,8
29596,8,5
29597,6,7
29598,1,0
29599,0,2
29600,4,8
29601,8,5
29602,3,1
29603,1,0
29604,8,5
29605,7,3
29606,4,3
29607,7,3
29608,3,9
29609,1,5
29610,3,9
29611,2,1
29612,2,1
29613,3,5
29614,0,2
29615,1,6
29616,5,9
29617,4,4
29618,8,5
29619,2,1
29620,6,7
29621,0,2
29622,6,7
29623,0,2
29624,2,1
29625,7,3
29626,2,1
29627,8,9
29628,1,0
29629,8,9
29630,6,8
29631,4,4
29632,7,0
29633,7,2
29634,8,5
29635,2,1
29636,3,5
29637,5,9
29638,4,4
29639,6,7
29640,2,1
29641,3,1
29642,3,5
29643,6,7
29644,6,7
29645,4,4
29646,2,5
29647,6,7
29648,5,5
29649,5,9
29650,3,5
29651,1,6
29652,7,4
29653,3,5
29654,2,9
29655,9,3
29656,8,5
29657,2,1
29658,1,0
29659,5,9
29660,9,3
29661,7,3
29662,2,9
29663,9,4
29664,0,2
29665,8,9
29666,1,0
29667,2,1
29668,1,0
29669,1,6
29670,3,5
29671,3,5
29672,9,9
29673,1,6
29674,2,1
29675,3,5
29676,0,5
29677,0,2
29678,8,9
29679,1,6
29680,8,5
29681,2,5
29682,6,7
29683,4,8
29684,0,2
29685,5,9
29686,6,7
29687,6,7
29688,4,3
29689,7,3
29690,4,8
29691,8,9
29692,4,3
29693,9,3
29694,7,0
29695,0,2
29696,5,9
29697,1,6
29698,2,1
29699,2,1
29700,8,9
29701,3,1
29702,8,5
29703,4,4
29704,0,7
29705,5,9
29706,0,2
29707,6,9
29708,5,5
29709,7,3
29710,9,3
29711,8,9
29712,5,4
29713,0,2
29714,7,3
29715,1,6
29716,2,1
29717,2,1
29718,0,2
29719,3,9
29720,2,1
29721,4,4
29722,8,4
29723,5,9
29724,9,8
29725,6,9
29726,2,1
29727,7,4
29728,6,7
29729,8,9
29730,7,7
29731,9,4
29732,0,2
29733,7,4
29734,2,1
29735,2,1
29736,0,9
29737,9,3
29738,9,3
29739,4,3
29740,1,0
29741,2,1
29742,4,8
29743,9,4
29744,4,8
29745,8,9
29746,1,0
29747,4,4
29748,5,5
29749,5,9
29750,0,9
29751,8,9
29752,9,3
29753,8,9
29754,4,8
29755,0,7
29756,7,3
29757,3,3
29758,6,7
29759,5,9
29760,5,9
29761,4,4
29762,7,3
29763,3,9
29764,4,8
29765,3,9
29766,6,7
29767,4,4
29768,6,7
29769,6,7
29770,2,1
29771,5,9
29772,0,2
29773,1,6
29774,6,7
29775,7,3
29776,6,2
29777,8,9
29778,9,8
29779,4,4
29780,8,9
29781,5,9
29782,8,9
29783,7,4
29784,2,1
29785,3,9
29786,7,6
29787,5,9
29788,4,9
29789,2,1
29790,5,5
29791,3,0
29792,4,3
29793,6,7
29794,4,8
29795,6,7
29796,7,3
29797,7,4
29798,8,9
29799,7,4
29800,3,9
29801,7,4
29802,9,0
29803,6,7
29804,5,5
29805,0,2
29806,7,4
29807,1,6
29808,9,3
29809,0,2
29810,1,0
29811,1,6
29812,1,0
29813,6,7
29814,4,3
29815,5,9
29816,3,9
29817,5,9
29818,4,3
29819,2,1
29820,4,3
29821,9,3
29822,9,3
29823,3,9
29824,9,3
29825,1,6
29826,7,3
29827,4,4
29828,1,0
29829,8,9
29830,5,7
29831,8,6
29832,6,2
29833,7,4
29834,5,5
29835,6,9
29836,6,7
29837,2,1
29838,6,7
29839,2,7
29840,1,6
29841,9,3
29842,5,5
29843,6,9
29844,3,5
29845,5,9
29846,9,3
29847,9,3
29848,0,2
29849,1,6
29850,7,3
29851,2,1
29852,5,9
29853,2,7
29854,4,8
29855,7,4
29856,9,3
29857,9,4
29858,8,5
29859,7,4
29860,0,2
29861,9,4
29862,0,2
29863,8,9
29864,4,3
29865,9,4
29866,4,3
29867,7,4
29868,9,6
29869,0,2
29870,5,5
29871,5,9
29872,6,1
29873,0,2
29874,9,3
29875,3,6
29876,2,5
29877,8,9
29878,9,8
29879,4,4
29880,5,9
29881,6,9
29882,3,9
29883,1,6
29884,4,8
29885,4,4
29886,8,5
29887,0,2
29888,7,8
29889,3,6
29890,5,9
29891,6,7
29892,5,5
29893,2,1
29894,3,5
29895,0,2
29896,3,0
29897,1,6
29898,4,8
29899,3,9
29900,7,4
29901,1,6
29902,1,0
29903,0,9
29904,2,1
29905,9,4
29906,2,6
29907,0,9
29908,7,8
29909,1,6
29910,4,8
29911,2,1
29912,5,5
29913,3,5
29914,4,8
29915,5,9
29916,5,5
29917,6,7
29918,0,2
29919,7,3
29920,7,1
29921,8,9
29922,4,4
29923,9,4
29924,5,5
29925,0,9
29926,0,5
29927,1,6
29928,6,1
29929,4,4
29930,2,1
29931,7,4
29932,2,1
29933,8,9
29934,0,2
29935,9,4
29936,3,5
29937,0,9
29938,9,9
29939,1,6
29940,5,9
29941,4,9
29942,4,8
29943,7,4
29944,6,7
29945,8,9
29946,4,3
29947,9,4
29948,7,4
29949,1,6
29950,6,1
29951,7,4
29952,1,6
29953,9,3
29954,7,8
29955,5,9
29956,9,8
29957,1,6
29958,3,5
29959,9,4
29960,4,7
29961,1,6
29962,3,5
29963,7,4
29964,7,3
29965,8,9
29966,6,1
29967,2,8
29968,1,0
29969,3,5
29970,6,7
29971,6,7
29972,3,9
29973,9,4
29974,1,0
29975,9,8
29976,1,0
29977,5,9
29978,9,3
29979,8,9
29980,9,4
29981,6,7
29982,7,3
29983,7,3
29984,7,4
29985,0,2
29986,1,0
29987,6,7
29988,8,5
29989,8,9
29990,2,1
29991,3,1
29992,4,8
29993,9,8
29994,0,2
29995,8,9
29996,9,3
29997,6,7
29998,7,3
29999,1,6
30000,3,5
30001,7,4
30002,3,5
30003,9,8
30004,6,7
30005,4,4
30006,4,3
30007,1,6
30008,7,4
30009,0,2
30010,9,3
30011,3,9
30012,5,9
30013,8,9
30014,2,1
30015,7,3
30016,4,8
30017,7,3
30018,7,8
30019,8,5
30020,5,5
30021,7,4
30022,9,4
30023,6,7
30024,6,7
30025,6,7
30026,8,5
30027,2,1
30028,5,5
30029,8,9
30030,5,9
30031,1,6
30032,2,1
30033,6,7
30034,0,2
30035,1,6
30036,6,7
30037,0,9
30038,8,9
30039,4,4
30040,3,5
30041,3,9
30042,5,5
30043,1,6
30044,0,2
30045,6,7
30046,5,3
30047,1,9
30048,3,5
30049,9,8
30050,8,9
30051,0,2
30052,4,8
30053,1,6
30054,2,1
30055,2,1
30056,2,1
30057,3,5
30058,0,2
30059,4,4
30060,7,4
30061,5,9
30062,3,5
30063,6,9
30064,2,1
30065,7,4
30066,4,8
30067,8,9
30068,1,0
30069,9,4
30070,3,5
30071,0,2
30072,3,5
30073,1,6
30074,6,7
30075,2,1
30076,2,1
30077,3,9
30078,2,1
30079,4,4
30080,0,2
30081,5,9
30082,5,9
30083,6,9
30084,3,5
30085,9,9
30086,5,9
30087,0,2
30088,0,2
30089,1,1
30090,3,5
30091,2,1
30092,8,5
30093,3,9
30094,2,1
30095,9,6
30096,9,8
30097,0,9
30098,8,9
30099,9,4
30100,1,0
30101,0,9
30102,2,1
30103,9,4
30104,1,0
30105,3,9
30106,6,1
30107,2,1
30108,4,3
30109,7,4
30110,9,3
30111,8,1
30112,5,9
30113,4,4
30114,6,7
30115,6,9
30116,8,9
30117,1,6
30118,7,3
30119,0,9
30120,2,1
30121,4,9
30122,2,6
30123,0,9
30124,3,5
30125,5,9
30126,1,0
30127,0,9
30128,6,7
30129,1,6
30130,3,8
30131,3,9
30132,5,9
30133,2,1
30134,4,8
30135,9,4
30136,3,8
30137,1,6
30138,9,3
30139,6,9
30140,1,0
30141,0,9
30142,6,7
30143,1,6
30144,9,2
30145,1,6
30146,1,6
30147,8,9
30148,1,0
30149,0,9
30150,6,8
30151,4,9
30152,6,7
30153,7,4
30154,7,4
30155,7,4
30156,0,9
30157,6,9
30158,1,0
30159,3,4
30160,0,2
30161,6,9
30162,8,3
30163,0,9
30164,4,8
30165,7,4
30166,7,4
30167,4,4
30168,6,7
30169,4,9
30170,0,2
30171,1,1
30172,8,9
30173,8,9
30174,4,8
30175,3,5
30176,1,0
30177,7,9
30178,6,7
30179,1,6
30180,4,8
30181,9,4
30182,6,7
30183,3,9
30184,9,1
30185,8,9
30186,4,4
30187,0,2
30188,7,2
30189,1,0
30190,7,4
30191,2,1
30192,6,5
30193,3,5
30194,1,0
30195,4,8
30196,0,2
30197,5,5
30198,4,1
30199,6,1
30200,1,0
30201,7,3
30202,7,3
30203,8,5
30204,9,8
30205,9,8
30206,3,5
30207,0,2
30208,9,3
30209,1,0
30210,1,6
30211,2,1
30212,0,2
30213,3,5
30214,1,5
30215,4,8
30216,5,9
30217,5,5
30218,1,0
30219,8,3
30220,0,7
30221,9,8
30222,0,2
30223,0,2
30224,7,3
30225,1,0
30226,3,5
30227,2,1
30228,2,7
30229,3,5
30230,6,7
30231,4,8
30232,6,1
30233,5,5
30234,4,4
30235,8,5
30236,8,5
30237,9,8
30238,1,0
30239,8,5
30240,0,7
30241,3,5
30242,8,9
30243,4,8
30244,1,0
30245,7,3
30246,0,2
30247,8,5
30248,8,9
30249,6,1
30250,7,4
30251,3,5
30252,6,7
30253,4,8
30254,3,5
30255,0,2
30256,3,5
30257,9,8
30258,3,5
30259,7,3
30260,7,4
30261,1,0
30262,5,8
30263,9,8
30264,7,4
30265,3,5
30266,4,1
30267,8,8
30268,8,5
30269,4,8
30270,1,0
30271,7,3
30272,4,8
30273,3,5
30274,1,0
30275,0,2
30276,4,8
30277,9,3
30278,5,9
30279,6,1
30280,5,9
30281,1,0
30282,3,5
30283,4,8
30284,3,5
30285,5,5
30286,7,3
30287,4,8
30288,5,5
30289,6,7
30290,7,3
30291,2,1
30292,1,0
30293,0,2
30294,7,4
30295,6,7
30296,9,3
30297,2,1
30298,4,8
30299,1,0
30300,0,2
30301,1,0
30302,7,3
30303,1,0
30304,3,5
30305,1,0
30306,3,5
30307,7,3
30308,9,5
30309,2,1
30310,7,3
30311,4,8
30312,6,7
30313,7,3
30314,6,7
30315,5,5
30316,4,3
30317,2,1
30318,8,4
30319,9,8
30320,0,2
30321,4,8
30322,8,5
30323,5,5
30324,8,5
30325,8,3
30326,4,8
30327,4,8
30328,9,8
30329,2,1
30330,8,5
30331,0,2
30332,6,8
30333,5,5
30334,9,3
30335,1,0
30336,2,1
30337,1,0
30338,6,7
30339,7,3
30340,0,2
30341,6,1
30342,9,8
30343,6,7
30344,2,1
30345,6,7
30346,2,1
30347,8,5
30348,7,4
30349,2,1
30350,6,7
30351,5,5
30352,0,2
30353,2,1
30354,3,5
30355,2,1
30356,2,1
30357,7,8
30358,9,8
30359,7,8
30360,9,3
30361,4,8
30362,3,5
30363,0,2
30364,1,6
30365,2,1
30366,1,0
30367,4,8
30368,1,0
30369,2,1
30370,0,2
30371,5,5
30372,1,6
30373,0,2
30374,8,9
30375,3,5
30376,2,1
30377,3,5
30378,9,8
30379,3,5
30380,7,3
30381,1,0
30382,0,2
30383,8,5
30384,0,2
30385,9,8
30386,3,9
30387,6,1
30388,0,2
30389,1,0
30390,5,5
30391,0,2
30392,6,7
30393,5,5
30394,9,3
30395,9,8
30396,5,5
30397,8,5
30398,3,5
30399,5,5
30400,3,5
30401,8,5
30402,5,5
30403,5,5
30404,1,0
30405,5,5
30406,9,8
30407,8,5
30408,1,0
30409,0,2
30410,5,5
30411,3,5
30412,8,3
30413,0,2
30414,7,8
30415,8,5
30416,8,5
30417,3,5
30418,8,9
30419,9,8
30420,2,6
30421,6,1
30422,4,3
30423,3,5
30424,0,5
30425,0,2
30426,6,7
30427,1,6
30428,7,8
30429,2,7
30430,1,0
30431,3,9
30432,7,4
30433,7,4
30434,0,9
30435,8,5
30436,1,6
30437,9,4
30438,0,5
30439,0,2
30440,6,7
30441,1,6
30442,7,3
30443,2,1
30444,6,7
30445,3,9
30446,9,4
30447,4,4
30448,5,5
30449,7,4
30450,8,1
30451,8,4
30452,9,8
30453,9,4
30454,6,1
30455,0,2
30456,5,8
30457,1,6
30458,4,4
30459,2,1
30460,8,9
30461,3,9
30462,7,8
30463,4,8
30464,4,4
30465,7,4
30466,6,2
30467,8,9
30468,3,5
30469,9,3
30470,9,8
30471,1,6
30472,4,3
30473,0,2
30474,6,7
30475,1,6
30476,5,5
30477,2,1
30478,8,9
30479,7,4
30480,0,2
30481,7,4
30482,5,5
30483,3,9
30484,0,2
30485,2,1
30486,1,0
30487,2,9
30488,5,5
30489,3,5
30490,6,1
30491,9,3
30492,2,1
30493,1,6
30494,8,5
30495,7,4
30496,0,7
30497,9,3
30498,9,8
30499,5,4
30500,9,8
30501,7,4
30502,7,4
30503,2,8
30504,7,4
30505,9,3
30506,4,3
30507,6,7
30508,1,9
30509,1,6
30510,8,5
30511,3,5
30512,1,6
30513,7,4
30514,5,9
30515,3,9
30516,8,5
30517,9,4
30518,6,9
30519,8,9
30520,9,3
30521,8,9
30522,2,0
30523,8,9
30524,1,0
30525,8,9
30526,6,7
30527,8,9
30528,5,5
30529,4,8
30530,2,5
30531,7,6
30532,7,6
30533,2,1
30534,2,1
30535,1,6
30536,4,3
30537,9,3
30538,7,4
30539,8,9
30540,3,5
30541,7,6
30542,4,8
30543,8,9
30544,5,9
30545,8,7
30546,8,4
30547,0,2
30548,0,2
30549,7,4
30550,1,0
30551,9,3
30552,4,8
30553,5,9
30554,4,3
30555,0,2
30556,1,0
30557,6,7
30558,7,4
30559,8,4
30560,7,3
30561,2,9
30562,9,3
30563,6,7
30564,1,0
30565,0,9
30566,5,9
30567,1,0
30568,8,5
30569,2,1
30570,2,1
30571,3,5
30572,5,5
30573,4,4
30574,3,5
30575,5,9
30576,6,0
30577,6,7
30578,0,2
30579,7,4
30580,2,1
30581,8,9
30582,6,7
30583,9,3
30584,8,3
30585,0,2
30586,0,2
30587,1,6
30588,4,8
30589,2,1
30590,4,8
30591,3,5
30592,1,0
30593,4,4
30594,2,1
30595,5,9
30596,2,1
30597,6,7
30598,9,3
30599,7,4
30600,2,6
30601,8,9
30602,4,7
30603,9,4
30604,7,8
30605,0,9
30606,1,0
30607,1,6
30608,6,1
30609,2,1
30610,7,3
30611,3,9
30612,1,0
30613,4,4
30614,1,0
30615,5,9
30616,1,0
30617,6,7
30618,0,2
30619,7,4
30620,9,3
30621,8,9
30622,5,8
30623,9,4
30624,0,2
30625,0,2
30626,5,9
30627,9,4
30628,1,0
30629,9,4
30630,6,9
30631,8,9
30632,6,7
30633,9,4
30634,2,1
30635,8,9
30636,9,8
30637,4,4
30638,6,1
30639,1,6
30640,2,1
30641,7,4
30642,3,5
30643,7,4
30644,3,5
30645,3,5
30646,9,2
30647,5,9
30648,6,7
30649,1,6
30650,3,5
30651,0,2
30652,7,4
30653,0,2
30654,8,5
30655,2,1
30656,8,9
30657,7,4
30658,4,3
30659,7,4
30660,9,5
30661,8,9
30662,3,5
30663,2,1
30664,7,4
30665,0,9
30666,4,8
30667,1,6
30668,0,2
30669,2,1
30670,7,3
30671,6,7
30672,7,3
30673,3,5
30674,7,4
30675,3,5
30676,5,9
30677,7,4
30678,0,2
30679,3,5
30680,6,7
30681,3,5
30682,4,3
30683,4,4
30684,1,0
30685,6,7
30686,9,4
30687,6,7
30688,8,5
30689,6,7
30690,2,3
30691,4,4
30692,3,8
30693,9,4
30694,9,8
30695,1,6
30696,9,8
30697,5,9
30698,9,9
30699,0,9
30700,0,2
30701,9,4
30702,4,3
30703,8,9
30704,9,8
30705,2,1
30706,0,5
30707,0,2
30708,4,3
30709,0,9
30710,2,7
30711,1,6
30712,9,3
30713,7,3
30714,5,5
30715,6,7
30716,6,7
30717,3,5
30718,7,8
30719,2,1
30720,3,1
30721,1,6
30722,7,4
30723,7,4
30724,2,5
30725,4,4
30726,2,1
30727,6,7
30728,7,3
30729,3,9
30730,2,8
30731,1,6
30732,8,9
30733,3,5
30734,0,2
30735,9,4
30736,4,4
30737,1,6
30738,8,5
30739,7,4
30740,3,9
30741,6,7
30742,1,0
30743,8,9
30744,6,7
30745,4,4
30746,2,1
30747,3,5
30748,0,2
30749,1,6
30750,9,8
30751,0,9
30752,2,1
30753,9,4
30754,3,5
30755,6,7
30756,9,4
30757,1,6
30758,9,8
30759,7,4
30760,3,5
30761,5,9
30762,2,1
30763,4,4
30764,7,5
30765,4,4
30766,5,5
30767,7,4
30768,7,4
30769,2,1
30770,6,7
30771,8,9
30772,2,1
30773,4,1
30774,3,9
30775,8,9
30776,9,8
30777,8,9
30778,9,3
30779,4,9
30780,3,5
30781,8,9
30782,9,8
30783,9,4
30784,6,7
30785,8,9
30786,7,3
30787,0,2
30788,6,9
30789,1,0
30790,0,7
30791,2,5
30792,4,3
30793,3,5
30794,2,1
30795,4,3
30796,6,7
30797,5,5
30798,7,4
30799,6,7
30800,0,9
30801,7,3
30802,2,1
30803,8,9
30804,9,3
30805,9,3
30806,8,3
30807,0,2
30808,9,3
30809,1,6
30810,2,4
30811,2,1
30812,6,7
30813,3,5
30814,9,3
30815,4,3
30816,2,1
30817,5,9
30818,6,9
30819,6,7
30820,6,7
30821,7,3
30822,6,7
30823,8,9
30824,3,5
30825,9,3
30826,2,1
30827,0,2
30828,0,2
30829,1,0
30830,4,3
30831,2,1
30832,2,1
30833,3,5
30834,9,3
30835,4,3
30836,9,3
30837,5,5
30838,9,5
30839,6,7
30840,2,1
30841,7,3
30842,5,5
30843,8,9
30844,8,5
30845,9,3
30846,4,8
30847,1,0
30848,1,0
30849,0,2
30850,9,3
30851,4,3
30852,1,0
30853,5,7
30854,1,0
30855,6,7
30856,6,8
30857,6,7
30858,5,5
30859,3,5
30860,2,6
30861,4,0
30862,8,5
30863,4,3
30864,5,4
30865,2,5
30866,1,0
30867,8,9
30868,4,8
30869,1,0
30870,8,9
30871,0,2
30872,2,5
30873,6,7
30874,8,9
30875,4,3
30876,4,6
30877,9,3
30878,6,7
30879,7,3
30880,2,1
30881,2,1
30882,6,9
30883,3,5
30884,2,2
30885,3,5
30886,4,8
30887,9,3
30888,4,3
30889,2,5
30890,4,3
30891,0,2
30892,8,9
30893,9,3
30894,1,0
30895,3,5
30896,5,5
30897,3,5
30898,1,0
30899,9,3
30900,5,1
30901,1,6
30902,7,3
30903,5,5
30904,6,7
30905,2,1
30906,1,0
30907,3,5
30908,4,8
30909,1,0
30910,9,8
30911,6,7
30912,7,4
30913,7,3
30914,8,5
30915,3,5
30916,6,7
30917,7,3
30918,5,8
30919,8,9
30920,1,0
30921,4,4
30922,9,3
30923,0,2
30924,7,4
30925,2,1
30926,0,7
30927,4,9
30928,5,9
30929,0,7
30930,6,7
30931,2,1
30932,0,7
30933,4,4
30934,3,5
30935,7,3
30936,7,3
30937,8,9
30938,1,0
30939,0,9
30940,1,0
30941,7,3
30942,9,3
30943,0,2
30944,9,3
30945,6,7
30946,7,3
30947,9,3
30948,0,2
30949,3,5
30950,6,1
30951,2,1
30952,7,3
30953,4,3
30954,4,8
30955,0,2
30956,6,7
30957,5,5
30958,1,0
30959,7,3
30960,3,8
30961,5,5
30962,3,5
30963,1,0
30964,8,5
30965,0,2
30966,1,0
30967,8,9
30968,6,5
30969,1,0
30970,2,1
30971,6,7
30972,2,0
30973,7,3
30974,3,5
30975,2,1
30976,2,1
30977,9,3
30978,1,0
30979,7,3
30980,5,5
30981,9,3
30982,7,3
30983,5,5
30984,3,5
30985,8,9
30986,3,5
30987,9,3
30988,7,4
30989,6,7
30990,7,3
30991,5,7
30992,0,2
30993,2,1
30994,8,9
30995,6,7
30996,1,6
30997,2,1
30998,7,3
30999,8,9
31000,6,5
31001,1,0
31002,2,1
31003,7,3
31004,9,3
31005,5,5
31006,4,8
31007,5,5
31008,5,9
31009,7,3
31010,5,5
31011,3,5
31012,1,6
31013,5,7
31014,8,9
31015,0,2
31016,2,1
31017,1,0
31018,9,3
31019,1,0
31020,0,2
31021,3,5
31022,5,9
31023,8,0
31024,2,1
31025,4,3
31026,0,2
31027,9,4
31028,5,9
31029,4,4
31030,8,2
31031,5,7
31032,3,5
31033,1,6
31034,8,9
31035,8,9
31036,4,8
31037,6,7
31038,1,0
31039,8,9
31040,6,7
31041,9,3
31042,3,9
31043,0,2
31044,3,5
31045,1,0
31046,6,2
31047,2,1
31048,1,0
31049,3,5
31050,4,3
31051,4,3
31052,4,8
31053,5,9
31054,6,7
31055,7,3
31056,2,1
31057,9,3
31058,1,0
31059,0,2
31060,8,9
31061,1,6
31062,7,3
31063,2,2
31064,7,4
31065,3,5
31066,7,8
31067,4,4
31068,2,5
31069,5,9
31070,2,5
31071,6,7
31072,9,8
31073,7,3
31074,9,3
31075,8,5
31076,7,3
31077,9,3
31078,5,4
31079,0,2
31080,8,9
31081,1,6
31082,0,2
31083,4,3
31084,1,0
31085,7,3
31086,5,5
31087,8,5
31088,9,8
31089,9,3
31090,4,7
31091,8,5
31092,2,5
31093,1,0
31094,9,8
31095,0,2
31096,2,1
31097,9,3
31098,3,5
31099,5,9
31100,7,4
31101,7,3
31102,4,8
31103,8,4
31104,6,7
31105,6,7
31106,4,8
31107,9,3
31108,3,5
31109,0,2
31110,6,7
31111,4,4
31112,0,2
31113,1,0
31114,4,1
31115,9,3
31116,0,2
31117,3,5
31118,6,7
31119,8,5
31120,9,8
31121,4,3
31122,1,6
31123,4,4
31124,8,5
31125,7,3
31126,4,3
31127,0,2
31128,9,8
31129,1,0
31130,9,8
31131,9,3
31132,9,3
31133,2,1
31134,1,1
31135,8,5
31136,3,5
31137,7,8
31138,0,2
31139,8,9
31140,3,5
31141,9,3
31142,9,3
31143,6,7
31144,1,0
31145,0,2
31146,2,5
31147,6,7
31148,2,1
31149,5,9
31150,2,1
31151,5,9
31152,6,7
31153,3,5
31154,0,2
31155,3,5
31156,7,3
31157,3,7
31158,5,5
31159,4,4
31160,7,3
31161,9,3
31162,8,4
31163,4,1
31164,4,3
31165,0,2
31166,1,6
31167,6,7
31168,8,5
31169,1,6
31170,9,8
31171,0,2
31172,0,2
31173,0,2
31174,1,0
31175,6,7
31176,7,8
31177,2,1
31178,3,5
31179,1,0
31180,0,2
31181,1,0
31182,8,5
31183,3,5
31184,9,1
31185,2,4
31186,5,5
31187,7,3
31188,2,1
31189,7,4
31190,5,5
31191,8,9
31192,7,3
31193,6,7
31194,0,2
31195,0,2
31196,7,4
31197,2,7
31198,1,1
31199,0,2
31200,9,2
31201,3,5
31202,0,2
31203,6,7
31204,6,7
31205,8,9
31206,8,5
31207,7,4
31208,6,7
31209,1,6
31210,7,8
31211,5,9
31212,6,7
31213,9,4
31214,5,5
31215,9,4
31216,2,2
31217,3,5
31218,9,3
31219,7,4
31220,6,8
31221,2,1
31222,5,5
31223,4,3
31224,4,8
31225,9,3
31226,9,3
31227,4,3
31228,6,7
31229,3,5
31230,5,5
31231,6,7
31232,6,7
31233,2,1
31234,0,7
31235,4,4
31236,8,9
31237,1,6
31238,1,0
31239,7,4
31240,2,1
31241,2,1
31242,5,5
31243,0,2
31244,9,3
31245,1,6
31246,4,8
31247,2,1
31248,8,9
31249,3,5
31250,1,0
31251,4,4
31252,5,9
31253,5,6
31254,3,5
31255,6,1
31256,9,3
31257,7,4
31258,2,5
31259,8,9
31260,8,5
31261,9,4
31262,9,8
31263,0,2
31264,1,7
31265,1,6
31266,5,5
31267,2,1
31268,6,7
31269,3,9
31270,6,7
31271,7,3
31272,0,2
31273,8,9
31274,3,3
31275,9,4
31276,2,1
31277,0,9
31278,1,0
31279,1,6
31280,1,0
31281,2,1
31282,1,0
31283,3,9
31284,7,3
31285,4,4
31286,1,0
31287,5,6
31288,0,7
31289,6,1
31290,5,8
31291,7,4
31292,8,5
31293,8,9
31294,6,7
31295,9,4
31296,1,6
31297,0,2
31298,8,9
31299,9,4
31300,7,3
31301,5,1
31302,5,5
31303,6,7
31304,2,5
31305,4,4
31306,8,5
31307,1,6
31308,8,5
31309,9,4
31310,0,7
31311,3,9
31312,9,2
31313,8,1
31314,0,9
31315,4,4
31316,5,5
31317,4,4
31318,1,0
31319,7,4
31320,9,3
31321,0,9
31322,4,8
31323,1,6
31324,4,8
31325,9,4
31326,9,8
31327,2,7
31328,5,9
31329,8,9
31330,7,4
31331,7,4
31332,1,0
31333,8,9
31334,8,9
31335,5,9
31336,9,4
31337,9,4
31338,2,1
31339,6,1
31340,4,8
31341,0,9
31342,6,7
31343,6,6
31344,5,9
31345,3,9
31346,5,9
31347,3,9
31348,1,0
31349,3,9
31350,0,2
31351,9,4
31352,5,5
31353,9,4
31354,2,1
31355,8,9
31356,0,9
31357,1,6
31358,9,3
31359,4,4
31360,2,1
31361,0,2
31362,7,3
31363,6,7
31364,9,8
31365,1,6
31366,1,6
31367,0,2
31368,6,1
31369,0,2
31370,1,0
31371,6,6
31372,2,6
31373,2,1
31374,7,3
31375,1,6
31376,9,8
31377,1,0
31378,4,8
31379,3,9
31380,8,5
31381,2,7
31382,7,3
31383,7,3
31384,1,0
31385,7,4
31386,1,0
31387,7,4
31388,2,1
31389,0,2
31390,8,0
31391,7,4
31392,0,2
31393,0,2
31394,9,4
31395,3,9
31396,7,3
31397,6,9
31398,7,3
31399,8,9
31400,9,8
31401,2,1
31402,5,8
31403,4,4
31404,3,9
31405,9,4
31406,1,0
31407,4,4
31408,7,3
31409,3,1
31410,0,2
31411,6,7
31412,4,8
31413,5,6
31414,8,5
31415,5,6
31416,4,8
31417,9,4
31418,5,5
31419,4,4
31420,1,6
31421,1,6
31422,2,1
31423,7,4
31424,5,9
31425,0,2
31426,9,4
31427,1,6
31428,3,8
31429,2,1
31430,0,2
31431,3,9
31432,1,0
31433,4,4
31434,5,9
31435,5,5
31436,4,8
31437,6,9
31438,4,8
31439,7,4
31440,8,5
31441,8,9
31442,5,9
31443,9,4
31444,8,5
31445,0,2
31446,3,5
31447,1,6
31448,4,3
31449,2,1
31450,3,4
31451,3,5
31452,3,5
31453,4,4
31454,2,5
31455,5,5
31456,9,2
31457,6,7
31458,4,3
31459,7,4
31460,7,8
31461,8,9
31462,2,1
31463,0,2
31464,6,7
31465,1,6
31466,0,2
31467,2,1
31468,8,9
31469,3,9
31470,0,2
31471,4,4
31472,5,5
31473,5,5
31474,8,5
31475,6,9
31476,0,2
31477,7,4
31478,1,0
31479,8,9
31480,9,8
31481,6,7
31482,3,9
31483,2,1
31484,4,8
31485,7,8
31486,8,5
31487,1,6
31488,3,5
31489,5,9
31490,0,2
31491,6,7
31492,2,5
31493,2,1
31494,1,0
31495,5,5
31496,5,5
31497,0,2
31498,1,0
31499,5,5
31500,6,7
31501,4,3
31502,0,2
31503,2,1
31504,3,5
31505,0,9
31506,2,1
31507,8,9
31508,2,1
31509,0,2
31510,7,3
31511,1,6
31512,2,6
31513,2,1
31514,4,8
31515,3,9
31516,6,9
31517,4,4
31518,0,2
31519,5,9
31520,5,5
31521,6,9
31522,4,3
31523,7,3
31524,9,8
31525,8,9
31526,1,0
31527,7,8
31528,8,9
31529,1,6
31530,8,5
31531,7,3
31532,9,3
31533,7,3
31534,1,6
31535,0,9
31536,4,8
31537,1,6
31538,3,5
31539,4,4
31540,8,5
31541,4,8
31542,7,4
31543,4,8
31544,3,9
31545,5,2
31546,2,1
31547,7,8
31548,3,5
31549,4,8
31550,7,0
31551,9,3
31552,4,3
31553,7,4
31554,5,5
31555,2,1
31556,1,6
31557,6,9
31558,7,3
31559,3,5
31560,7,3
31561,9,3
31562,3,5
31563,4,4
31564,3,5
31565,9,8
31566,9,3
31567,0,2
31568,6,7
31569,8,9
31570,1,0
31571,7,4
31572,6,7
31573,9,4
31574,4,8
31575,0,2
31576,7,8
31577,6,7
31578,1,0
31579,3,9
31580,4,8
31581,0,2
31582,3,5
31583,4,4
31584,5,5
31585,6,7
31586,6,7
31587,3,9
31588,6,5
31589,7,4
31590,5,5
31591,8,9
31592,1,0
31593,9,4
31594,7,8
31595,3,5
31596,3,9
31597,1,6
31598,4,8
31599,8,9
31600,8,5
31601,4,4
31602,3,5
31603,2,1
31604,0,2
31605,9,3
31606,6,7
31607,8,5
31608,2,5
31609,2,7
31610,3,5
31611,8,9
31612,6,0
31613,6,7
31614,7,3
31615,5,9
31616,2,1
31617,2,1
31618,5,5
31619,6,7
31620,6,9
31621,9,4
31622,8,5
31623,6,7
31624,9,1
31625,0,2
31626,6,7
31627,3,5
31628,0,9
31629,6,7
31630,8,5
31631,3,9
31632,4,3
31633,1,0
31634,2,5
31635,2,1
31636,3,5
31637,5,9
31638,2,3
31639,0,2
31640,1,0
31641,3,9
31642,1,0
31643,7,4
31644,5,5
31645,6,9
31646,6,1
31647,1,6
31648,7,8
31649,5,9
31650,5,8
31651,5,2
31652,9,0
31653,9,4
31654,6,1
31655,8,9
31656,8,9
31657,0,2
31658,2,1
31659,9,4
31660,4,8
31661,0,2
31662,2,1
31663,1,0
31664,3,8
31665,2,5
31666,2,1
31667,3,5
31668,4,8
31669,4,7
31670,6,7
31671,7,3
31672,6,6
31673,8,4
31674,7,3
31675,9,3
31676,9,3
31677,0,2
31678,7,3
31679,1,0
31680,3,5
31681,2,1
31682,5,9
31683,0,2
31684,7,4
31685,1,0
31686,6,7
31687,5,5
31688,2,1
31689,1,0
31690,7,8
31691,3,5
31692,4,8
31693,9,8
31694,5,5
31695,0,2
31696,2,1
31697,9,3
31698,7,4
31699,7,8
31700,9,3
31701,1,0
31702,5,9
31703,3,5
31704,8,5
31705,6,7
31706,8,5
31707,9,3
31708,6,7
31709,2,5
31710,8,7
31711,4,8
31712,7,3
31713,7,3
31714,6,1
31715,7,4
31716,0,2
31717,4,3
31718,1,6
31719,3,5
31720,3,5
31721,8,9
31722,3,5
31723,3,5
31724,3,5
31725,7,4
31726,8,9
31727,1,4
31728,4,8
31729,1,6
31730,7,3
31731,7,3
31732,8,5
31733,9,8
31734,5,5
31735,3,5
31736,6,7
31737,9,3
31738,8,9
31739,1,6
31740,2,3
31741,6,1
31742,7,2
31743,4,4
31744,9,8
31745,3,5
31746,5,5
31747,9,3
31748,3,9
31749,8,9
31750,4,8
31751,1,6
31752,6,7
31753,0,7
31754,6,9
31755,1,0
31756,5,5
31757,2,7
31758,8,8
31759,3,5
31760,8,7
31761,4,3
31762,1,0
31763,5,5
31764,1,0
31765,8,5
31766,1,0
31767,9,3
31768,5,5
31769,0,2
31770,8,5
31771,1,0
31772,5,5
31773,2,1
31774,4,8
31775,3,5
31776,4,8
31777,4,7
31778,0,2
31779,5,5
31780,1,0
31781,8,5
31782,5,9
31783,9,8
31784,1,0
31785,0,2
31786,9,8
31787,1,0
31788,3,5
31789,2,1
31790,4,8
31791,3,5
31792,7,4
31793,4,3
31794,2,5
31795,5,5
31796,7,8
31797,6,7
31798,9,3
31799,7,3
31800,8,3
31801,8,5
31802,2,5
31803,9,8
31804,7,3
31805,3,5
31806,6,7
31807,2,1
31808,0,2
31809,9,8
31810,8,5
31811,3,5
31812,7,4
31813,2,1
31814,4,8
31815,1,0
31816,8,9
31817,4,8
31818,9,8
31819,5,5
31820,5,9
31821,5,5
31822,9,8
31823,2,1
31824,7,4
31825,3,5
31826,7,8
31827,2,1
31828,9,4
31829,1,0
31830,0,2
31831,3,5
31832,8,9
31833,9,8
31834,9,3
31835,7,8
31836,0,2
31837,2,1
31838,5,5
31839,1,0
31840,9,8
31841,9,8
31842,9,4
31843,1,0
31844,7,3
31845,8,8
31846,1,6
31847,8,5
31848,1,0
31849,7,3
31850,7,3
31851,8,3
31852,2,1
31853,1,0
31854,9,8
31855,0,2
31856,6,6
31857,0,2
31858,4,8
31859,6,7
31860,4,8
31861,7,3
31862,1,0
31863,5,8
31864,1,0
31865,0,2
31866,9,8
31867,6,7
31868,3,5
31869,1,0
31870,1,0
31871,1,0
31872,4,3
31873,2,1
31874,2,1
31875,5,5
31876,9,0
31877,0,2
31878,9,8
31879,7,3
31880,8,5
31881,8,5
31882,7,3
31883,4,0
31884,2,6
31885,4,3
31886,5,5
31887,1,0
31888,9,8
31889,8,8
31890,2,5
31891,5,5
31892,6,7
31893,9,8
31894,1,0
31895,0,2
31896,9,3
31897,3,5
31898,6,7
31899,7,3
31900,5,8
31901,1,0
31902,7,3
31903,6,7
31904,0,2
31905,2,1
31906,8,5
31907,6,7
31908,1,0
31909,6,7
31910,7,3
31911,1,0
31912,7,3
31913,3,5
31914,7,4
31915,8,5
31916,1,0
31917,9,8
31918,9,3
31919,9,8
31920,1,0
31921,5,5
31922,9,8
31923,9,8
31924,6,1
31925,3,5
31926,5,8
31927,7,3
31928,2,1
31929,5,5
31930,1,0
31931,6,7
31932,1,0
31933,2,1
31934,9,0
31935,2,1
31936,3,5
31937,0,2
31938,8,9
31939,9,3
31940,4,8
31941,4,0
31942,9,8
31943,0,2
31944,5,5
31945,1,6
31946,5,2
31947,2,1
31948,6,7
31949,3,5
31950,1,0
31951,4,8
31952,3,5
31953,5,5
31954,6,2
31955,6,7
31956,2,1
31957,7,4
31958,2,1
31959,8,9
31960,3,5
31961,9,4
31962,3,5
31963,1,6
31964,7,3
31965,4,7
31966,1,0
31967,7,4
31968,8,5
31969,0,2
31970,2,1
31971,1,6
31972,8,5
31973,2,1
31974,6,1
31975,3,9
31976,5,5
31977,4,7
31978,2,1
31979,5,9
31980,1,0
31981,6,1
31982,5,3
31983,7,4
31984,4,8
31985,8,9
31986,9,3
31987,9,3
31988,3,8
31989,3,5
31990,1,0
31991,7,4
31992,7,8
31993,1,6
31994,4,8
31995,0,9
31996,7,3
31997,7,4
31998,6,7
31999,5,9
32000,8,9
32001,5,9
32002,6,7
32003,6,7
32004,7,3
32005,1,6
32006,6,7
32007,0,2
32008,2,1
32009,0,2
32010,2,1
32011,8,9
32012,8,1
32013,3,9
32014,4,8
32015,4,8
32016,9,8
32017,3,9
32018,8,6
32019,1,6
32020,4,3
32021,9,3
32022,2,1
32023,5,9
32024,2,1
32025,3,5
32026,5,5
32027,4,3
32028,7,4
32029,9,3
32030,8,5
32031,3,9
32032,4,3
32033,9,3
32034,1,0
32035,2,1
32036,0,2
32037,4,4
32038,1,0
32039,5,9
32040,5,5
32041,1,6
32042,3,5
32043,6,7
32044,3,1
32045,4,3
32046,8,5
32047,9,7
32048,7,0
32049,4,9
32050,6,7
32051,9,9
32052,5,5
32053,4,9
32054,1,0
32055,1,6
32056,4,8
32057,2,1
32058,6,9
32059,5,9
32060,5,5
32061,8,9
32062,0,2
32063,1,6
32064,9,3
32065,2,5
32066,9,3
32067,9,3
32068,9,9
32069,4,4
32070,1,7
32071,3,5
32072,8,9
32073,8,9
32074,5,3
32075,2,1
32076,8,9
32077,2,1
32078,8,5
32079,1,6
32080,5,5
32081,2,1
32082,6,7
32083,1,6
32084,4,8
32085,1,6
32086,0,2
32087,3,5
32088,4,3
32089,9,4
32090,5,5
32091,3,9
32092,0,7
32093,8,9
32094,4,3
32095,7,3
32096,1,0
32097,0,9
32098,0,9
32099,7,3
32100,9,8
32101,4,7
32102,8,3
32103,8,9
32104,7,4
32105,8,9
32106,3,7
32107,5,9
32108,4,7
32109,0,2
32110,8,5
32111,6,7
32112,4,3
32113,6,7
32114,3,5
32115,3,9
32116,8,9
32117,7,4
32118,6,7
32119,6,7
32120,7,3
32121,9,3
32122,7,8
32123,9,4
32124,4,8
32125,4,6
32126,4,8
32127,8,9
32128,9,3
32129,1,6
32130,0,2
32131,0,2
32132,5,9
32133,1,6
32134,5,5
32135,2,1
32136,5,5
32137,3,9
32138,1,0
32139,4,4
32140,6,2
32141,5,1
32142,2,1
32143,6,1
32144,0,2
32145,7,4
32146,2,1
32147,8,9
32148,2,1
32149,9,4
32150,7,0
32151,0,2
32152,9,4
32153,1,6
32154,5,5
32155,2,1
32156,5,9
32157,3,9
32158,1,6
32159,7,4
32160,0,2
32161,8,9
32162,0,2
32163,9,4
32164,4,8
32165,0,2
32166,8,5
32167,1,6
32168,5,8
32169,2,1
32170,2,1
32171,3,9
32172,4,8
32173,7,4
32174,7,4
32175,8,9
32176,3,5
32177,9,4
32178,4,8
32179,1,6
32180,6,7
32181,8,9
32182,4,8
32183,6,7
32184,0,2
32185,7,4
32186,4,3
32187,1,6
32188,4,8
32189,1,6
32190,7,3
32191,4,4
32192,3,5
32193,3,9
32194,3,5
32195,7,4
32196,9,3
32197,7,4
32198,5,5
32199,8,9
32200,5,5
32201,9,4
32202,2,0
32203,3,9
32204,1,6
32205,6,1
32206,8,9
32207,0,2
32208,7,3
32209,3,9
32210,0,9
32211,6,7
32212,2,1
32213,4,9
32214,5,8
32215,7,4
32216,2,1
32217,5,9
32218,8,7
32219,6,7
32220,7,1
32221,0,2
32222,6,1
32223,3,9
32224,1,0
32225,8,9
32226,8,9
32227,3,9
32228,6,7
32229,1,6
32230,6,7
32231,1,6
32232,4,8
32233,5,1
32234,3,5
32235,9,4
32236,7,3
32237,0,2
32238,4,8
32239,9,4
32240,6,7
32241,6,7
32242,6,7
32243,2,1
32244,8,6
32245,1,6
32246,1,0
32247,7,4
32248,5,9
32249,9,4
32250,2,1
32251,9,4
32252,7,8
32253,8,9
32254,5,4
32255,6,7
32256,9,3
32257,6,7
32258,5,9
32259,8,9
32260,9,8
32261,8,9
32262,4,7
32263,2,1
32264,2,1
32265,6,7
32266,7,4
32267,3,9
32268,0,7
32269,2,1
32270,8,3
32271,9,4
32272,4,8
32273,0,2
32274,0,7
32275,3,9
32276,3,5
32277,5,1
32278,4,8
32279,8,9
32280,2,8
32281,3,9
32282,7,3
32283,5,9
32284,3,5
32285,8,9
32286,4,4
32287,5,9
32288,2,5
32289,7,4
32290,5,2
32291,7,4
32292,2,1
32293,0,2
32294,7,3
32295,1,6
32296,1,6
32297,2,1
32298,0,9
32299,3,5
32300,8,5
32301,4,8
32302,6,7
32303,5,9
32304,9,8
32305,6,9
32306,1,0
32307,7,4
32308,4,3
32309,8,9
32310,4,3
32311,9,4
32312,6,7
32313,0,2
32314,3,5
32315,1,6
32316,9,8
32317,2,1
32318,2,1
32319,3,7
32320,6,7
32321,4,9
32322,5,3
32323,5,9
32324,5,5
32325,6,7
32326,1,6
32327,7,4
32328,4,8
32329,8,9
32330,3,5
32331,9,4
32332,1,0
32333,0,2
32334,1,6
32335,1,6
32336,0,7
32337,2,9
32338,1,0
32339,3,1
32340,4,8
32341,4,4
32342,9,3
32343,5,6
32344,5,7
32345,6,9
32346,7,0
32347,7,4
32348,5,8
32349,8,9
32350,9,3
32351,9,4
32352,8,4
32353,1,0
32354,5,4
32355,8,9
32356,9,8
32357,6,7
32358,1,0
32359,7,4
32360,9,3
32361,2,1
32362,5,5
32363,7,4
32364,7,8
32365,1,6
32366,9,3
32367,1,6
32368,9,3
32369,4,4
32370,6,7
32371,3,9
32372,5,2
32373,7,4
32374,9,3
32375,8,9
32376,3,5
32377,9,3
32378,1,0
32379,3,5
32380,9,8
32381,6,9
32382,2,1
32383,0,2
32384,4,8
32385,3,5
32386,5,5
32387,4,7
32388,0,2
32389,8,9
32390,8,5
32391,4,4
32392,1,6
32393,5,6
32394,5,9
32395,7,4
32396,9,2
32397,5,6
32398,3,5
32399,0,2
32400,8,9
32401,3,5
32402,6,7
32403,9,4
32404,8,5
32405,2,5
32406,1,0
32407,8,9
32408,2,1
32409,3,5
32410,9,4
32411,1,6
32412,4,4
32413,1,6
32414,3,5
32415,5,6
32416,7,4
32417,9,4
32418,2,1
32419,4,4
32420,3,5
32421,3,7
32422,3,5
32423,0,2
32424,2,1
32425,4,9
32426,8,9
32427,0,2
32428,7,3
32429,9,4
32430,2,5
32431,6,7
32432,7,4
32433,9,4
32434,3,5
32435,2,1
32436,6,1
32437,2,1
32438,2,1
32439,1,6
32440,1,0
32441,7,4
32442,4,8
32443,9,4
32444,3,5
32445,5,6
32446,1,0
32447,1,9
32448,4,3
32449,1,6
32450,2,5
32451,9,4
32452,8,5
32453,8,1
32454,0,2
32455,6,7
32456,8,9
32457,9,4
32458,4,3
32459,0,9
32460,7,4
32461,0,2
32462,1,6
32463,0,9
32464,6,7
32465,1,6
32466,4,8
32467,8,9
32468,8,5
32469,4,4
32470,7,8
32471,8,9
32472,1,6
32473,8,9
32474,1,6
32475,2,9
32476,3,5
32477,6,7
32478,8,9
32479,3,9
32480,8,8
32481,2,7
32482,1,0
32483,9,4
32484,3,9
32485,2,7
32486,1,0
32487,4,4
32488,5,5
32489,0,2
32490,3,8
32491,9,4
32492,5,5
32493,0,2
32494,0,2
32495,3,1
32496,1,6
32497,7,1
32498,4,4
32499,4,9
32500,6,7
32501,5,6
32502,8,9
32503,8,9
32504,9,8
32505,3,7
32506,5,9
32507,5,6
32508,2,1
32509,8,9
32510,2,6
32511,5,9
32512,4,8
32513,4,7
32514,0,2
32515,7,4
32516,8,9
32517,6,7
32518,4,4
32519,5,6
32520,0,2
32521,2,7
32522,6,7
32523,2,1
32524,4,3
32525,2,1
32526,0,7
32527,7,4
32528,1,0
32529,7,6
32530,1,0
32531,0,2
32532,9,3
32533,5,6
32534,1,0
32535,1,6
32536,1,0
32537,5,6
32538,7,3
32539,3,5
32540,1,0
32541,0,2
32542,7,4
32543,1,0
32544,8,5
32545,2,1
32546,6,7
32547,5,9
32548,5,8
32549,6,7
32550,0,2
32551,7,8
32552,9,8
32553,8,5
32554,1,0
32555,9,8
32556,4,8
32557,0,2
32558,4,3
32559,1,0
32560,4,8
32561,2,5
32562,1,0
32563,3,5
32564,0,2
32565,4,8
32566,5,5
32567,5,5
32568,0,2
32569,6,7
32570,5,9
32571,7,6
32572,6,7
32573,8,1
32574,0,2
32575,0,2
32576,6,9
32577,1,0
32578,4,8
32579,2,1
32580,7,3
32581,3,5
32582,5,9
32583,4,8
32584,7,4
32585,5,5
32586,3,5
32587,6,1
32588,3,5
32589,7,3
32590,2,1
32591,8,9
32592,6,7
32593,9,8
32594,9,4
32595,2,1
32596,8,5
32597,1,6
32598,5,5
32599,7,4
32600,5,5
32601,2,1
32602,4,6
32603,5,5
32604,7,4
32605,0,2
32606,2,1
32607,8,9
32608,7,3
32609,0,2
32610,3,5
32611,2,1
32612,1,0
32613,7,4
32614,5,9
32615,8,5
32616,5,9
32617,8,9
32618,9,3
32619,3,5
32620,7,4
32621,0,2
32622,8,5
32623,6,7
32624,6,7
32625,0,2
32626,7,4
32627,2,1
32628,4,8
32629,7,3
32630,2,1
32631,6,7
32632,1,0
32633,6,7
32634,2,1
32635,1,6
32636,8,9
32637,2,5
32638,8,5
32639,8,1
32640,2,7
32641,8,9
32642,3,5
32643,7,3
32644,3,5
32645,7,3
32646,5,5
32647,4,3
32648,9,3
32649,7,3
32650,2,1
32651,7,8
32652,3,5
32653,3,5
32654,2,1
32655,7,8
32656,3,5
32657,4,3
32658,6,7
32659,5,2
32660,1,0
32661,4,3
32662,7,8
32663,3,5
32664,3,5
32665,3,5
32666,0,7
32667,8,5
32668,9,5
32669,4,8
32670,6,2
32671,5,5
32672,9,3
32673,4,7
32674,5,9
32675,1,0
32676,9,3
32677,1,0
32678,2,1
32679,9,8
32680,3,5
32681,7,3
32682,0,2
32683,4,8
32684,5,9
32685,3,5
32686,5,5
32687,7,3
32688,3,5
32689,3,5
32690,0,2
32691,3,5
32692,6,7
32693,0,2
32694,6,7
32695,2,5
32696,6,7
32697,5,5
32698,5,5
32699,5,5
32700,7,4
32701,6,7
32702,5,3
32703,3,5
32704,1,6
32705,1,0
32706,9,3
32707,5,5
32708,0,2
32709,2,1
32710,1,0
32711,5,5
32712,8,5
32713,9,8
32714,9,3
32715,9,8
32716,7,3
32717,8,5
32718,1,0
32719,4,8
32720,5,2
32721,1,0
32722,8,9
32723,0,2
32724,5,1
32725,6,7
32726,2,1
32727,0,7
32728,7,3
32729,9,8
32730,3,5
32731,6,7
32732,9,3
32733,8,5
32734,6,1
32735,8,5
32736,6,7
32737,5,5
32738,7,3
32739,6,7
32740,7,3
32741,1,0
32742,8,9
32743,1,0
32744,2,5
32745,9,3
32746,0,2
32747,8,5
32748,5,5
32749,9,3
32750,5,5
32751,2,1
32752,6,7
32753,3,5
32754,6,7
32755,5,5
32756,1,0
32757,5,5
32758,5,5
32759,9,8
32760,8,5
32761,4,8
32762,4,3
32763,2,1
32764,3,0
32765,1,0
32766,8,9
32767,9,3
32768,2,1
32769,4,3
32770,8,5
32771,9,8
32772,4,8
32773,1,0
32774,8,5
32775,3,5
32776,4,1
32777,9,8
32778,0,2
32779,2,1
32780,2,1
32781,0,2
32782,6,9
32783,6,7
32784,8,8
32785,0,2
32786,3,7
32787,4,7
32788,5,5
32789,0,2
32790,3,5
32791,6,7
32792,2,1
32793,0,2
32794,3,5
32795,1,0
32796,8,5
32797,2,1
32798,4,8
32799,3,5
32800,0,2
32801,4,3
32802,4,3
32803,6,7
32804,3,5
32805,8,5
32806,8,5
32807,1,0
32808,1,0
32809,2,1
32810,0,2
32811,3,5
32812,7,8
32813,4,3
32814,1,7
32815,5,5
32816,9,4
32817,6,7
32818,2,1
32819,7,3
32820,7,3
32821,9,3
32822,5,9
32823,1,0
32824,1,6
32825,2,1
32826,6,7
32827,3,5
32828,5,5
32829,4,7
32830,4,3
32831,5,5
32832,4,8
32833,6,7
32834,0,2
32835,7,0
32836,2,1
32837,8,5
32838,4,8
32839,6,7
32840,5,5
32841,6,7
32842,1,0
32843,0,2
32844,7,4
32845,2,1
32846,0,2
32847,3,5
32848,9,3
32849,7,3
32850,3,5
32851,4,3
32852,1,0
32853,7,4
32854,2,1
32855,1,0
32856,2,1
32857,9,3
32858,0,7
32859,1,0
32860,9,3
32861,7,3
32862,4,8
32863,1,0
32864,8,5
32865,4,3
32866,6,1
32867,0,2
32868,6,7
32869,0,2
32870,5,5
32871,1,6
32872,2,1
32873,7,3
32874,8,9
32875,5,5
32876,6,7
32877,7,3
32878,9,8
32879,1,6
32880,0,8
32881,3,9
32882,9,8
32883,3,5
32884,8,0
32885,3,5
32886,1,0
32887,1,6
32888,7,4
32889,6,7
32890,1,0
32891,9,3
32892,1,0
32893,7,3
32894,6,7
32895,4,9
32896,7,3
32897,3,5
32898,9,3
32899,0,2
32900,3,9
32901,2,1
32902,5,5
32903,6,7
32904,9,8
32905,0,2
32906,7,0
32907,8,5
32908,9,8
32909,9,3
32910,9,8
32911,4,9
32912,6,7
32913,3,5
32914,1,0
32915,5,5
32916,9,4
32917,4,3
32918,2,1
32919,8,5
32920,7,4
32921,1,0
32922,6,7
32923,5,5
32924,7,3
32925,0,2
32926,8,7
32927,6,1
32928,2,1
32929,6,7
32930,9,8
32931,3,5
32932,6,9
32933,3,5
32934,2,1
32935,8,5
32936,8,9
32937,1,0
32938,6,1
32939,4,3
32940,3,5
32941,7,3
32942,6,7
32943,5,9
32944,3,5
32945,7,3
32946,0,2
32947,2,1
32948,8,3
32949,2,1
32950,0,2
32951,0,2
32952,0,2
32953,0,2
32954,5,5
32955,7,3
32956,7,4
32957,7,3
32958,1,0
32959,9,3
32960,3,5
32961,5,5
32962,8,5
32963,9,3
32964,3,5
32965,8,5
32966,0,2
32967,9,3
32968,8,5
32969,6,7
32970,9,4
32971,8,5
32972,9,3
32973,2,1
32974,1,6
32975,3,5
32976,4,8
32977,6,1
32978,6,7
32979,1,0
32980,7,3
32981,2,1
32982,8,5
32983,9,8
32984,3,5
32985,2,5
32986,1,0
32987,5,5
32988,7,8
32989,2,1
32990,3,5
32991,2,5
32992,5,5
32993,4,3
32994,6,1
32995,8,5
32996,5,3
32997,4,3
32998,2,5
32999,6,7
33000,3,5
33001,5,5
33002,3,5
33003,0,2
33004,3,5
33005,1,6
33006,6,7
33007,2,1
33008,2,1
33009,3,9
33010,6,1
33011,4,3
33012,1,6
33013,5,9
33014,9,3
33015,6,7
33016,2,1
33017,7,4
33018,8,9
33019,8,9
33020,0,2
33021,9,3
33022,3,5
33023,0,2
33024,1,0
33025,1,6
33026,8,5
33027,2,1
33028,3,9
33029,3,9
33030,6,7
33031,4,3
33032,6,7
33033,5,9
33034,6,9
33035,6,9
33036,8,9
33037,7,4
33038,8,9
33039,8,9
33040,6,7
33041,9,4
33042,0,2
33043,0,2
33044,5,8
33045,1,6
33046,5,3
33047,2,1
33048,1,5
33049,3,9
33050,7,0
33051,4,4
33052,9,3
33053,5,9
33054,3,5
33055,6,9
33056,6,7
33057,7,9
33058,6,1
33059,8,4
33060,2,5
33061,9,4
33062,7,6
33063,6,7
33064,4,8
33065,2,1
33066,0,2
33067,7,4
33068,2,1
33069,1,6
33070,4,3
33071,5,9
33072,8,5
33073,6,7
33074,8,1
33075,2,1
33076,6,7
33077,5,9
33078,0,7
33079,0,2
33080,3,5
33081,5,9
33082,7,4
33083,4,4
33084,1,0
33085,2,1
33086,1,0
33087,0,2
33088,2,1
33089,8,9
33090,2,1
33091,1,6
33092,1,0
33093,7,4
33094,2,1
33095,1,6
33096,2,1
33097,8,9
33098,9,4
33099,3,9
33100,6,7
33101,8,4
33102,6,7
33103,7,4
33104,7,4
33105,1,6
33106,4,8
33107,7,4
33108,1,0
33109,7,4
33110,1,0
33111,0,2
33112,0,2
33113,1,6
33114,3,5
33115,4,4
33116,6,7
33117,4,8
33118,0,7
33119,4,3
33120,2,5
33121,5,9
33122,1,6
33123,7,4
33124,1,0
33125,4,4
33126,9,8
33127,4,3
33128,7,8
33129,9,4
33130,9,5
33131,7,4
33132,3,5
33133,2,1
33134,7,4
33135,6,7
33136,0,2
33137,5,9
33138,5,5
33139,3,9
33140,1,0
33141,9,4
33142,0,2
33143,4,3
33144,9,8
33145,3,9
33146,3,5
33147,9,4
33148,0,2
33149,0,2
33150,8,5
33151,8,9
33152,8,5
33153,7,4
33154,6,7
33155,9,4
33156,9,3
33157,0,2
33158,2,1
33159,6,7
33160,2,1
33161,3,9
33162,8,1
33163,0,2
33164,7,4
33165,4,4
33166,1,0
33167,6,9
33168,2,1
33169,3,9
33170,7,4
33171,7,4
33172,0,2
33173,0,2
33174,9,8
33175,1,6
33176,1,0
33177,4,3
33178,6,7
33179,8,9
33180,2,1
33181,8,9
33182,9,8
33183,1,6
33184,2,1
33185,2,1
33186,3,5
33187,9,4
33188,1,0
33189,3,9
33190,1,0
33191,1,6
33192,0,2
33193,8,9
33194,3,5
33195,4,4
33196,7,4
33197,2,1
33198,8,9
33199,9,3
33200,5,8
33201,8,9
33202,8,9
33203,2,8
33204,4,8
33205,8,9
33206,5,5
33207,6,7
33208,3,5
33209,6,7
33210,2,1
33211,9,4
33212,9,8
33213,2,1
33214,0,2
33215,9,4
33216,5,5
33217,6,1
33218,4,3
33219,0,2
33220,5,8
33221,5,9
33222,5,5
33223,3,5
33224,1,0
33225,3,9
33226,9,8
33227,6,7
33228,0,2
33229,3,5
33230,0,2
33231,1,6
33232,9,4
33233,2,1
33234,7,3
33235,5,9
33236,9,3
33237,0,2
33238,0,2
33239,3,9
33240,3,5
33241,7,4
33242,6,5
33243,1,6
33244,0,2
33245,5,9
33246,9,8
33247,5,9
33248,4,8
33249,9,4
33250,2,1
33251,8,9
33252,9,8
33253,0,2
33254,0,9
33255,9,4
33256,9,3
33257,0,2
33258,6,7
33259,1,6
33260,5,9
33261,2,1
33262,4,3
33263,3,5
33264,6,7
33265,4,3
33266,1,0
33267,5,8
33268,1,0
33269,6,7
33270,8,3
33271,7,4
33272,6,1
33273,8,9
33274,2,1
33275,9,4
33276,3,5
33277,0,2
33278,8,5
33279,1,6
33280,7,4
33281,2,1
33282,4,3
33283,3,5
33284,7,8
33285,4,4
33286,9,3
33287,7,3
33288,5,7
33289,8,5
33290,2,8
33291,9,4
33292,0,2
33293,0,2
33294,5,5
33295,1,6
33296,2,5
33297,2,1
33298,1,0
33299,3,5
33300,9,4
33301,4,4
33302,0,2
33303,5,9
33304,7,8
33305,6,7
33306,4,7
33307,7,3
33308,9,4
33309,8,9
33310,1,0
33311,9,4
33312,4,8
33313,9,3
33314,6,7
33315,7,4
33316,3,5
33317,4,4
33318,6,7
33319,1,6
33320,4,8
33321,5,9
33322,4,8
33323,8,9
33324,5,8
33325,8,9
33326,1,0
33327,0,2
33328,6,8
33329,9,4
33330,0,2
33331,3,9
33332,1,0
33333,2,1
33334,2,1
33335,7,4
33336,9,8
33337,8,9
33338,8,5
33339,1,6
33340,5,2
33341,6,7
33342,2,1
33343,1,6
33344,3,7
33345,0,2
33346,4,3
33347,4,4
33348,7,3
33349,5,9
33350,0,5
33351,3,9
33352,5,5
33353,9,4
33354,1,6
33355,4,4
33356,7,3
33357,3,3
33358,9,8
33359,4,8
33360,9,3
33361,2,9
33362,7,4
33363,0,2
33364,2,7
33365,5,9
33366,9,3
33367,0,2
33368,1,0
33369,1,9
33370,1,0
33371,3,9
33372,9,8
33373,2,1
33374,1,0
33375,9,4
33376,5,5
33377,1,6
33378,0,9
33379,6,7
33380,9,4
33381,0,2
33382,8,9
33383,1,6
33384,7,4
33385,1,6
33386,8,5
33387,8,9
33388,8,2
33389,0,2
33390,0,2
33391,4,9
33392,0,2
33393,7,4
33394,1,0
33395,7,4
33396,1,0
33397,6,7
33398,1,0
33399,3,9
33400,3,5
33401,6,2
33402,9,8
33403,0,2
33404,5,5
33405,7,4
33406,7,0
33407,3,5
33408,7,3
33409,5,4
33410,6,7
33411,4,4
33412,3,5
33413,2,5
33414,2,1
33415,4,4
33416,1,0
33417,1,6
33418,1,0
33419,8,9
33420,5,5
33421,3,5
33422,9,9
33423,7,4
33424,8,9
33425,1,9
33426,4,8
33427,0,2
33428,1,0
33429,6,2
33430,7,4
33431,7,4
33432,3,5
33433,1,6
33434,6,1
33435,2,1
33436,6,7
33437,5,9
33438,2,5
33439,8,9
33440,1,0
33441,1,6
33442,0,2
33443,9,9
33444,3,5
33445,3,5
33446,1,0
33447,8,4
33448,5,5
33449,2,1
33450,6,7
33451,8,9
33452,8,5
33453,8,9
33454,6,6
33455,7,4
33456,1,0
33457,1,6
33458,1,0
33459,7,4
33460,8,5
33461,9,4
33462,1,0
33463,2,1
33464,0,9
33465,0,2
33466,7,3
33467,1,0
33468,3,5
33469,2,5
33470,7,3
33471,3,5
33472,9,8
33473,4,8
33474,6,7
33475,5,3
33476,8,1
33477,6,7
33478,4,4
33479,7,3
33480,1,6
33481,8,8
33482,0,2
33483,9,3
33484,6,2
33485,0,2
33486,6,7
33487,1,0
33488,2,1
33489,2,1
33490,8,5
33491,3,5
33492,0,2
33493,4,8
33494,5,5
33495,5,9
33496,0,2
33497,6,2
33498,1,0
33499,7,8
33500,3,5
33501,0,2
33502,5,5
33503,1,0
33504,7,3
33505,2,5
33506,4,0
33507,3,5
33508,1,0
33509,4,8
33510,3,5
33511,5,9
33512,0,2
33513,6,7
33514,8,5
33515,7,3
33516,1,0
33517,8,5
33518,6,1
33519,8,9
33520,6,7
33521,7,4
33522,0,2
33523,4,3
33524,7,3
33525,7,3
33526,2,1
33527,7,4
33528,5,5
33529,3,5
33530,7,3
33531,9,3
33532,3,5
33533,8,5
33534,0,2
33535,1,0
33536,0,2
33537,5,4
33538,0,2
33539,8,5
33540,2,1
33541,2,1
33542,6,7
33543,7,3
33544,9,8
33545,4,8
33546,8,9
33547,2,1
33548,6,7
33549,6,7
33550,6,7
33551,4,8
33552,4,8
33553,5,9
33554,4,8
33555,5,9
33556,1,0
33557,8,9
33558,1,0
33559,6,7
33560,6,7
33561,4,3
33562,5,5
33563,4,3
33564,6,7
33565,4,3
33566,3,5
33567,1,0
33568,3,5
33569,8,5
33570,8,4
33571,7,3
33572,6,7
33573,5,9
33574,4,8
33575,5,9
33576,9,5
33577,1,0
33578,0,2
33579,8,9
33580,1,6
33581,9,3
33582,7,3
33583,3,5
33584,6,1
33585,6,7
33586,1,0
33587,3,5
33588,6,7
33589,3,5
33590,3,9
33591,2,1
33592,9,8
33593,2,2
33594,3,9
33595,6,7
33596,1,0
33597,9,3
33598,5,2
33599,9,4
33600,1,0
33601,6,2
33602,5,5
33603,5,9
33604,6,7
33605,5,4
33606,9,8
33607,3,5
33608,0,2
33609,3,5
33610,9,8
33611,8,9
33612,7,3
33613,1,6
33614,4,8
33615,6,7
33616,7,4
33617,5,8
33618,7,4
33619,6,7
33620,2,1
33621,8,9
33622,5,5
33623,1,6
33624,3,5
33625,9,3
33626,4,7
33627,7,4
33628,1,0
33629,6,7
33630,4,8
33631,8,5
33632,5,9
33633,3,5
33634,1,0
33635,7,3
33636,8,4
33637,4,8
33638,4,3
33639,7,3
33640,0,2
33641,0,2
33642,9,8
33643,9,3
33644,2,1
33645,0,2
33646,1,0
33647,0,2
33648,1,0
33649,3,5
33650,4,4
33651,7,3
33652,1,0
33653,9,3
33654,1,0
33655,3,5
33656,7,8
33657,0,2
33658,1,0
33659,2,5
33660,7,3
33661,0,2
33662,2,6
33663,1,0
33664,8,9
33665,0,2
33666,2,1
33667,1,0
33668,8,9
33669,0,2
33670,0,2
33671,4,8
33672,2,1
33673,0,2
33674,5,5
33675,1,0
33676,7,3
33677,0,2
33678,8,9
33679,4,8
33680,2,1
33681,7,3
33682,9,3
33683,9,8
33684,1,0
33685,2,2
33686,2,1
33687,0,2
33688,2,1
33689,6,7
33690,5,9
33691,2,1
33692,6,7
33693,6,7
33694,3,5
33695,2,1
33696,9,3
33697,2,2
33698,2,1
33699,9,3
33700,5,8
33701,9,3
33702,4,4
33703,0,2
33704,6,7
33705,1,6
33706,1,0
33707,2,1
33708,4,3
33709,3,5
33710,7,4
33711,4,8
33712,9,8
33713,5,9
33714,4,8
33715,6,7
33716,2,1
33717,7,4
33718,4,7
33719,8,9
33720,4,8
33721,9,3
33722,3,1
33723,0,2
33724,6,7
33725,1,0
33726,4,3
33727,2,1
33728,6,9
33729,3,3
33730,6,7
33731,4,3
33732,0,2
33733,5,9
33734,5,9
33735,6,7
33736,7,3
33737,7,4
33738,9,3
33739,0,2
33740,4,3
33741,1,6
33742,6,7
33743,2,1
33744,9,3
33745,3,9
33746,9,3
33747,4,3
33748,5,5
33749,5,9
33750,1,6
33751,6,7
33752,1,6
33753,7,4
33754,3,5
33755,8,9
33756,9,3
33757,9,3
33758,3,0
33759,7,8
33760,3,8
33761,4,3
33762,9,3
33763,3,3
33764,9,4
33765,8,9
33766,8,9
33767,5,9
33768,9,4
33769,1,0
33770,8,5
33771,8,9
33772,3,5
33773,5,9
33774,1,0
33775,2,1
33776,0,2
33777,8,9
33778,8,5
33779,6,7
33780,8,6
33781,1,0
33782,6,7
33783,9,3
33784,9,8
33785,2,1
33786,3,5
33787,4,3
33788,7,1
33789,0,7
33790,6,1
33791,9,3
33792,4,8
33793,9,3
33794,6,7
33795,3,5
33796,7,4
33797,7,4
33798,7,4
33799,1,0
33800,1,6
33801,8,9
33802,8,3
33803,4,8
33804,2,5
33805,4,3
33806,9,3
33807,2,1
33808,5,5
33809,7,4
33810,8,5
33811,5,9
33812,6,8
33813,8,9
33814,6,7
33815,5,9
33816,4,8
33817,3,5
33818,3,5
33819,2,1
33820,8,0
33821,2,1
33822,9,4
33823,0,2
33824,4,7
33825,5,9
33826,1,0
33827,8,9
33828,3,5
33829,6,7
33830,7,3
33831,0,2
33832,2,1
33833,4,8
33834,7,3
33835,0,7
33836,7,8
33837,3,5
33838,7,3
33839,8,9
33840,3,5
33841,1,0
33842,1,6
33843,0,7
33844,0,2
33845,3,9
33846,4,8
33847,0,2
33848,0,2
33849,4,3
33850,1,0
33851,7,3
33852,4,8
33853,4,3
33854,3,5
33855,9,8
33856,1,0
33857,2,1
33858,5,9
33859,9,8
33860,9,8
33861,1,6
33862,9,8
33863,2,1
33864,0,2
33865,1,6
33866,5,9
33867,7,4
33868,1,0
33869,1,6
33870,7,3
33871,6,0
33872,4,3
33873,7,4
33874,0,2
33875,3,9
33876,5,5
33877,3,5
33878,2,1
33879,6,7
33880,3,9
33881,2,1
33882,4,8
33883,8,9
33884,4,8
33885,7,4
33886,6,7
33887,6,7
33888,4,8
33889,4,3
33890,8,5
33891,9,3
33892,5,9
33893,8,9
33894,4,8
33895,8,9
33896,3,5
33897,2,1
33898,8,9
33899,9,3
33900,4,3
33901,6,7
33902,1,0
33903,5,9
33904,0,2
33905,5,9
33906,2,1
33907,9,3
33908,3,5
33909,5,9
33910,6,7
33911,3,9
33912,7,8
33913,7,3
33914,0,2
33915,4,3
33916,6,7
33917,3,5
33918,1,0
33919,6,7
33920,7,3
33921,0,2
33922,4,8
33923,0,2
33924,1,0
33925,4,3
33926,4,3
33927,6,7
33928,5,8
33929,6,7
33930,2,1
33931,9,3
33932,4,3
33933,0,9
33934,6,7
33935,1,6
33936,1,0
33937,1,6
33938,2,1
33939,3,9
33940,0,2
33941,2,1
33942,1,0
33943,1,6
33944,9,3
33945,0,9
33946,8,9
33947,0,2
33948,9,8
33949,1,6
33950,7,3
33951,2,1
33952,4,8
33953,3,5
33954,5,5
33955,4,4
33956,8,8
33957,7,4
33958,4,3
33959,8,9
33960,6,7
33961,9,4
33962,3,5
33963,0,2
33964,7,4
33965,1,6
33966,3,5
33967,2,1
33968,5,9
33969,3,5
33970,3,5
33971,4,4
33972,5,5
33973,5,9
33974,9,9
33975,6,7
33976,9,8
33977,7,4
33978,0,2
33979,8,9
33980,6,7
33981,9,4
33982,2,1
33983,0,2
33984,6,7
33985,1,6
33986,3,5
33987,2,1
33988,7,4
33989,3,5
33990,9,8
33991,4,4
33992,1,0
33993,5,5
33994,4,3
33995,7,4
33996,7,3
33997,8,9
33998,1,0
33999,9,4
34000,4,8
34001,8,9
34002,5,4
34003,6,7
34004,1,6
34005,5,9
34006,3,9
34007,0,2
34008,1,0
34009,6,7
34010,1,5
34011,8,4
34012,6,1
34013,9,4
34014,0,2
34015,4,4
34016,0,5
34017,1,6
34018,3,5
34019,9,3
34020,8,5
34021,5,9
34022,4,8
34023,3,5
34024,6,7
34025,0,9
34026,3,5
34027,4,6
34028,4,8
34029,8,9
34030,8,9
34031,9,3
34032,7,8
34033,1,6
34034,8,5
34035,4,4
34036,0,2
34037,0,2
34038,1,0
34039,5,9
34040,8,8
34041,5,9
34042,8,9
34043,4,4
34044,9,3
34045,0,2
34046,6,7
34047,7,4
34048,3,1
34049,6,7
34050,5,9
34051,0,9
34052,9,8
34053,1,6
34054,0,2
34055,7,4
34056,2,5
34057,0,2
34058,3,5
34059,6,9
34060,6,9
34061,8,9
34062,2,1
34063,9,4
34064,0,2
34065,5,9
34066,9,3
34067,4,4
34068,8,5
34069,7,4
34070,0,2
34071,6,9
34072,9,3
34073,0,2
34074,1,0
34075,8,9
34076,3,5
34077,1,6
34078,2,5
34079,7,4
34080,1,0
34081,7,4
34082,5,5
34083,1,6
34084,0,2
34085,3,9
34086,0,9
34087,2,1
34088,7,3
34089,3,9
34090,9,6
34091,1,6
34092,3,5
34093,4,9
34094,7,3
34095,2,1
34096,1,0
34097,0,9
34098,8,5
34099,0,9
34100,6,1
34101,4,1
34102,4,8
34103,9,4
34104,9,3
34105,3,5
34106,6,1
34107,8,9
34108,8,5
34109,4,4
34110,7,4
34111,7,4
34112,5,5
34113,2,1
34114,5,5
34115,5,5
34116,2,1
34117,6,7
34118,7,3
34119,3,9
34120,3,5
34121,6,7
34122,5,7
34123,9,4
34124,6,7
34125,6,7
34126,9,4
34127,3,5
34128,5,5
34129,2,1
34130,4,8
34131,2,1
34132,7,8
34133,4,4
34134,2,1
34135,6,7
34136,2,1
34137,5,9
34138,4,3
34139,5,9
34140,3,3
34141,1,6
34142,7,4
34143,3,9
34144,4,8
34145,3,5
34146,4,8
34147,9,8
34148,5,9
34149,7,4
34150,8,5
34151,8,9
34152,0,2
34153,7,4
34154,8,5
34155,2,1
34156,1,0
34157,2,1
34158,1,0
34159,5,9
34160,7,3
34161,7,9
34162,1,6
34163,9,4
34164,1,0
34165,8,9
34166,1,6
34167,2,1
34168,1,0
34169,1,6
34170,3,5
34171,3,5
34172,0,2
34173,1,6
34174,6,7
34175,3,5
34176,9,8
34177,0,2
34178,7,4
34179,1,0
34180,3,9
34181,2,1
34182,2,1
34183,3,5
34184,9,8
34185,4,3
34186,6,0
34187,5,5
34188,3,9
34189,6,7
34190,3,5
34191,7,3
34192,4,4
34193,8,9
34194,8,5
34195,9,3
34196,9,8
34197,0,2
34198,6,7
34199,1,0
34200,7,8
34201,2,1
34202,2,1
34203,3,5
34204,3,3
34205,4,3
34206,1,0
34207,7,3
34208,3,5
34209,8,9
34210,4,8
34211,9,3
34212,8,9
34213,0,2
34214,2,1
34215,1,0
34216,4,8
34217,2,1
34218,2,5
34219,3,5
34220,6,7
34221,4,8
34222,1,0
34223,7,4
34224,9,8
34225,8,9
34226,2,1
34227,9,3
34228,2,1
34229,7,3
34230,7,3
34231,7,3
34232,7,3
34233,7,3
34234,4,3
34235,3,5
34236,8,9
34237,0,7
34238,0,2
34239,3,5
34240,4,8
34241,1,0
34242,5,9
34243,8,9
34244,0,2
34245,7,8
34246,0,2
34247,6,7
34248,9,3
34249,4,8
34250,2,1
34251,0,2
34252,2,8
34253,2,1
34254,9,3
34255,6,7
34256,2,1
34257,8,5
34258,9,3
34259,3,5
34260,6,7
34261,1,0
34262,0,2
34263,1,0
34264,1,0
34265,7,3
34266,4,8
34267,7,3
34268,3,7
34269,1,0
34270,5,9
34271,6,7
34272,1,0
34273,0,7
34274,5,5
34275,4,3
34276,5,9
34277,6,7
34278,7,3
34279,4,8
34280,9,3
34281,4,3
34282,1,0
34283,0,2
34284,6,7
34285,6,7
34286,8,1
34287,2,1
34288,5,9
34289,3,5
34290,4,8
34291,1,0
34292,9,8
34293,3,5
34294,4,8
34295,6,7
34296,0,2
34297,8,5
34298,7,3
34299,5,5
34300,9,3
34301,9,8
34302,0,2
34303,4,3
34304,8,5
34305,0,2
34306,9,3
34307,7,3
34308,2,1
34309,5,9
34310,2,1
34311,8,9
34312,8,5
34313,8,9
34314,7,2
34315,3,5
34316,3,5
34317,7,3
34318,3,5
34319,8,5
34320,8,5
34321,9,8
34322,8,5
34323,2,1
34324,6,7
34325,5,9
34326,2,1
34327,3,5
34328,8,9
34329,1,0
34330,9,4
34331,7,3
34332,9,8
34333,3,5
34334,1,0
34335,9,8
34336,6,7
34337,1,0
34338,9,3
34339,9,8
34340,5,3
34341,9,8
34342,6,7
34343,6,7
34344,7,4
34345,0,2
34346,4,3
34347,9,3
34348,4,8
34349,4,3
34350,6,7
34351,3,5
34352,0,3
34353,7,3
34354,4,3
34355,0,2
34356,0,2
34357,4,3
34358,0,2
34359,1,0
34360,6,7
34361,4,8
34362,5,5
34363,3,5
34364,3,5
34365,5,4
34366,3,5
34367,4,3
34368,3,3
34369,0,2
34370,5,8
34371,2,1
34372,8,5
34373,1,0
34374,6,9
34375,8,3
34376,8,5
34377,9,3
34378,7,8
34379,4,3
34380,6,7
34381,0,2
34382,8,9
34383,1,0
34384,3,5
34385,2,1
34386,7,0
34387,3,5
34388,1,0
34389,4,7
34390,3,5
34391,5,9
34392,0,2
34393,6,7
34394,0,9
34395,7,3
34396,3,3
34397,8,5
34398,9,3
34399,9,4
34400,5,5
34401,0,2
34402,1,0
34403,1,0
34404,9,3
34405,2,1
34406,4,2
34407,3,5
34408,2,1
34409,4,8
34410,7,9
34411,5,9
34412,1,0
34413,6,7
34414,8,3
34415,7,3
34416,0,2
34417,8,5
34418,1,6
34419,9,4
34420,9,3
34421,0,2
34422,8,8
34423,1,0
34424,4,8
34425,2,1
34426,1,0
34427,3,5
34428,4,8
34429,4,7
34430,4,4
34431,5,9
34432,2,3
34433,6,7
34434,7,3
34435,7,4
34436,2,6
34437,8,5
34438,5,3
34439,9,3
34440,0,2
34441,2,1
34442,2,5
34443,2,1
34444,2,1
34445,7,8
34446,7,3
34447,6,7
34448,5,5
34449,4,3
34450,2,1
34451,0,2
34452,8,5
34453,5,9
34454,7,4
34455,8,3
34456,6,7
34457,0,9
34458,9,8
34459,7,3
34460,8,5
34461,3,9
34462,2,1
34463,5,9
34464,4,8
34465,4,8
34466,6,7
34467,1,6
34468,4,8
34469,8,5
34470,1,0
34471,0,2
34472,7,4
34473,5,9
34474,5,9
34475,2,1
34476,9,8
34477,7,3
34478,5,5
34479,2,8
34480,0,2
34481,3,9
34482,9,3
34483,1,0
34484,2,1
34485,7,3
34486,0,2
34487,7,3
34488,6,7
34489,9,3
34490,6,7
34491,9,8
34492,6,7
34493,1,0
34494,2,1
34495,2,1
34496,9,8
34497,4,8
34498,4,3
34499,6,7
34500,8,9
34501,7,8
34502,0,2
34503,7,4
34504,9,8
34505,5,9
34506,7,3
34507,4,8
34508,0,2
34509,5,9
34510,8,9
34511,0,2
34512,1,0
34513,1,0
34514,0,2
34515,1,0
34516,7,4
34517,9,3
34518,7,4
34519,0,9
34520,6,7
34521,2,1
34522,6,2
34523,0,2
34524,8,5
34525,3,5
34526,3,5
34527,5,9
34528,7,3
34529,6,7
34530,4,8
34531,1,0
34532,2,7
34533,8,8
34534,8,9
34535,6,7
34536,3,5
34537,4,8
34538,0,2
34539,6,7
34540,8,5
34541,0,2
34542,1,3
34543,6,7
34544,9,3
34545,4,8
34546,6,7
34547,3,9
34548,3,5
34549,9,3
34550,4,4
34551,3,5
34552,3,5
34553,0,2
34554,8,5
34555,0,2
34556,3,3
34557,5,9
34558,2,1
34559,2,1
34560,7,4
34561,5,9
34562,0,2
34563,8,8
34564,7,3
34565,8,5
34566,1,0
34567,8,8
34568,7,3
34569,9,3
34570,4,3
34571,4,3
34572,4,8
34573,2,1
34574,8,5
34575,8,9
34576,7,3
34577,8,5
34578,6,8
34579,5,9
34580,0,2
34581,5,9
34582,0,2
34583,7,3
34584,5,5
34585,1,0
34586,0,2
34587,3,5
34588,1,0
34589,6,7
34590,1,0
34591,9,4
34592,9,3
34593,4,8
34594,8,5
34595,1,6
34596,4,8
34597,3,5
34598,9,8
34599,7,3
34600,7,4
34601,6,7
34602,5,9
34603,9,3
34604,2,1
34605,3,1
34606,2,1
34607,3,5
34608,9,1
34609,7,4
34610,5,5
34611,4,3
34612,1,0
34613,1,0
34614,2,5
34615,9,3
34616,9,8
34617,1,6
34618,7,4
34619,0,2
34620,2,1
34621,6,7
34622,3,5
34623,0,2
34624,6,7
34625,1,6
34626,5,5
34627,2,1
34628,6,7
34629,3,5
34630,3,5
34631,4,4
34632,1,6
34633,7,4
34634,0,2
34635,8,9
34636,2,1
34637,9,4
34638,1,0
34639,0,2
34640,1,0
34641,1,6
34642,3,5
34643,2,1
34644,3,9
34645,3,5
34646,3,5
34647,7,4
34648,6,7
34649,8,9
34650,2,5
34651,9,4
34652,6,7
34653,0,9
34654,6,1
34655,1,6
34656,0,2
34657,2,1
34658,6,1
34659,3,9
34660,3,0
34661,7,4
34662,0,2
34663,8,9
34664,2,1
34665,9,9
34666,7,4
34667,1,6
34668,9,4
34669,8,9
34670,7,4
34671,6,7
34672,3,5
34673,7,4
34674,5,9
34675,2,1
34676,7,3
34677,7,8
34678,8,8
34679,1,6
34680,2,1
34681,1,6
34682,4,3
34683,4,4
34684,3,5
34685,3,2
34686,6,7
34687,7,4
34688,9,8
34689,7,4
34690,7,3
34691,8,9
34692,5,9
34693,9,4
34694,9,4
34695,3,5
34696,8,5
34697,6,7
34698,6,7
34699,0,2
34700,6,7
34701,3,9
34702,7,4
34703,6,7
34704,7,8
34705,1,6
34706,0,8
34707,8,6
34708,0,2
34709,4,4
34710,3,5
34711,5,9
34712,3,5
34713,3,9
34714,0,9
34715,9,4
34716,3,5
34717,2,1
34718,2,1
34719,8,9
34720,5,5
34721,3,9
34722,8,9
34723,1,6
34724,2,1
34725,1,6
34726,2,1
34727,5,1
34728,3,9
34729,9,4
34730,0,2
34731,0,2
34732,7,3
34733,4,8
34734,8,9
34735,4,8
34736,3,5
34737,0,2
34738,8,9
34739,9,6
34740,3,7
34741,6,7
34742,4,3
34743,9,4
34744,4,3
34745,2,1
34746,2,1
34747,2,1
34748,6,1
34749,1,6
34750,4,3
34751,7,8
34752,4,3
34753,9,4
34754,1,0
34755,5,9
34756,4,1
34757,1,6
34758,8,8
34759,1,6
34760,5,5
34761,9,4
34762,1,6
34763,8,9
34764,9,3
34765,6,9
34766,8,9
34767,6,7
34768,2,1
34769,9,4
34770,8,4
34771,0,2
34772,7,3
34773,0,2
34774,7,3
34775,0,7
34776,6,7
34777,1,6
34778,1,0
34779,8,9
34780,4,8
34781,4,4
34782,1,0
34783,6,7
34784,4,8
34785,8,9
34786,9,8
34787,8,9
34788,3,5
34789,2,1
34790,9,8
34791,6,7
34792,1,0
34793,3,9
34794,8,9
34795,2,8
34796,1,0
34797,9,4
34798,0,2
34799,2,1
34800,5,5
34801,9,4
34802,3,3
34803,0,9
34804,8,5
34805,3,1
34806,5,5
34807,7,4
34808,4,3
34809,4,4
34810,4,8
34811,5,9
34812,6,7
34813,8,9
34814,8,9
34815,3,5
34816,6,7
34817,5,9
34818,9,8
34819,8,9
34820,8,5
34821,5,1
34822,9,8
34823,4,4
34824,9,3
34825,7,4
34826,1,6
34827,6,9
34828,3,5
34829,5,1
34830,4,3
34831,2,1
34832,3,5
34833,2,1
34834,9,3
34835,7,4
34836,5,7
34837,7,4
34838,9,8
34839,0,2
34840,6,1
34841,5,9
34842,8,3
34843,5,9
34844,9,3
34845,3,1
34846,3,5
34847,0,2
34848,2,1
34849,1,6
34850,2,1
34851,2,1
34852,1,0
34853,3,9
34854,0,2
34855,4,4
34856,2,1
34857,5,9
34858,5,5
34859,6,7
34860,4,7
34861,7,9
34862,3,5
34863,8,9
34864,2,1
34865,9,4
34866,3,5
34867,0,2
34868,5,5
34869,1,6
34870,8,0
34871,2,1
34872,8,9
34873,3,9
34874,1,0
34875,4,4
34876,9,4
34877,5,9
34878,9,3
34879,6,7
34880,7,3
34881,7,4
34882,5,9
34883,8,9
34884,1,0
34885,9,4
34886,9,8
34887,0,2
34888,5,8
34889,1,6
34890,7,8
34891,2,1
34892,9,8
34893,3,5
34894,6,7
34895,4,4
34896,6,7
34897,6,7
34898,3,5
34899,7,4
34900,8,5
34901,8,9
34902,2,2
34903,9,4
34904,0,2
34905,6,7
34906,3,1
34907,2,1
34908,5,4
34909,7,4
34910,8,9
34911,1,6
34912,8,8
34913,5,9
34914,7,0
34915,6,7
34916,7,3
34917,2,1
34918,6,7
34919,0,9
34920,9,8
34921,8,9
34922,1,0
34923,1,6
34924,6,7
34925,7,4
34926,1,0
34927,1,6
34928,2,1
34929,8,9
34930,9,3
34931,3,5
34932,5,9
34933,8,9
34934,7,6
34935,7,3
34936,2,1
34937,1,6
34938,1,6
34939,7,4
34940,9,3
34941,7,4
34942,9,8
34943,0,9
34944,2,1
34945,1,6
34946,8,5
34947,4,4
34948,4,8
34949,4,4
34950,1,0
34951,7,4
34952,5,5
34953,4,4
34954,9,3
34955,4,4
34956,6,7
34957,9,4
34958,0,2
34959,7,4
34960,6,7
34961,2,1
34962,9,8
34963,6,9
34964,2,1
34965,5,9
34966,8,3
34967,3,9
34968,8,5
34969,9,4
34970,7,3
34971,4,4
34972,7,3
34973,3,9
34974,8,5
34975,9,4
34976,2,5
34977,0,9
34978,8,9
34979,8,9
34980,1,0
34981,7,4
34982,7,8
34983,9,4
34984,5,9
34985,0,9
34986,8,5
34987,3,9
34988,4,8
34989,0,9
34990,1,0
34991,4,4
34992,1,0
34993,6,7
34994,4,3
34995,3,5
34996,5,5
34997,7,4
34998,7,3
34999,0,9
35000,1,0
35001,1,6
35002,9,3
35003,4,4
35004,9,3
35005,8,9
35006,1,0
35007,8,9
35008,1,0
35009,1,6
35010,3,5
35011,2,1
35012,0,2
35013,9,4
35014,2,1
35015,3,9
35016,9,3
35017,8,9
35018,8,9
35019,9,4
35020,2,1
35021,8,9
35022,3,0
35023,2,1
35024,9,3
35025,8,9
35026,6,8
35027,6,7
35028,0,2
35029,5,9
35030,3,5
35031,2,1
35032,7,4
35033,6,7
35034,6,9
35035,2,1
35036,8,9
35037,6,7
35038,8,9
35039,0,2
35040,5,9
35041,5,9
35042,8,5
35043,3,5
35044,8,8
35045,3,5
35046,5,5
35047,6,7
35048,1,0
35049,3,5
35050,0,2
35051,2,8
35052,1,0
35053,7,4
35054,9,3
35055,6,7
35056,0,2
35057,5,9
35058,3,5
35059,9,4
35060,0,2
35061,8,9
35062,5,5
35063,0,2
35064,0,7
35065,9,4
35066,3,5
35067,0,2
35068,9,3
35069,1,6
35070,9,8
35071,2,1
35072,8,5
35073,3,9
35074,0,2
35075,4,4
35076,2,1
35077,5,9
35078,4,3
35079,6,7
35080,9,3
35081,7,4
35082,5,9
35083,8,9
35084,9,8
35085,9,4
35086,3,5
35087,0,2
35088,8,5
35089,1,6
35090,2,5
35091,2,1
35092,2,1
35093,3,9
35094,1,0
35095,4,4
35096,8,9
35097,5,9
35098,4,3
35099,6,7
35100,5,5
35101,7,4
35102,7,4
35103,8,9
35104,2,1
35105,9,6
35106,2,1
35107,0,2
35108,1,0
35109,1,6
35110,2,7
35111,2,1
35112,2,1
35113,3,9
35114,5,3
35115,4,4
35116,1,0
35117,5,9
35118,9,8
35119,6,7
35120,8,5
35121,7,4
35122,3,5
35123,8,9
35124,2,5
35125,9,4
35126,4,3
35127,9,3
35128,2,2
35129,8,9
35130,7,4
35131,6,7
35132,3,5
35133,5,9
35134,2,1
35135,9,3
35136,4,8
35137,2,1
35138,2,1
35139,3,5
35140,6,7
35141,4,4
35142,4,8
35143,3,5
35144,4,8
35145,8,5
35146,6,7
35147,5,9
35148,0,2
35149,1,6
35150,7,3
35151,5,9
35152,4,8
35153,2,1
35154,6,7
35155,3,9
35156,3,5
35157,0,2
35158,6,1
35159,1,6
35160,9,3
35161,2,8
35162,3,5
35163,1,6
35164,5,5
35165,3,5
35166,4,3
35167,2,1
35168,1,6
35169,6,7
35170,3,5
35171,5,9
35172,5,5
35173,3,9
35174,9,4
35175,0,2
35176,7,3
35177,7,4
35178,4,7
35179,4,4
35180,3,3
35181,6,7
35182,9,8
35183,4,4
35184,6,8
35185,0,2
35186,4,3
35187,5,9
35188,9,3
35189,9,4
35190,3,5
35191,9,4
35192,0,9
35193,8,9
35194,9,3
35195,3,5
35196,7,4
35197,1,6
35198,2,1
35199,7,4
35200,6,7
35201,4,4
35202,2,1
35203,7,4
35204,6,7
35205,6,6
35206,6,9
35207,5,9
35208,3,5
35209,0,2
35210,6,7
35211,6,7
35212,1,0
35213,6,9
35214,5,5
35215,2,1
35216,2,1
35217,0,2
35218,9,3
35219,6,7
35220,2,1
35221,3,5
35222,6,7
35223,7,4
35224,5,9
35225,7,4
35226,3,5
35227,4,4
35228,5,5
35229,4,4
35230,8,5
35231,3,5
35232,8,8
35233,9,4
35234,4,7
35235,2,1
35236,1,1
35237,8,9
35238,6,7
35239,9,4
35240,2,1
35241,6,7
35242,8,3
35243,0,2
35244,1,0
35245,9,4
35246,8,3
35247,5,9
35248,3,5
35249,3,9
35250,2,1
35251,8,9
35252,1,0
35253,8,9
35254,4,8
35255,7,4
35256,4,8
35257,1,6
35258,4,8
35259,4,4
35260,7,6
35261,0,9
35262,0,2
35263,4,4
35264,8,5
35265,8,9
35266,1,0
35267,5,9
35268,5,9
35269,2,1
35270,1,0
35271,3,5
35272,3,5
35273,9,4
35274,5,5
35275,0,9
35276,5,9
35277,7,4
35278,1,0
35279,2,1
35280,6,7
35281,1,6
35282,0,2
35283,9,4
35284,6,1
35285,1,6
35286,1,0
35287,5,9
35288,2,1
35289,1,6
35290,2,1
35291,7,4
35292,9,3
35293,4,4
35294,0,2
35295,8,9
35296,9,8
35297,6,7
35298,2,1
35299,1,6
35300,8,5
35301,2,1
35302,0,2
35303,1,6
35304,4,8
35305,6,7
35306,7,8
35307,8,9
35308,8,5
35309,8,9
35310,5,5
35311,0,2
35312,4,8
35313,1,6
35314,4,8
35315,2,1
35316,7,4
35317,3,5
35318,6,9
35319,4,8
35320,0,2
35321,7,4
35322,6,7
35323,8,9
35324,4,8
35325,9,3
35326,5,7
35327,0,2
35328,1,0
35329,1,6
35330,9,8
35331,2,1
35332,9,4
35333,3,9
35334,7,4
35335,4,4
35336,3,5
35337,7,4
35338,8,5
35339,8,9
35340,2,1
35341,9,4
35342,6,7
35343,0,2
35344,2,5
35345,1,6
35346,3,5
35347,2,1
35348,0,2
35349,3,5
35350,5,4
35351,7,4
35352,1,0
35353,8,4
35354,3,5
35355,9,4
35356,2,1
35357,1,6
35358,9,8
35359,1,6
35360,1,0
35361,7,4
35362,4,4
35363,4,4
35364,8,5
35365,8,9
35366,3,5
35367,1,6
35368,9,3
35369,5,9
35370,1,0
35371,7,4
35372,7,4
35373,2,1
35374,9,3
35375,8,9
35376,3,5
35377,6,7
35378,2,1
35379,3,1
35380,9,8
35381,3,3
35382,7,8
35383,8,9
35384,9,8
35385,6,7
35386,1,0
35387,9,4
35388,5,2
35389,1,6
35390,5,9
35391,7,6
35392,4,3
35393,2,1
35394,5,9
35395,1,6
35396,1,6
35397,5,1
35398,8,5
35399,1,6
35400,0,2
35401,3,1
35402,4,3
35403,2,1
35404,1,6
35405,2,1
35406,5,0
35407,3,9
35408,0,2
35409,0,2
35410,2,1
35411,6,7
35412,4,8
35413,4,4
35414,1,0
35415,3,9
35416,7,3
35417,7,4
35418,4,3
35419,6,7
35420,5,3
35421,9,4
35422,3,5
35423,0,2
35424,6,2
35425,4,3
35426,6,1
35427,1,6
35428,8,5
35429,4,9
35430,1,6
35431,0,2
35432,0,2
35433,6,7
35434,3,5
35435,1,9
35436,1,0
35437,2,1
35438,8,5
35439,6,7
35440,9,4
35441,9,4
35442,4,8
35443,2,1
35444,9,3
35445,2,1
35446,7,0
35447,3,9
35448,1,0
35449,0,2
35450,7,8
35451,7,4
35452,6,7
35453,2,2
35454,2,1
35455,9,4
35456,2,1
35457,2,1
35458,3,5
35459,3,9
35460,8,8
35461,4,9
35462,5,5
35463,0,2
35464,9,5
35465,0,2
35466,5,5
35467,8,9
35468,6,1
35469,7,4
35470,6,9
35471,8,9
35472,4,8
35473,0,2
35474,7,3
35475,9,4
35476,7,4
35477,8,9
35478,2,1
35479,9,4
35480,9,0
35481,0,9
35482,4,7
35483,2,1
35484,8,9
35485,0,2
35486,3,5
35487,1,6
35488,0,2
35489,2,1
35490,4,3
35491,3,5
35492,2,1
35493,4,8
35494,2,1
35495,5,9
35496,1,0
35497,6,7
35498,3,3
35499,7,4
35500,5,8
35501,8,9
35502,0,2
35503,9,4
35504,3,5
35505,0,2
35506,9,4
35507,1,6
35508,1,0
35509,2,1
35510,2,1
35511,3,9
35512,7,8
35513,4,4
35514,1,0
35515,5,9
35516,0,2
35517,6,7
35518,7,4
35519,7,4
35520,3,5
35521,8,9
35522,3,5
35523,9,4
35524,9,8
35525,0,2
35526,8,5
35527,1,6
35528,3,5
35529,2,1
35530,3,9
35531,3,9
35532,9,8
35533,4,4
35534,4,8
35535,5,9
35536,0,2
35537,6,1
35538,1,0
35539,7,4
35540,6,7
35541,8,9
35542,3,5
35543,9,4
35544,7,3
35545,5,4
35546,4,8
35547,8,9
35548,3,5
35549,7,4
35550,3,5
35551,4,4
35552,1,0
35553,7,4
35554,1,6
35555,7,4
35556,9,8
35557,3,9
35558,1,0
35559,8,9
35560,7,4
35561,8,9
35562,3,5
35563,3,9
35564,6,7
35565,1,6
35566,6,1
35567,5,9
35568,3,5
35569,8,9
35570,5,9
35571,2,1
35572,2,1
35573,7,4
35574,3,5
35575,6,7
35576,8,5
35577,8,9
35578,6,7
35579,6,7
35580,7,4
35581,4,4
35582,3,5
35583,4,4
35584,4,3
35585,4,4
35586,1,0
35587,1,6
35588,6,1
35589,8,9
35590,4,3
35591,8,9
35592,1,0
35593,9,4
35594,7,3
35595,1,6
35596,1,0
35597,2,1
35598,9,8
35599,2,1
35600,1,6
35601,6,9
35602,5,9
35603,9,4
35604,8,5
35605,9,4
35606,2,1
35607,6,7
35608,5,5
35609,5,9
35610,3,5
35611,5,9
35612,0,2
35613,3,9
35614,6,7
35615,3,9
35616,6,4
35617,8,4
35618,5,8
35619,8,9
35620,0,2
35621,1,6
35622,3,5
35623,9,4
35624,4,4
35625,7,4
35626,4,8
35627,6,7
35628,5,8
35629,8,9
35630,2,7
35631,3,9
35632,0,2
35633,7,4
35634,0,2
35635,4,4
35636,7,4
35637,7,2
35638,2,1
35639,0,2
35640,3,5
35641,9,4
35642,1,0
35643,3,9
35644,2,1
35645,7,4
35646,0,2
35647,9,4
35648,7,3
35649,3,9
35650,5,5
35651,0,2
35652,2,5
35653,2,1
35654,1,0
35655,0,2
35656,4,3
35657,1,6
35658,3,5
35659,0,2
35660,0,2
35661,1,6
35662,4,8
35663,0,2
35664,6,7
35665,4,4
35666,9,8
35667,0,2
35668,7,4
35669,1,6
35670,2,1
35671,0,2
35672,9,3
35673,4,4
35674,5,9
35675,7,4
35676,9,3
35677,9,4
35678,2,5
35679,2,1
35680,0,2
35681,0,2
35682,6,1
35683,6,7
35684,6,7
35685,2,1
35686,4,6
35687,6,9
35688,3,5
35689,2,1
35690,2,1
35691,2,1
35692,3,5
35693,9,4
35694,9,5
35695,9,4
35696,7,3
35697,0,2
35698,1,0
35699,1,0
35700,0,2
35701,2,1
35702,5,5
35703,3,5
35704,8,9
35705,4,8
35706,8,9
35707,5,9
35708,0,2
35709,6,1
35710,1,6
35711,7,3
35712,0,2
35713,8,5
35714,6,7
35715,9,3
35716,4,3
35717,0,2
35718,6,1
35719,1,0
35720,0,2
35721,2,1
35722,1,0
35723,3,5
35724,9,3
35725,4,8
35726,6,6
35727,5,5
35728,7,0
35729,6,7
35730,8,5
35731,7,8
35732,9,3
35733,8,5
35734,6,1
35735,9,3
35736,6,7
35737,1,0
35738,5,9
35739,0,2
35740,0,2
35741,9,8
35742,0,2
35743,5,9
35744,3,5
35745,7,8
35746,0,2
35747,5,5
35748,4,4
35749,1,0
35750,6,1
35751,8,5
35752,4,8
35753,6,1
35754,7,3
35755,9,8
35756,1,0
35757,0,2
35758,2,1
35759,4,8
35760,9,3
35761,1,0
35762,8,5
35763,9,8
35764,8,5
35765,3,5
35766,5,5
35767,8,5
35768,6,7
35769,4,3
35770,2,1
35771,4,3
35772,8,5
35773,7,8
35774,1,0
35775,0,5
35776,8,5
35777,1,0
35778,0,2
35779,2,1
35780,4,8
35781,7,3
35782,0,2
35783,8,5
35784,5,9
35785,2,1
35786,9,8
35787,5,9
35788,8,5
35789,9,3
35790,7,6
35791,6,1
35792,1,6
35793,0,2
35794,3,3
35795,6,7
35796,3,5
35797,5,9
35798,1,6
35799,5,9
35800,0,2
35801,3,5
35802,2,1
35803,3,5
35804,9,3
35805,3,5
35806,3,5
35807,9,3
35808,6,7
35809,8,9
35810,6,7
35811,1,6
35812,9,3
35813,4,4
35814,3,5
35815,0,2
35816,0,2
35817,6,7
35818,4,3
35819,1,6
35820,1,0
35821,0,2
35822,4,8
35823,0,2
35824,9,4
35825,6,7
35826,1,0
35827,2,1
35828,6,9
35829,1,0
35830,4,8
35831,1,0
35832,2,1
35833,3,5
35834,7,4
35835,2,1
35836,9,8
35837,7,3
35838,5,9
35839,7,8
35840,4,8
35841,8,5
35842,7,6
35843,8,8
35844,6,7
35845,7,3
35846,6,7
35847,8,8
35848,8,9
35849,4,8
35850,2,1
35851,6,7
35852,4,8
35853,0,2
35854,9,3
35855,7,8
35856,1,0
35857,0,2
35858,5,5
35859,3,5
35860,7,3
35861,6,2
35862,1,0
35863,7,3
35864,5,5
35865,1,0
35866,4,3
35867,5,5
35868,6,7
35869,3,5
35870,3,5
35871,7,3
35872,2,1
35873,2,1
35874,3,5
35875,4,8
35876,3,5
35877,9,8
35878,9,8
35879,4,8
35880,1,0
35881,3,5
35882,2,7
35883,6,8
35884,4,8
35885,2,1
35886,6,7
35887,2,1
35888,6,7
35889,5,5
35890,3,5
35891,3,5
35892,9,8
35893,9,3
35894,9,3
35895,4,3
35896,0,2
35897,1,0
35898,3,5
35899,7,3
35900,1,0
35901,2,1
35902,2,1
35903,5,5
35904,4,4
35905,0,9
35906,5,5
35907,1,6
35908,1,0
35909,2,1
35910,6,7
35911,3,5
35912,1,0
35913,4,4
35914,3,0
35915,5,9
35916,8,6
35917,6,9
35918,6,7
35919,7,4
35920,7,3
35921,8,9
35922,3,5
35923,0,2
35924,8,5
35925,1,6
35926,4,8
35927,2,1
35928,8,9
35929,3,9
35930,2,1
35931,4,8
35932,8,5
35933,5,5
35934,0,2
35935,6,7
35936,0,2
35937,7,4
35938,7,3
35939,8,9
35940,8,5
35941,9,3
35942,1,0
35943,0,2
35944,3,5
35945,1,6
35946,4,2
35947,2,1
35948,6,6
35949,3,9
35950,8,5
35951,4,4
35952,4,8
35953,5,7
35954,3,5
35955,6,9
35956,9,8
35957,7,4
35958,8,5
35959,0,2
35960,7,8
35961,7,3
35962,6,1
35963,0,2
35964,4,8
35965,7,3
35966,4,3
35967,8,9
35968,6,7
35969,3,5
35970,2,0
35971,0,9
35972,0,2
35973,0,2
35974,2,5
35975,5,9
35976,5,5
35977,5,9
35978,7,3
35979,3,5
35980,7,3
35981,8,9
35982,0,2
35983,8,9
35984,3,9
35985,1,6
35986,3,5
35987,8,9
35988,6,7
35989,4,4
35990,1,0
35991,9,4
35992,2,6
35993,6,9
35994,0,2
35995,1,6
35996,9,8
35997,8,9
35998,7,3
35999,0,2
36000,9,4
36001,2,1
36002,6,9
36003,7,3
36004,9,8
36005,3,5
36006,2,2
36007,9,4
36008,8,2
36009,2,1
36010,8,5
36011,5,9
36012,7,6
36013,9,4
36014,6,7
36015,5,9
36016,2,1
36017,4,4
36018,3,5
36019,0,2
36020,8,5
36021,3,9
36022,0,2
36023,3,5
36024,9,3
36025,4,4
36026,5,5
36027,7,4
36028,5,8
36029,9,4
36030,1,0
36031,0,2
36032,3,5
36033,1,6
36034,8,9
36035,9,4
36036,6,1
36037,1,6
36038,6,7
36039,2,1
36040,0,2
36041,7,3
36042,1,0
36043,9,3
36044,9,3
36045,1,6
36046,3,5
36047,0,1
36048,3,5
36049,6,9
36050,9,8
36051,2,1
36052,7,3
36053,4,8
36054,8,5
36055,0,9
36056,2,1
36057,3,5
36058,9,3
36059,5,9
36060,5,9
36061,6,9
36062,9,3
36063,6,9
36064,2,1
36065,5,9
36066,8,5
36067,6,9
36068,6,7
36069,7,8
36070,6,7
36071,1,6
36072,2,2
36073,4,4
36074,9,8
36075,4,8
36076,3,5
36077,2,1
36078,3,5
36079,6,9
36080,9,8
36081,2,1
36082,3,5
36083,9,4
36084,0,2
36085,1,6
36086,5,9
36087,5,9
36088,7,4
36089,5,9
36090,0,2
36091,5,9
36092,4,8
36093,3,3
36094,1,0
36095,1,6
36096,8,9
36097,4,4
36098,1,0
36099,8,9
36100,2,1
36101,6,9
36102,9,8
36103,3,9
36104,9,4
36105,7,4
36106,1,0
36107,0,2
36108,1,6
36109,9,8
36110,1,0
36111,5,9
36112,2,1
36113,6,7
36114,8,5
36115,7,8
36116,0,2
36117,1,6
36118,5,3
36119,3,5
36120,2,1
36121,8,9
36122,9,8
36123,2,1
36124,1,0
36125,6,9
36126,5,8
36127,2,1
36128,3,7
36129,6,9
36130,3,5
36131,4,4
36132,3,8
36133,2,1
36134,7,3
36135,7,4
36136,7,3
36137,8,9
36138,0,2
36139,7,8
36140,7,4
36141,1,0
36142,2,1
36143,0,2
36144,6,7
36145,1,0
36146,0,2
36147,2,1
36148,9,8
36149,3,5
36150,7,3
36151,4,8
36152,7,3
36153,5,5
36154,3,5
36155,6,7
36156,7,3
36157,7,8
36158,7,0
36159,8,5
36160,4,8
36161,9,3
36162,9,4
36163,0,2
36164,1,0
36165,1,0
36166,2,7
36167,2,1
36168,0,2
36169,3,5
36170,2,1
36171,4,8
36172,9,3
36173,5,5
36174,4,7
36175,6,1
36176,6,7
36177,7,8
36178,7,4
36179,8,5
36180,3,5
36181,9,8
36182,8,9
36183,0,2
36184,6,7
36185,1,0
36186,9,8
36187,2,1
36188,7,3
36189,3,5
36190,4,8
36191,4,8
36192,8,5
36193,5,5
36194,9,8
36195,6,1
36196,9,3
36197,7,8
36198,0,2
36199,8,9
36200,4,8
36201,9,3
36202,4,7
36203,9,8
36204,4,3
36205,7,3
36206,3,5
36207,5,9
36208,4,3
36209,2,1
36210,8,5
36211,9,3
36212,4,6
36213,0,2
36214,5,9
36215,1,0
36216,3,5
36217,5,5
36218,4,3
36219,8,9
36220,6,7
36221,8,5
36222,4,8
36223,0,2
36224,8,9
36225,9,3
36226,4,3
36227,3,5
36228,4,8
36229,2,1
36230,7,3
36231,7,8
36232,6,7
36233,8,9
36234,7,8
36235,4,8
36236,5,5
36237,6,1
36238,7,8
36239,1,6
36240,1,0
36241,0,2
36242,3,5
36243,4,8
36244,5,9
36245,5,9
36246,4,3
36247,3,5
36248,3,5
36249,9,8
36250,8,5
36251,0,2
36252,5,9
36253,5,5
36254,6,1
36255,0,2
36256,5,2
36257,1,0
36258,7,4
36259,6,7
36260,0,2
36261,9,3
36262,3,5
36263,3,5
36264,1,0
36265,1,0
36266,2,1
36267,6,7
36268,5,2
36269,0,2
36270,8,5
36271,1,0
36272,0,2
36273,1,0
36274,6,7
36275,8,5
36276,1,6
36277,0,2
36278,6,7
36279,4,3
36280,4,8
36281,7,8
36282,9,0
36283,7,8
36284,7,3
36285,6,7
36286,4,8
36287,3,5
36288,1,0
36289,5,5
36290,0,2
36291,6,7
36292,2,1
36293,6,7
36294,6,7
36295,3,5
36296,4,8
36297,1,0
36298,3,5
36299,8,9
36300,8,5
36301,3,5
36302,7,4
36303,5,5
36304,0,2
36305,6,7
36306,9,8
36307,7,8
36308,6,7
36309,5,5
36310,6,7
36311,2,1
36312,0,2
36313,7,3
36314,4,4
36315,1,0
36316,7,4
36317,1,0
36318,0,2
36319,9,3
36320,8,9
36321,2,1
36322,4,8
36323,8,8
36324,3,5
36325,8,5
36326,2,1
36327,3,5
36328,9,4
36329,3,5
36330,5,5
36331,0,2
36332,5,5
36333,1,6
36334,7,4
36335,2,1
36336,4,8
36337,3,5
36338,3,9
36339,4,7
36340,7,4
36341,5,9
36342,4,4
36343,6,7
36344,6,7
36345,7,4
36346,4,8
36347,8,9
36348,9,4
36349,9,4
36350,4,3
36351,0,2
36352,7,3
36353,1,6
36354,5,5
36355,2,1
36356,1,6
36357,3,5
36358,6,7
36359,4,4
36360,9,8
36361,5,9
36362,0,2
36363,6,9
36364,4,7
36365,7,4
36366,5,9
36367,8,9
36368,1,6
36369,9,4
36370,9,0
36371,0,2
36372,6,7
36373,1,6
36374,2,5
36375,2,1
36376,0,2
36377,3,5
36378,9,4
36379,4,4
36380,1,0
36381,5,9
36382,1,6
36383,6,9
36384,4,8
36385,7,4
36386,8,6
36387,8,9
36388,1,6
36389,9,3
36390,6,7
36391,0,2
36392,9,4
36393,0,2
36394,4,3
36395,7,4
36396,2,1
36397,2,1
36398,7,3
36399,4,4
36400,4,8
36401,2,1
36402,9,3
36403,6,9
36404,7,8
36405,5,9
36406,3,5
36407,5,9
36408,1,6
36409,3,2
36410,1,0
36411,7,4
36412,0,2
36413,8,9
36414,0,2
36415,6,9
36416,6,7
36417,6,9
36418,9,3
36419,4,4
36420,9,8
36421,3,9
36422,1,0
36423,2,1
36424,5,9
36425,6,7
36426,1,0
36427,3,5
36428,4,8
36429,8,9
36430,7,4
36431,0,2
36432,3,5
36433,1,6
36434,4,0
36435,4,4
36436,7,4
36437,5,9
36438,9,8
36439,6,9
36440,0,2
36441,4,4
36442,1,0
36443,7,4
36444,6,7
36445,8,9
36446,6,9
36447,0,2
36448,1,0
36449,3,5
36450,2,8
36451,1,6
36452,5,9
36453,5,9
36454,5,5
36455,4,4
36456,9,8
36457,1,6
36458,3,5
36459,9,4
36460,2,7
36461,1,6
36462,2,1
36463,2,1
36464,9,8
36465,7,4
36466,4,8
36467,0,2
36468,0,2
36469,1,6
36470,5,5
36471,3,5
36472,7,3
36473,8,9
36474,9,8
36475,2,1
36476,0,2
36477,9,4
36478,8,5
36479,7,4
36480,5,9
36481,9,4
36482,5,5
36483,4,4
36484,0,2
36485,2,1
36486,9,3
36487,5,9
36488,3,0
36489,8,2
36490,1,0
36491,6,9
36492,8,9
36493,5,9
36494,4,4
36495,5,9
36496,6,7
36497,9,4
36498,7,1
36499,9,4
36500,9,3
36501,1,6
36502,4,8
36503,8,9
36504,6,7
36505,2,1
36506,0,2
36507,9,4
36508,5,5
36509,1,6
36510,9,3
36511,3,5
36512,7,4
36513,4,3
36514,5,5
36515,3,5
36516,5,9
36517,1,0
36518,4,8
36519,0,2
36520,1,0
36521,9,4
36522,2,1
36523,6,7
36524,0,2
36525,3,5
36526,9,3
36527,6,9
36528,5,5
36529,8,9
36530,7,3
36531,7,4
36532,1,0
36533,0,2
36534,7,4
36535,1,6
36536,1,0
36537,0,2
36538,9,3
36539,5,9
36540,4,8
36541,8,9
36542,3,5
36543,2,1
36544,5,5
36545,7,4
36546,7,4
36547,7,4
36548,4,7
36549,0,2
36550,9,8
36551,1,6
36552,4,8
36553,2,1
36554,7,3
36555,3,5
36556,5,5
36557,4,3
36558,1,6
36559,5,9
36560,0,2
36561,6,7
36562,0,5
36563,7,4
36564,0,2
36565,8,4
36566,3,5
36567,9,8
36568,2,1
36569,0,2
36570,6,7
36571,1,6
36572,3,5
36573,2,1
36574,6,7
36575,3,5
36576,8,5
36577,4,4
36578,6,1
36579,5,9
36580,7,3
36581,6,7
36582,8,5
36583,7,4
36584,4,3
36585,8,9
36586,0,2
36587,9,4
36588,5,9
36589,0,2
36590,6,7
36591,1,6
36592,3,5
36593,2,1
36594,1,0
36595,3,5
36596,4,8
36597,4,4
36598,8,5
36599,5,9
36600,2,1
36601,6,7
36602,5,5
36603,7,4
36604,3,5
36605,8,9
36606,9,3
36607,9,4
36608,1,0
36609,5,9
36610,8,9
36611,7,4
36612,7,8
36613,7,4
36614,2,8
36615,7,4
36616,6,7
36617,0,2
36618,1,0
36619,4,3
36620,0,2
36621,0,2
36622,8,5
36623,3,9
36624,2,1
36625,1,6
36626,1,0
36627,8,9
36628,0,2
36629,9,3
36630,4,8
36631,2,1
36632,4,3
36633,1,6
36634,4,3
36635,8,4
36636,6,7
36637,6,7
36638,5,9
36639,5,9
36640,4,3
36641,4,4
36642,5,8
36643,7,3
36644,3,5
36645,3,9
36646,0,5
36647,4,4
36648,8,3
36649,1,0
36650,7,4
36651,8,9
36652,8,5
36653,6,7
36654,7,4
36655,9,3
36656,8,9
36657,1,6
36658,5,5
36659,4,3
36660,6,7
36661,5,9
36662,2,1
36663,5,9
36664,4,3
36665,6,7
36666,9,4
36667,0,2
36668,4,3
36669,1,6
36670,9,8
36671,3,5
36672,8,5
36673,6,7
36674,4,3
36675,4,3
36676,4,8
36677,8,9
36678,9,8
36679,9,3
36680,2,1
36681,8,9
36682,1,0
36683,5,9
36684,3,5
36685,2,1
36686,6,7
36687,1,0
36688,7,3
36689,0,2
36690,5,3
36691,7,4
36692,0,2
36693,2,1
36694,2,1
36695,5,9
36696,8,9
36697,5,9
36698,6,7
36699,6,7
36700,7,4
36701,6,7
36702,6,8
36703,6,7
36704,2,1
36705,3,9
36706,4,3
36707,3,5
36708,8,9
36709,3,5
36710,8,9
36711,1,6
36712,0,2
36713,7,4
36714,6,5
36715,2,1
36716,3,5
36717,2,1
36718,2,1
36719,7,4
36720,9,3
36721,2,1
36722,5,5
36723,3,9
36724,6,1
36725,6,7
36726,4,8
36727,8,9
36728,2,1
36729,5,9
36730,7,4
36731,1,6
36732,3,5
36733,4,8
36734,0,2
36735,9,4
36736,5,5
36737,0,2
36738,1,0
36739,5,5
36740,3,5
36741,0,2
36742,4,8
36743,6,7
36744,1,8
36745,8,9
36746,6,9
36747,8,4
36748,7,4
36749,0,2
36750,5,8
36751,8,9
36752,8,9
36753,2,1
36754,8,5
36755,3,5
36756,5,5
36757,9,8
36758,7,3
36759,4,4
36760,7,5
36761,3,9
36762,7,3
36763,7,4
36764,0,2
36765,1,6
36766,6,7
36767,7,4
36768,2,1
36769,6,7
36770,8,5
36771,9,3
36772,6,7
36773,4,3
36774,5,5
36775,2,1
36776,8,5
36777,9,3
36778,1,0
36779,9,3
36780,0,2
36781,2,1
36782,9,3
36783,0,7
36784,6,7
36785,8,3
36786,1,6
36787,5,9
36788,0,2
36789,0,2
36790,4,4
36791,4,3
36792,6,7
36793,9,3
36794,1,6
36795,4,4
36796,7,4
36797,0,2
36798,6,7
36799,7,3
36800,5,5
36801,1,6
36802,3,5
36803,3,9
36804,5,5
36805,2,1
36806,7,8
36807,9,3
36808,9,3
36809,0,2
36810,6,1
36811,1,6
36812,5,5
36813,2,1
36814,1,1
36815,3,3
36816,8,9
36817,4,8
36818,7,0
36819,5,9
36820,8,5
36821,6,7
36822,1,6
36823,7,3
36824,0,2
36825,8,9
36826,6,7
36827,9,3
36828,8,5
36829,0,2
36830,9,8
36831,1,0
36832,9,8
36833,2,1
36834,8,5
36835,3,5
36836,4,4
36837,4,3
36838,6,7
36839,5,9
36840,7,4
36841,6,7
36842,0,2
36843,7,4
36844,2,1
36845,8,5
36846,2,1
36847,9,4
36848,0,2
36849,0,2
36850,5,9
36851,1,6
36852,3,1
36853,2,1
36854,8,5
36855,3,5
36856,7,3
36857,6,7
36858,2,1
36859,7,4
36860,9,8
36861,8,9
36862,3,8
36863,9,3
36864,1,0
36865,8,5
36866,6,1
36867,4,3
36868,2,5
36869,0,2
36870,8,5
36871,0,2
36872,3,5
36873,7,4
36874,0,9
36875,2,1
36876,7,4
36877,4,4
36878,8,5
36879,2,1
36880,9,8
36881,6,7
36882,0,2
36883,5,9
36884,2,2
36885,5,9
36886,9,3
36887,3,5
36888,5,5
36889,7,3
36890,6,7
36891,8,9
36892,1,0
36893,6,7
36894,0,9
36895,6,7
36896,5,5
36897,4,3
36898,1,0
36899,3,5
36900,5,9
36901,2,1
36902,7,4
36903,6,7
36904,2,1
36905,6,7
36906,9,3
36907,4,3
36908,1,7
36909,4,3
36910,6,7
36911,3,5
36912,3,5
36913,8,9
36914,2,1
36915,8,9
36916,7,4
36917,3,5
36918,5,9
36919,0,2
36920,9,3
36921,1,6
36922,9,3
36923,4,8
36924,1,0
36925,7,4
36926,7,8
36927,8,9
36928,1,6
36929,0,2
36930,9,3
36931,3,5
36932,4,8
36933,1,6
36934,9,3
36935,9,4
36936,2,3
36937,0,2
36938,4,8
36939,5,9
36940,4,8
36941,4,3
36942,2,5
36943,1,6
36944,8,9
36945,9,3
36946,3,5
36947,1,0
36948,0,2
36949,2,1
36950,2,1
36951,7,3
36952,4,8
36953,0,2
36954,7,4
36955,1,6
36956,1,0
36957,3,5
36958,2,1
36959,8,9
36960,9,8
36961,2,1
36962,4,4
36963,9,3
36964,7,3
36965,2,1
36966,6,7
36967,7,4
36968,1,0
36969,7,3
36970,4,8
36971,9,4
36972,7,8
36973,9,4
36974,8,5
36975,0,9
36976,4,8
36977,4,4
36978,2,5
36979,2,1
36980,6,7
36981,5,9
36982,2,1
36983,8,9
36984,5,5
36985,6,7
36986,8,5
36987,5,9
36988,9,3
36989,5,9
36990,3,5
36991,9,3
36992,1,0
36993,9,4
36994,0,9
36995,1,6
36996,6,7
36997,1,6
36998,2,5
36999,5,9
37000,4,8
37001,7,4
37002,9,8
37003,6,7
37004,5,8
37005,8,9
37006,5,9
37007,2,1
37008,1,0
37009,9,3
37010,4,8
37011,1,0
37012,1,6
37013,3,5
37014,1,0
37015,2,1
37016,5,5
37017,3,5
37018,6,7
37019,4,3
37020,2,1
37021,3,5
37022,3,5
37023,1,6
37024,1,0
37025,9,4
37026,9,5
37027,0,2
37028,6,7
37029,9,3
37030,8,9
37031,5,9
37032,8,9
37033,6,7
37034,7,4
37035,3,5
37036,1,0
37037,6,7
37038,1,1
37039,8,9
37040,2,1
37041,7,4
37042,3,5
37043,0,2
37044,6,7
37045,1,0
37046,9,8
37047,0,2
37048,9,8
37049,5,9
37050,6,2
37051,8,9
37052,0,7
37053,2,1
37054,3,5
37055,7,4
37056,5,9
37057,7,4
37058,1,0
37059,0,2
37060,9,0
37061,1,6
37062,9,9
37063,2,1
37064,7,8
37065,3,5
37066,5,9
37067,4,4
37068,7,3
37069,5,9
37070,5,5
37071,6,7
37072,5,5
37073,7,4
37074,4,8
37075,8,9
37076,4,3
37077,9,3
37078,8,5
37079,0,2
37080,4,8
37081,1,6
37082,3,5
37083,2,1
37084,2,1
37085,3,9
37086,5,5
37087,4,4
37088,9,3
37089,5,9
37090,7,4
37091,6,7
37092,0,2
37093,7,4
37094,8,9
37095,8,9
37096,8,9
37097,9,3
37098,7,3
37099,0,2
37100,7,6
37101,1,6
37102,1,0
37103,2,1
37104,4,4
37105,3,9
37106,8,5
37107,7,4
37108,9,3
37109,8,9
37110,1,0
37111,9,4
37112,4,8
37113,0,9
37114,5,9
37115,9,3
37116,1,6
37117,5,9
37118,3,9
37119,5,9
37120,2,1
37121,6,7
37122,8,9
37123,9,4
37124,3,5
37125,8,9
37126,9,3
37127,9,3
37128,4,8
37129,8,9
37130,8,9
37131,7,4
37132,3,5
37133,7,4
37134,3,5
37135,3,5
37136,9,8
37137,5,9
37138,1,0
37139,1,6
37140,6,7
37141,0,2
37142,6,7
37143,2,1
37144,4,8
37145,2,1
37146,7,3
37147,7,4
37148,5,5
37149,8,9
37150,9,3
37151,2,1
37152,8,9
37153,0,2
37154,1,5
37155,1,6
37156,4,3
37157,2,1
37158,0,2
37159,6,7
37160,5,9
37161,3,9
37162,9,4
37163,3,9
37164,5,5
37165,7,4
37166,3,5
37167,3,5
37168,7,1
37169,3,9
37170,8,3
37171,4,4
37172,2,1
37173,6,7
37174,3,5
37175,6,7
37176,4,3
37177,6,9
37178,8,1
37179,1,6
37180,5,4
37181,5,9
37182,1,0
37183,0,2
37184,8,5
37185,8,9
37186,3,1
37187,2,1
37188,3,5
37189,0,2
37190,1,0
37191,1,6
37192,0,2
37193,7,4
37194,6,9
37195,6,7
37196,1,0
37197,3,5
37198,8,9
37199,2,1
37200,1,0
37201,1,6
37202,8,9
37203,7,4
37204,3,5
37205,3,5
37206,9,4
37207,1,6
37208,6,7
37209,3,5
37210,2,1
37211,9,3
37212,7,8
37213,1,6
37214,2,5
37215,7,4
37216,5,4
37217,6,7
37218,6,7
37219,8,9
37220,0,7
37221,4,4
37222,6,7
37223,3,5
37224,0,9
37225,1,6
37226,5,8
37227,4,4
37228,6,7
37229,3,5
37230,6,9
37231,6,7
37232,1,0
37233,9,4
37234,2,1
37235,6,7
37236,6,7
37237,1,6
37238,6,7
37239,4,4
37240,8,5
37241,2,1
37242,9,8
37243,2,7
37244,3,5
37245,7,4
37246,6,7
37247,9,4
37248,4,3
37249,5,9
37250,3,5
37251,4,4
37252,0,2
37253,8,9
37254,6,7
37255,8,9
37256,6,5
37257,4,4
37258,2,1
37259,9,3
37260,3,0
37261,0,2
37262,4,8
37263,8,9
37264,4,8
37265,9,4
37266,3,5
37267,8,9
37268,9,8
37269,0,2
37270,5,8
37271,3,1
37272,4,7
37273,4,8
37274,2,1
37275,5,1
37276,5,8
37277,6,7
37278,8,5
37279,7,4
37280,3,9
37281,8,1
37282,6,7
37283,9,3
37284,3,5
37285,1,0
37286,1,0
37287,0,2
37288,7,3
37289,1,6
37290,1,0
37291,2,1
37292,6,2
37293,3,1
37294,4,8
37295,4,8
37296,2,1
37297,7,4
37298,7,4
37299,8,9
37300,5,9
37301,9,3
37302,4,8
37303,0,2
37304,3,5
37305,1,1
37306,9,8
37307,2,1
37308,5,9
37309,3,9
37310,6,1
37311,4,8
37312,8,5
37313,5,9
37314,3,5
37315,6,9
37316,8,3
37317,7,4
37318,9,8
37319,8,9
37320,2,1
37321,9,8
37322,2,1
37323,0,2
37324,8,8
37325,8,5
37326,9,8
37327,7,4
37328,4,3
37329,8,9
37330,1,0
37331,9,3
37332,3,5
37333,9,3
37334,6,9
37335,0,2
37336,6,7
37337,1,6
37338,9,3
37339,4,8
37340,6,7
37341,5,1
37342,8,5
37343,1,6
37344,8,5
37345,6,7
37346,6,7
37347,2,8
37348,7,4
37349,9,8
37350,6,7
37351,6,7
37352,9,8
37353,7,4
37354,1,0
37355,3,5
37356,6,1
37357,9,8
37358,5,5
37359,9,8
37360,2,7
37361,3,5
37362,3,5
37363,8,5
37364,5,9
37365,1,6
37366,4,8
37367,2,1
37368,3,5
37369,9,3
37370,6,7
37371,6,7
37372,4,8
37373,3,7
37374,3,5
37375,5,9
37376,9,8
37377,0,2
37378,1,0
37379,5,9
37380,5,5
37381,4,4
37382,0,2
37383,3,1
37384,1,6
37385,4,4
37386,2,5
37387,7,4
37388,4,8
37389,7,3
37390,6,7
37391,9,3
37392,4,7
37393,1,6
37394,7,4
37395,4,4
37396,8,3
37397,3,1
37398,8,9
37399,7,4
37400,9,3
37401,6,7
37402,7,3
37403,2,8
37404,3,5
37405,1,6
37406,8,5
37407,5,1
37408,0,2
37409,5,9
37410,4,4
37411,0,2
37412,2,1
37413,5,1
37414,5,3
37415,0,2
37416,2,0
37417,8,0
37418,2,1
37419,4,8
37420,7,3
37421,6,7
37422,3,5
37423,7,3
37424,9,4
37425,0,2
37426,2,1
37427,2,8
37428,8,9
37429,4,4
37430,9,8
37431,8,9
37432,0,2
37433,1,6
37434,8,5
37435,2,1
37436,8,9
37437,2,1
37438,5,5
37439,3,9
37440,2,5
37441,1,6
37442,6,7
37443,3,9
37444,8,9
37445,6,7
37446,2,1
37447,4,8
37448,5,5
37449,9,3
37450,4,3
37451,6,9
37452,0,2
37453,5,9
37454,3,5
37455,1,6
37456,8,5
37457,9,3
37458,8,9
37459,8,9
37460,8,9
37461,1,6
37462,2,1
37463,1,6
37464,3,5
37465,5,1
37466,9,3
37467,0,2
37468,3,5
37469,2,8
37470,3,5
37471,7,3
37472,5,5
37473,8,9
37474,9,3
37475,6,7
37476,6,7
37477,6,7
37478,3,5
37479,8,0
37480,7,3
37481,2,1
37482,1,0
37483,8,9
37484,2,1
37485,4,8
37486,2,5
37487,4,8
37488,8,3
37489,2,8
37490,4,8
37491,2,1
37492,4,8
37493,8,9
37494,7,8
37495,0,2
37496,4,4
37497,0,2
37498,9,8
37499,1,0
37500,7,3
37501,2,1
37502,6,9
37503,3,5
37504,2,1
37505,4,8
37506,0,2
37507,5,5
37508,7,1
37509,6,7
37510,0,9
37511,0,2
37512,8,5
37513,1,0
37514,2,2
37515,2,1
37516,4,3
37517,3,5
37518,1,0
37519,4,8
37520,9,3
37521,5,5
37522,8,3
37523,6,8
37524,3,5
37525,7,3
37526,2,1
37527,8,9
37528,4,8
37529,0,2
37530,4,3
37531,1,0
37532,2,1
37533,2,1
37534,9,8
37535,6,7
37536,7,4
37537,7,8
37538,9,5
37539,8,9
37540,3,5
37541,9,8
37542,6,7
37543,0,2
37544,6,7
37545,2,5
37546,4,8
37547,1,0
37548,5,9
37549,6,1
37550,7,4
37551,5,5
37552,5,3
37553,9,8
37554,0,2
37555,3,5
37556,7,3
37557,5,5
37558,5,5
37559,0,2
37560,2,1
37561,7,3
37562,4,3
37563,1,0
37564,1,0
37565,1,0
37566,3,5
37567,5,7
37568,2,1
37569,3,5
37570,2,1
37571,0,2
37572,3,5
37573,7,3
37574,5,8
37575,9,3
37576,6,7
37577,6,7
37578,3,5
37579,1,0
37580,2,1
37581,6,7
37582,5,5
37583,7,3
37584,5,5
37585,4,3
37586,9,8
37587,9,8
37588,2,1
37589,5,5
37590,5,9
37591,7,3
37592,5,9
37593,9,8
37594,4,8
37595,8,9
37596,7,3
37597,5,5
37598,1,6
37599,6,1
37600,8,9
37601,2,1
37602,7,6
37603,4,8
37604,3,5
37605,8,5
37606,5,5
37607,1,0
37608,8,3
37609,5,9
37610,2,1
37611,9,8
37612,7,4
37613,2,1
37614,1,0
37615,2,1
37616,4,8
37617,8,9
37618,1,0
37619,0,2
37620,8,9
37621,6,7
37622,3,5
37623,4,8
37624,1,6
37625,3,5
37626,3,5
37627,3,5
37628,8,5
37629,1,0
37630,2,1
37631,2,1
37632,2,4
37633,4,8
37634,4,8
37635,1,0
37636,3,5
37637,9,8
37638,2,5
37639,6,7
37640,4,8
37641,9,3
37642,0,2
37643,3,5
37644,8,9
37645,4,7
37646,2,1
37647,0,5
37648,4,3
37649,3,5
37650,1,0
37651,9,8
37652,3,5
37653,0,2
37654,9,3
37655,2,7
37656,0,2
37657,7,8
37658,3,5
37659,1,0
37660,2,1
37661,1,0
37662,5,5
37663,0,2
37664,9,3
37665,7,8
37666,6,7
37667,6,1
37668,2,6
37669,2,1
37670,1,0
37671,2,1
37672,8,5
37673,7,8
37674,1,6
37675,6,7
37676,6,8
37677,0,2
37678,0,2
37679,6,7
37680,5,7
37681,9,8
37682,9,8
37683,4,3
37684,7,3
37685,8,9
37686,0,2
37687,4,3
37688,9,8
37689,3,5
37690,3,5
37691,3,5
37692,3,5
37693,7,3
37694,7,3
37695,8,5
37696,2,9
37697,0,2
37698,5,9
37699,5,5
37700,3,5
37701,8,9
37702,9,5
37703,3,5
37704,8,1
37705,0,2
37706,7,3
37707,6,7
37708,0,2
37709,8,9
37710,8,0
37711,3,5
37712,4,4
37713,7,3
37714,0,2
37715,8,5
37716,1,0
37717,5,5
37718,3,5
37719,1,6
37720,8,5
37721,8,5
37722,4,3
37723,0,2
37724,6,7
37725,1,6
37726,5,5
37727,2,1
37728,1,6
37729,3,5
37730,3,5
37731,4,3
37732,1,0
37733,7,4
37734,2,3
37735,8,9
37736,4,8
37737,9,4
37738,0,2
37739,0,2
37740,5,9
37741,1,6
37742,1,6
37743,2,1
37744,0,2
37745,3,5
37746,3,5
37747,4,3
37748,9,8
37749,5,9
37750,5,8
37751,6,7
37752,0,2
37753,7,3
37754,9,3
37755,8,9
37756,3,5
37757,9,4
37758,0,8
37759,0,2
37760,2,1
37761,1,6
37762,7,8
37763,2,1
37764,9,3
37765,3,5
37766,2,1
37767,4,8
37768,8,9
37769,7,4
37770,7,4
37771,8,9
37772,9,4
37773,9,4
37774,8,9
37775,7,4
37776,8,9
37777,2,1
37778,8,8
37779,9,4
37780,0,2
37781,9,4
37782,1,6
37783,8,9
37784,7,3
37785,4,4
37786,3,5
37787,0,2
37788,6,1
37789,3,1
37790,0,2
37791,5,9
37792,3,5
37793,4,4
37794,4,8
37795,3,5
37796,3,5
37797,3,5
37798,2,1
37799,4,4
37800,4,8
37801,6,7
37802,1,0
37803,6,7
37804,6,7
37805,5,9
37806,2,1
37807,5,9
37808,8,5
37809,1,6
37810,8,5
37811,7,4
37812,2,1
37813,8,9
37814,0,2
37815,4,4
37816,1,3
37817,5,9
37818,7,3
37819,7,4
37820,5,9
37821,3,5
37822,0,5
37823,5,9
37824,9,8
37825,2,1
37826,4,8
37827,3,5
37828,1,0
37829,6,7
37830,5,5
37831,6,7
37832,2,1
37833,7,4
37834,7,0
37835,7,4
37836,5,9
37837,0,2
37838,2,4
37839,1,6
37840,4,3
37841,0,2
37842,5,9
37843,1,6
37844,0,2
37845,6,7
37846,4,8
37847,3,5
37848,3,5
37849,1,6
37850,5,9
37851,4,4
37852,5,9
37853,7,4
37854,0,2
37855,3,9
37856,0,2
37857,8,9
37858,4,8
37859,6,7
37860,3,5
37861,2,1
37862,1,0
37863,2,1
37864,5,9
37865,5,9
37866,9,3
37867,9,4
37868,8,4
37869,1,6
37870,8,5
37871,7,4
37872,6,9
37873,9,4
37874,5,5
37875,7,4
37876,7,3
37877,9,4
37878,7,4
37879,9,4
37880,2,1
37881,1,1
37882,1,0
37883,0,2
37884,4,3
37885,8,9
37886,3,9
37887,9,4
37888,6,7
37889,3,1
37890,3,5
37891,8,9
37892,6,7
37893,4,4
37894,5,9
37895,6,7
37896,3,5
37897,1,6
37898,7,0
37899,4,4
37900,7,8
37901,0,9
37902,0,2
37903,3,5
37904,2,1
37905,6,7
37906,9,4
37907,4,4
37908,3,3
37909,8,9
37910,8,5
37911,1,6
37912,3,9
37913,3,5
37914,0,2
37915,1,6
37916,4,8
37917,0,2
37918,2,1
37919,9,4
37920,1,0
37921,0,1
37922,7,8
37923,1,0
37924,8,5
37925,2,1
37926,1,3
37927,3,5
37928,3,5
37929,5,9
37930,7,4
37931,6,9
37932,9,3
37933,8,9
37934,9,8
37935,9,3
37936,1,6
37937,0,9
37938,1,0
37939,1,6
37940,3,5
37941,2,1
37942,2,1
37943,3,5
37944,3,5
37945,4,8
37946,0,2
37947,7,4
37948,1,0
37949,8,9
37950,0,2
37951,9,3
37952,8,9
37953,0,2
37954,0,2
37955,1,0
37956,8,5
37957,2,1
37958,4,3
37959,3,5
37960,7,3
37961,4,3
37962,8,7
37963,7,4
37964,2,1
37965,9,8
37966,6,7
37967,2,1
37968,0,2
37969,2,1
37970,0,2
37971,7,3
37972,1,0
37973,6,7
37974,2,8
37975,4,4
37976,9,8
37977,0,2
37978,1,6
37979,8,9
37980,0,2
37981,0,2
37982,6,7
37983,5,9
37984,7,0
37985,2,1
37986,4,8
37987,7,3
37988,4,3
37989,2,1
37990,6,7
37991,3,1
37992,5,8
37993,6,7
37994,7,3
37995,2,1
37996,3,3
37997,1,0
37998,6,7
37999,7,3
38000,8,9
38001,7,8
38002,1,0
38003,9,3
38004,7,4
38005,9,3
38006,9,8
38007,1,0
38008,0,2
38009,2,1
38010,2,1
38011,4,3
38012,4,8
38013,6,7
38014,8,5
38015,7,8
38016,1,0
38017,7,3
38018,7,3
38019,5,9
38020,9,8
38021,4,8
38022,6,5
38023,5,9
38024,2,9
38025,0,2
38026,7,8
38027,1,0
38028,6,7
38029,1,6
38030,9,8
38031,9,8
38032,6,7
38033,2,1
38034,7,3
38035,0,9
38036,2,1
38037,3,5
38038,5,4
38039,1,0
38040,2,7
38041,4,8
38042,0,2
38043,0,2
38044,8,9
38045,6,7
38046,9,8
38047,4,4
38048,9,8
38049,3,5
38050,6,9
38051,9,8
38052,4,3
38053,3,5
38054,0,5
38055,0,9
38056,1,0
38057,0,9
38058,3,5
38059,5,9
38060,5,5
38061,2,1
38062,0,2
38063,8,9
38064,9,8
38065,8,9
38066,3,5
38067,8,9
38068,2,1
38069,8,9
38070,2,1
38071,5,9
38072,4,3
38073,5,9
38074,8,9
38075,7,6
38076,7,3
38077,1,0
38078,2,1
38079,4,4
38080,2,1
38081,1,6
38082,9,8
38083,3,5
38084,6,7
38085,8,9
38086,3,5
38087,9,3
38088,7,4
38089,3,5
38090,5,8
38091,7,4
38092,8,5
38093,4,4
38094,2,0
38095,1,6
38096,7,4
38097,1,6
38098,7,4
38099,0,2
38100,0,2
38101,6,9
38102,0,2
38103,0,2
38104,6,7
38105,1,6
38106,0,2
38107,2,1
38108,2,1
38109,3,5
38110,0,2
38111,4,4
38112,8,5
38113,5,9
38114,6,7
38115,6,7
38116,3,5
38117,7,4
38118,9,8
38119,8,9
38120,2,1
38121,9,4
38122,4,3
38123,0,2
38124,2,1
38125,1,6
38126,0,2
38127,2,1
38128,0,2
38129,3,9
38130,3,9
38131,4,4
38132,4,3
38133,7,4
38134,5,8
38135,8,9
38136,8,4
38137,9,4
38138,0,2
38139,0,2
38140,2,1
38141,1,6
38142,8,9
38143,2,9
38144,7,8
38145,3,5
38146,8,5
38147,4,9
38148,2,1
38149,7,4
38150,4,8
38151,8,9
38152,6,7
38153,9,4
38154,9,8
38155,0,2
38156,6,7
38157,0,2
38158,8,5
38159,1,6
38160,1,0
38161,0,2
38162,0,2
38163,1,0
38164,1,6
38165,5,9
38166,3,9
38167,3,5
38168,4,3
38169,4,8
38170,2,1
38171,2,1
38172,6,9
38173,4,6
38174,3,5
38175,4,4
38176,6,7
38177,0,2
38178,7,6
38179,0,2
38180,3,5
38181,6,7
38182,9,5
38183,9,4
38184,7,8
38185,6,9
38186,7,3
38187,6,7
38188,4,8
38189,5,9
38190,6,7
38191,7,4
38192,6,7
38193,3,9
38194,5,5
38195,2,7
38196,1,0
38197,2,9
38198,0,2
38199,3,5
38200,0,2
38201,4,4
38202,5,5
38203,4,3
38204,9,8
38205,9,4
38206,1,6
38207,1,6
38208,2,1
38209,4,4
38210,7,4
38211,0,9
38212,0,2
38213,7,4
38214,6,7
38215,7,4
38216,2,1
38217,5,9
38218,3,5
38219,6,7
38220,7,3
38221,2,1
38222,5,9
38223,3,5
38224,7,1
38225,1,6
38226,1,0
38227,4,4
38228,0,2
38229,4,4
38230,9,5
38231,0,2
38232,0,2
38233,9,4
38234,5,5
38235,1,6
38236,4,8
38237,8,9
38238,3,5
38239,3,5
38240,5,5
38241,3,5
38242,7,2
38243,7,4
38244,7,4
38245,3,9
38246,7,6
38247,9,4
38248,9,3
38249,8,9
38250,5,9
38251,8,9
38252,5,6
38253,4,9
38254,5,9
38255,7,4
38256,2,2
38257,7,4
38258,6,7
38259,6,7
38260,6,7
38261,2,1
38262,4,8
38263,1,6
38264,1,0
38265,9,4
38266,5,9
38267,8,9
38268,2,1
38269,7,4
38270,4,8
38271,8,9
38272,1,0
38273,8,4
38274,4,8
38275,2,9
38276,1,0
38277,3,9
38278,7,3
38279,9,4
38280,5,2
38281,3,9
38282,7,8
38283,3,9
38284,4,8
38285,5,9
38286,4,8
38287,5,9
38288,2,1
38289,0,2
38290,6,7
38291,7,4
38292,9,3
38293,9,4
38294,3,5
38295,5,9
38296,4,7
38297,0,2
38298,5,2
38299,6,7
38300,7,3
38301,4,7
38302,6,7
38303,1,6
38304,7,3
38305,1,6
38306,6,7
38307,2,1
38308,6,7
38309,8,9
38310,0,7
38311,1,6
38312,9,8
38313,5,9
38314,5,5
38315,0,2
38316,4,3
38317,1,0
38318,6,8
38319,2,5
38320,7,8
38321,3,8
38322,6,7
38323,4,3
38324,8,5
38325,5,5
38326,2,1
38327,6,7
38328,1,0
38329,7,3
38330,2,7
38331,8,1
38332,0,2
38333,9,3
38334,6,7
38335,0,2
38336,4,8
38337,1,0
38338,7,8
38339,2,3
38340,1,0
38341,3,5
38342,6,7
38343,4,3
38344,9,3
38345,5,3
38346,3,5
38347,6,7
38348,6,7
38349,7,4
38350,7,3
38351,8,9
38352,6,7
38353,9,3
38354,2,5
38355,0,2
38356,2,1
38357,1,0
38358,9,8
38359,2,1
38360,5,5
38361,3,5
38362,5,8
38363,4,3
38364,0,2
38365,5,9
38366,2,1
38367,6,7
38368,3,5
38369,9,3
38370,4,7
38371,6,7
38372,4,4
38373,4,4
38374,7,6
38375,4,4
38376,6,7
38377,3,5
38378,5,8
38379,6,2
38380,0,9
38381,2,1
38382,8,9
38383,3,5
38384,1,0
38385,4,6
38386,8,5
38387,8,9
38388,1,0
38389,7,4
38390,6,7
38391,8,9
38392,4,3
38393,6,7
38394,6,7
38395,9,3
38396,2,1
38397,8,9
38398,1,0
38399,3,5
38400,6,7
38401,2,1
38402,4,8
38403,2,1
38404,0,2
38405,8,9
38406,2,1
38407,4,8
38408,5,2
38409,2,5
38410,3,5
38411,0,2
38412,0,2
38413,1,0
38414,5,3
38415,1,6
38416,6,7
38417,2,1
38418,8,4
38419,9,3
38420,8,8
38421,6,7
38422,7,4
38423,8,9
38424,1,0
38425,1,6
38426,9,3
38427,2,5
38428,4,4
38429,0,2
38430,2,1
38431,6,7
38432,1,0
38433,5,5
38434,8,5
38435,2,5
38436,1,0
38437,7,4
38438,2,1
38439,5,5
38440,0,2
38441,3,5
38442,8,9
38443,9,3
38444,6,7
38445,3,5
38446,0,2
38447,7,3
38448,6,1
38449,1,6
38450,6,7
38451,3,5
38452,8,9
38453,8,9
38454,1,0
38455,1,6
38456,9,8
38457,9,4
38458,7,4
38459,5,9
38460,6,7
38461,0,2
38462,1,6
38463,1,0
38464,1,0
38465,1,0
38466,1,0
38467,9,8
38468,7,3
38469,2,5
38470,9,3
38471,6,7
38472,6,7
38473,0,2
38474,6,7
38475,4,3
38476,8,4
38477,5,9
38478,6,7
38479,6,7
38480,1,6
38481,5,5
38482,1,0
38483,0,9
38484,0,2
38485,3,1
38486,5,9
38487,1,6
38488,0,7
38489,8,9
38490,1,0
38491,6,7
38492,1,0
38493,9,8
38494,0,2
38495,3,5
38496,4,8
38497,0,2
38498,4,8
38499,1,6
38500,4,8
38501,0,2
38502,7,3
38503,4,4
38504,7,3
38505,7,6
38506,7,4
38507,3,5
38508,5,5
38509,2,9
38510,8,0
38511,6,7
38512,5,7
38513,5,5
38514,6,7
38515,4,4
38516,1,0
38517,7,4
38518,4,3
38519,9,4
38520,3,5
38521,7,4
38522,1,0
38523,0,2
38524,4,9
38525,1,6
38526,1,3
38527,2,1
38528,1,0
38529,3,5
38530,2,1
38531,4,8
38532,1,0
38533,5,9
38534,7,3
38535,6,7
38536,3,5
38537,7,3
38538,1,0
38539,8,4
38540,0,2
38541,9,4
38542,2,1
38543,0,2
38544,8,4
38545,1,6
38546,5,5
38547,2,1
38548,6,1
38549,3,9
38550,7,3
38551,4,8
38552,9,3
38553,5,6
38554,1,0
38555,6,7
38556,7,8
38557,7,4
38558,1,0
38559,0,9
38560,2,1
38561,1,6
38562,9,3
38563,2,1
38564,5,5
38565,3,9
38566,8,9
38567,4,7
38568,4,8
38569,5,9
38570,1,0
38571,6,7
38572,1,6
38573,0,2
38574,0,2
38575,7,4
38576,6,1
38577,5,1
38578,6,7
38579,0,2
38580,3,5
38581,8,9
38582,1,0
38583,4,1
38584,6,7
38585,1,6
38586,7,8
38587,8,4
38588,8,0
38589,8,4
38590,0,2
38591,1,6
38592,5,9
38593,3,5
38594,5,9
38595,1,6
38596,8,9
38597,9,4
38598,7,8
38599,0,2
38600,9,8
38601,4,4
38602,3,5
38603,4,4
38604,5,5
38605,0,9
38606,8,9
38607,7,3
38608,5,7
38609,2,1
38610,5,9
38611,9,4
38612,5,5
38613,8,9
38614,0,2
38615,7,4
38616,4,3
38617,2,1
38618,2,1
38619,4,4
38620,7,3
38621,7,4
38622,4,8
38623,8,9
38624,5,9
38625,9,4
38626,5,8
38627,3,5
38628,5,5
38629,1,6
38630,4,8
38631,4,4
38632,9,8
38633,6,7
38634,6,7
38635,2,1
38636,2,5
38637,2,1
38638,8,8
38639,7,4
38640,6,7
38641,8,4
38642,6,7
38643,6,7
38644,0,2
38645,4,7
38646,9,3
38647,9,4
38648,5,5
38649,2,1
38650,7,8
38651,9,4
38652,2,1
38653,3,9
38654,4,3
38655,5,9
38656,5,8
38657,3,5
38658,5,9
38659,6,7
38660,0,2
38661,6,7
38662,0,2
38663,0,9
38664,1,0
38665,2,1
38666,1,6
38667,2,1
38668,4,8
38669,7,8
38670,3,5
38671,4,8
38672,7,4
38673,9,4
38674,9,3
38675,5,1
38676,6,7
38677,1,6
38678,5,8
38679,2,1
38680,9,3
38681,6,7
38682,1,6
38683,1,6
38684,1,0
38685,8,4
38686,0,9
38687,3,5
38688,7,8
38689,5,9
38690,9,8
38691,0,2
38692,2,1
38693,0,9
38694,6,7
38695,6,7
38696,0,2
38697,1,6
38698,5,2
38699,6,7
38700,1,0
38701,9,4
38702,8,9
38703,6,7
38704,9,3
38705,7,4
38706,0,2
38707,1,6
38708,5,5
38709,1,6
38710,4,4
38711,7,4
38712,3,5
38713,1,6
38714,3,5
38715,2,1
38716,4,1
38717,4,4
38718,1,0
38719,5,9
38720,2,1
38721,6,7
38722,0,2
38723,7,4
38724,1,0
38725,8,9
38726,5,5
38727,9,3
38728,7,4
38729,0,2
38730,6,7
38731,1,6
38732,3,5
38733,2,1
38734,8,5
38735,3,5
38736,1,6
38737,4,4
38738,7,4
38739,5,5
38740,9,3
38741,6,7
38742,8,9
38743,7,4
38744,0,2
38745,8,9
38746,0,5
38747,9,4
38748,9,8
38749,0,2
38750,1,0
38751,1,6
38752,3,5
38753,2,1
38754,6,8
38755,3,5
38756,5,5
38757,4,4
38758,7,3
38759,5,9
38760,9,5
38761,6,7
38762,5,5
38763,7,3
38764,1,0
38765,8,5
38766,0,2
38767,9,4
38768,9,3
38769,1,6
38770,2,7
38771,3,5
38772,3,3
38773,5,5
38774,1,0
38775,9,3
38776,7,3
38777,4,3
38778,8,3
38779,1,6
38780,6,9
38781,7,3
38782,6,7
38783,7,4
38784,2,1
38785,2,1
38786,4,8
38787,1,6
38788,7,8
38789,4,4
38790,2,1
38791,8,1
38792,5,5
38793,2,1
38794,7,3
38795,9,4
38796,6,7
38797,3,5
38798,5,5
38799,8,5
38800,2,6
38801,5,9
38802,0,2
38803,4,8
38804,3,5
38805,8,9
38806,1,0
38807,8,9
38808,0,2
38809,9,3
38810,7,3
38811,3,5
38812,4,8
38813,9,3
38814,7,4
38815,2,1
38816,0,2
38817,5,9
38818,5,9
38819,7,4
38820,6,7
38821,4,4
38822,4,8
38823,1,6
38824,1,5
38825,2,1
38826,2,5
38827,3,5
38828,1,0
38829,9,3
38830,5,5
38831,1,6
38832,8,5
38833,6,7
38834,4,8
38835,0,2
38836,7,3
38837,1,6
38838,7,3
38839,2,1
38840,1,0
38841,8,5
38842,8,9
38843,5,9
38844,8,9
38845,1,6
38846,2,1
38847,1,6
38848,5,5
38849,8,5
38850,0,7
38851,5,9
38852,4,3
38853,6,7
38854,6,7
38855,4,4
38856,6,7
38857,7,3
38858,8,3
38859,3,1
38860,1,6
38861,6,7
38862,2,1
38863,8,9
38864,5,9
38865,0,2
38866,8,5
38867,3,5
38868,1,0
38869,7,3
38870,8,9
38871,4,3
38872,4,8
38873,0,2
38874,0,2
38875,6,7
38876,6,9
38877,9,4
38878,8,5
38879,2,1
38880,9,3
38881,6,7
38882,3,3
38883,5,9
38884,2,1
38885,6,7
38886,2,1
38887,9,3
38888,5,5
38889,0,2
38890,7,3
38891,4,8
38892,3,9
38893,0,2
38894,3,5
38895,6,7
38896,5,9
38897,1,6
38898,4,8
38899,9,4
38900,3,5
38901,2,1
38902,5,5
38903,0,2
38904,3,5
38905,9,4
38906,4,8
38907,5,9
38908,7,4
38909,1,6
38910,9,3
38911,3,5
38912,8,5
38913,7,3
38914,0,2
38915,6,7
38916,7,3
38917,9,3
38918,1,6
38919,4,4
38920,7,3
38921,7,4
38922,4,3
38923,7,4
38924,2,1
38925,6,7
38926,0,2
38927,3,5
38928,1,0
38929,0,2
38930,9,3
38931,5,5
38932,5,5
38933,6,7
38934,5,5
38935,2,1
38936,6,1
38937,2,1
38938,4,3
38939,0,2
38940,5,9
38941,1,0
38942,8,5
38943,7,3
38944,5,9
38945,8,9
38946,0,2
38947,9,4
38948,8,5
38949,0,2
38950,9,8
38951,1,0
38952,2,1
38953,2,1
38954,7,3
38955,3,5
38956,8,9
38957,4,3
38958,6,7
38959,5,9
38960,4,8
38961,6,7
38962,2,1
38963,0,2
38964,7,3
38965,1,0
38966,4,8
38967,8,9
38968,1,0
38969,9,6
38970,3,5
38971,8,9
38972,7,4
38973,4,8
38974,1,0
38975,1,6
38976,1,6
38977,8,9
38978,4,4
38979,8,9
38980,6,6
38981,1,0
38982,3,7
38983,3,5
38984,4,8
38985,1,0
38986,3,9
38987,8,9
38988,6,7
38989,3,5
38990,3,3
38991,3,5
38992,9,8
38993,0,2
38994,7,3
38995,9,4
38996,6,0
38997,4,4
38998,3,5
38999,9,4
39000,9,8
39001,8,9
39002,2,1
39003,7,4
39004,6,7
39005,8,9
39006,2,9
39007,1,6
39008,2,1
39009,7,4
39010,7,3
39011,8,9
39012,1,0
39013,7,4
39014,7,3
39015,5,9
39016,9,8
39017,1,6
39018,1,0
39019,6,7
39020,2,0
39021,5,9
39022,2,1
39023,0,2
39024,4,8
39025,9,4
39026,7,4
39027,5,9
39028,0,2
39029,0,2
39030,9,8
39031,2,9
39032,2,1
39033,1,6
39034,9,8
39035,8,9
39036,6,5
39037,0,2
39038,7,8
39039,0,2
39040,3,5
39041,1,6
39042,2,1
39043,6,7
39044,0,2
39045,6,7
39046,4,8
39047,7,8
39048,7,4
39049,1,6
39050,0,2
39051,1,6
39052,1,0
39053,7,4
39054,0,2
39055,0,2
39056,7,3
39057,1,0
39058,4,3
39059,2,1
39060,7,3
39061,3,5
39062,7,4
39063,4,3
39064,9,3
39065,5,9
39066,3,5
39067,6,7
39068,8,9
39069,7,4
39070,8,9
39071,8,9
39072,1,0
39073,9,3
39074,2,1
39075,0,2
39076,1,0
39077,1,0
39078,4,8
39079,2,1
39080,4,8
39081,3,5
39082,7,3
39083,4,3
39084,1,0
39085,5,5
39086,6,7
39087,6,7
39088,7,3
39089,7,4
39090,2,1
39091,8,9
39092,8,6
39093,0,2
39094,8,5
39095,1,0
39096,9,4
39097,2,1
39098,6,7
39099,3,5
39100,3,5
39101,4,3
39102,1,6
39103,5,5
39104,8,5
39105,6,7
39106,1,6
39107,7,4
39108,3,5
39109,8,9
39110,4,8
39111,9,3
39112,6,7
39113,7,3
39114,5,9
39115,0,2
39116,3,5
39117,4,3
39118,2,1
39119,0,2
39120,5,5
39121,6,7
39122,3,5
39123,4,7
39124,3,5
39125,3,5
39126,5,5
39127,3,5
39128,4,8
39129,4,4
39130,6,1
39131,8,9
39132,5,5
39133,7,4
39134,9,8
39135,8,9
39136,3,5
39137,6,7
39138,1,0
39139,9,3
39140,3,5
39141,8,9
39142,8,5
39143,3,5
39144,8,4
39145,2,1
39146,2,0
39147,2,1
39148,9,3
39149,8,3
39150,7,8
39151,4,9
39152,1,0
39153,2,1
39154,6,7
39155,0,2
39156,0,2
39157,1,6
39158,5,5
39159,1,0
39160,1,0
39161,2,1
39162,2,1
39163,9,3
39164,6,7
39165,6,7
39166,9,8
39167,8,9
39168,2,1
39169,1,6
39170,2,1
39171,2,1
39172,9,3
39173,1,0
39174,9,8
39175,0,2
39176,5,5
39177,6,7
39178,8,9
39179,9,8
39180,6,7
39181,3,5
39182,4,8
39183,7,4
39184,3,3
39185,1,6
39186,4,3
39187,8,9
39188,6,7
39189,3,5
39190,7,4
39191,8,9
39192,9,3
39193,1,6
39194,0,9
39195,9,4
39196,1,0
39197,5,9
39198,2,5
39199,9,4
39200,6,7
39201,8,9
39202,0,2
39203,2,1
39204,4,8
39205,6,7
39206,6,7
39207,0,2
39208,5,8
39209,4,4
39210,2,1
39211,5,9
39212,6,7
39213,0,2
39214,5,5
39215,3,5
39216,2,1
39217,1,6
39218,4,8
39219,8,9
39220,0,2
39221,6,7
39222,3,9
39223,7,4
39224,0,2
39225,5,9
39226,6,7
39227,9,3
39228,2,1
39229,9,3
39230,5,8
39231,3,5
39232,1,0
39233,0,2
39234,9,4
39235,3,5
39236,0,2
39237,1,6
39238,8,5
39239,4,3
39240,3,9
39241,4,3
39242,8,5
39243,0,2
39244,7,4
39245,4,3
39246,7,8
39247,9,3
39248,4,3
39249,2,1
39250,6,8
39251,6,7
39252,7,8
39253,5,9
39254,7,3
39255,4,3
39256,2,5
39257,7,4
39258,6,7
39259,9,3
39260,6,2
39261,7,4
39262,1,0
39263,0,9
39264,8,5
39265,1,6
39266,8,5
39267,3,4
39268,1,0
39269,4,4
39270,1,0
39271,5,9
39272,4,3
39273,6,7
39274,5,5
39275,7,4
39276,7,4
39277,8,9
39278,6,9
39279,0,2
39280,5,5
39281,1,6
39282,2,1
39283,2,1
39284,2,5
39285,3,5
39286,9,8
39287,4,4
39288,1,0
39289,7,4
39290,3,5
39291,8,9
39292,6,7
39293,9,8
39294,7,4
39295,0,9
39296,2,5
39297,1,6
39298,4,3
39299,2,7
39300,1,6
39301,3,9
39302,4,3
39303,4,3
39304,4,1
39305,7,9
39306,0,2
39307,8,4
39308,8,9
39309,0,9
39310,7,4
39311,5,9
39312,3,5
39313,6,7
39314,7,3
39315,8,9
39316,7,2
39317,3,9
39318,6,7
39319,9,4
39320,6,2
39321,0,9
39322,8,5
39323,2,1
39324,4,3
39325,3,5
39326,0,2
39327,3,4
39328,1,0
39329,3,3
39330,2,5
39331,9,4
39332,6,7
39333,9,4
39334,0,2
39335,5,9
39336,6,7
39337,6,7
39338,2,1
39339,4,4
39340,6,7
39341,4,4
39342,2,4
39343,2,1
39344,8,5
39345,7,4
39346,0,2
39347,0,9
39348,7,4
39349,3,9
39350,8,9
39351,9,3
39352,1,0
39353,6,7
39354,1,0
39355,8,7
39356,6,8
39357,7,6
39358,7,0
39359,3,9
39360,0,2
39361,4,4
39362,1,0
39363,0,2
39364,1,6
39365,4,4
39366,3,5
39367,1,6
39368,4,8
39369,6,7
39370,9,8
39371,7,4
39372,6,7
39373,8,4
39374,5,8
39375,4,9
39376,0,2
39377,9,3
39378,8,9
39379,6,7
39380,5,5
39381,5,9
39382,8,5
39383,6,7
39384,3,5
39385,6,7
39386,4,8
39387,7,4
39388,6,7
39389,8,9
39390,7,4
39391,8,9
39392,2,1
39393,1,6
39394,6,7
39395,8,9
39396,4,8
39397,3,9
39398,2,1
39399,7,4
39400,5,9
39401,7,4
39402,1,0
39403,1,6
39404,4,8
39405,5,1
39406,6,7
39407,0,2
39408,2,9
39409,5,9
39410,5,9
39411,2,7
39412,3,5
39413,4,8
39414,4,8
39415,3,9
39416,5,8
39417,1,6
39418,9,8
39419,8,4
39420,2,1
39421,2,1
39422,0,2
39423,9,4
39424,5,9
39425,9,4
39426,7,4
39427,5,9
39428,9,4
39429,2,1
39430,6,7
39431,6,7
39432,8,9
39433,4,4
39434,2,1
39435,4,4
39436,5,5
39437,1,6
39438,8,5
39439,7,4
39440,6,7
39441,1,6
39442,8,8
39443,4,4
39444,1,6
39445,3,9
39446,0,2
39447,9,3
39448,9,8
39449,7,4
39450,8,5
39451,1,9
39452,3,5
39453,2,1
39454,1,0
39455,6,7
39456,8,5
39457,0,8
39458,4,3
39459,7,3
39460,5,9
39461,3,5
39462,1,0
39463,0,2
39464,9,3
39465,1,6
39466,6,7
39467,2,1
39468,5,5
39469,3,5
39470,2,1
39471,4,3
39472,9,3
39473,5,1
39474,0,5
39475,6,7
39476,2,1
39477,7,4
39478,8,5
39479,8,9
39480,9,8
39481,9,3
39482,5,7
39483,0,2
39484,1,0
39485,1,0
39486,4,8
39487,2,8
39488,2,1
39489,3,5
39490,7,4
39491,4,4
39492,4,3
39493,5,9
39494,0,2
39495,6,7
39496,6,7
39497,7,4
39498,0,2
39499,8,9
39500,7,3
39501,9,3
39502,5,8
39503,0,7
39504,0,2
39505,1,6
39506,6,7
39507,2,1
39508,6,7
39509,3,5
39510,2,1
39511,4,4
39512,1,0
39513,5,9
39514,4,8
39515,6,7
39516,5,9
39517,7,4
39518,2,7
39519,8,9
39520,3,0
39521,9,4
39522,4,8
39523,7,4
39524,7,3
39525,4,4
39526,5,2
39527,0,7
39528,6,9
39529,4,8
39530,8,9
39531,0,7
39532,9,3
39533,1,6
39534,7,8
39535,7,4
39536,4,4
39537,9,4
39538,9,3
39539,5,9
39540,7,3
39541,1,0
39542,1,0
39543,4,4
39544,7,4
39545,2,7
39546,1,5
39547,8,4
39548,4,8
39549,9,3
39550,1,6
39551,4,8
39552,1,0
39553,3,9
39554,1,6
39555,1,6
39556,5,9
39557,7,3
39558,4,3
39559,8,9
39560,1,0
39561,2,7
39562,5,5
39563,4,3
39564,0,7
39565,3,9
39566,3,5
39567,6,7
39568,1,0
39569,9,3
39570,0,2
39571,9,4
39572,2,1
39573,5,9
39574,5,5
39575,8,9
39576,9,3
39577,6,7
39578,9,3
39579,7,4
39580,7,4
39581,0,2
39582,2,1
39583,6,7
39584,4,8
39585,8,9
39586,7,3
39587,2,1
39588,9,8
39589,6,7
39590,4,4
39591,3,5
39592,2,1
39593,9,4
39594,1,0
39595,3,9
39596,8,8
39597,2,5
39598,9,3
39599,8,9
39600,0,9
39601,6,7
39602,8,9
39603,1,6
39604,8,5
39605,7,4
39606,0,2
39607,4,4
39608,8,5
39609,8,9
39610,6,7
39611,8,9
39612,0,2
39613,9,3
39614,9,3
39615,0,2
39616,7,3
39617,3,5
39618,3,5
39619,3,5
39620,0,2
39621,9,3
39622,1,0
39623,0,2
39624,0,2
39625,5,9
39626,6,7
39627,2,7
39628,0,2
39629,5,9
39630,6,1
39631,0,7
39632,6,7
39633,9,3
39634,4,8
39635,4,3
39636,4,3
39637,1,6
39638,4,8
39639,0,9
39640,9,8
39641,3,5
39642,9,8
39643,7,4
39644,2,1
39645,5,9
39646,1,0
39647,8,6
39648,9,8
39649,7,3
39650,6,7
39651,7,4
39652,1,6
39653,8,9
39654,9,3
39655,2,1
39656,0,8
39657,9,3
39658,8,9
39659,7,4
39660,9,8
39661,1,6
39662,8,5
39663,2,7
39664,0,2
39665,6,7
39666,5,5
39667,4,3
39668,8,8
39669,2,1
39670,4,4
39671,5,9
39672,7,3
39673,2,7
39674,4,8
39675,3,5
39676,7,4
39677,6,7
39678,3,5
39679,6,7
39680,4,8
39681,5,9
39682,2,1
39683,0,7
39684,1,0
39685,0,7
39686,3,5
39687,7,3
39688,2,1
39689,5,9
39690,4,4
39691,2,1
39692,9,8
39693,8,9
39694,9,8
39695,1,6
39696,3,5
39697,6,7
39698,2,1
39699,1,6
39700,5,8
39701,0,7
39702,9,3
39703,4,4
39704,3,5
39705,3,9
39706,3,5
39707,1,6
39708,2,6
39709,6,7
39710,0,2
39711,1,6
39712,7,8
39713,9,9
39714,0,2
39715,0,2
39716,1,0
39717,1,0
39718,9,3
39719,2,1
39720,4,3
39721,3,5
39722,5,5
39723,4,8
39724,9,4
39725,5,9
39726,2,1
39727,6,9
39728,3,2
39729,7,3
39730,4,8
39731,8,9
39732,9,8
39733,9,3
39734,2,1
39735,0,2
39736,6,1
39737,1,6
39738,4,8
39739,2,1
39740,0,2
39741,3,5
39742,6,7
39743,4,8
39744,3,5
39745,5,9
39746,0,5
39747,6,9
39748,5,9
39749,7,4
39750,9,8
39751,8,9
39752,7,0
39753,9,4
39754,9,3
39755,0,2
39756,8,9
39757,1,1
39758,0,2
39759,2,1
39760,7,4
39761,3,9
39762,9,3
39763,4,4
39764,8,9
39765,5,9
39766,6,7
39767,6,9
39768,3,8
39769,7,4
39770,3,5
39771,8,9
39772,2,1
39773,5,9
39774,3,5
39775,0,2
39776,1,0
39777,6,9
39778,8,2
39779,8,9
39780,5,9
39781,9,4
39782,1,0
39783,4,4
39784,7,3
39785,1,6
39786,3,5
39787,9,4
39788,0,2
39789,0,2
39790,2,1
39791,4,4
39792,6,7
39793,8,9
39794,2,1
39795,9,4
39796,1,0
39797,1,6
39798,3,5
39799,4,4
39800,0,2
39801,0,7
39802,9,4
39803,5,9
39804,3,5
39805,1,0
39806,8,5
39807,5,9
39808,5,5
39809,4,3
39810,2,1
39811,0,2
39812,4,8
39813,7,2
39814,3,5
39815,6,7
39816,9,8
39817,0,2
39818,1,9
39819,1,6
39820,3,0
39821,7,4
39822,9,3
39823,0,2
39824,6,7
39825,6,7
39826,7,3
39827,8,9
39828,1,6
39829,9,4
39830,1,3
39831,5,9
39832,8,5
39833,4,3
39834,9,4
39835,7,4
39836,3,5
39837,6,7
39838,1,0
39839,0,2
39840,2,1
39841,8,9
39842,9,3
39843,1,6
39844,4,8
39845,7,4
39846,1,0
39847,7,4
39848,0,2
39849,1,6
39850,0,2
39851,3,1
39852,3,5
39853,2,8
39854,0,2
39855,3,5
39856,0,2
39857,1,6
39858,5,5
39859,0,2
39860,2,1
39861,0,2
39862,2,1
39863,7,4
39864,8,9
39865,8,9
39866,4,8
39867,4,4
39868,7,4
39869,9,4
39870,6,7
39871,3,5
39872,8,5
39873,8,9
39874,0,2
39875,4,4
39876,8,5
39877,7,4
39878,1,0
39879,2,1
39880,7,3
39881,5,9
39882,8,9
39883,6,7
39884,3,5
39885,3,1
39886,4,4
39887,6,7
39888,1,0
39889,9,4
39890,0,9
39891,4,3
39892,2,2
39893,6,7
39894,4,3
39895,9,4
39896,1,0
39897,0,2
39898,0,2
39899,2,8
39900,3,5
39901,5,9
39902,8,5
39903,5,9
39904,3,5
39905,1,6
39906,0,2
39907,3,5
39908,6,7
39909,3,1
39910,5,5
39911,9,4
39912,1,6
39913,7,3
39914,2,1
39915,8,9
39916,4,3
39917,7,4
39918,2,1
39919,2,1
39920,7,4
39921,2,8
39922,8,9
39923,5,9
39924,9,8
39925,7,2
39926,8,8
39927,9,4
39928,3,5
39929,2,1
39930,2,1
39931,1,6
39932,9,3
39933,3,5
39934,6,7
39935,0,2
39936,1,0
39937,1,6
39938,8,9
39939,2,1
39940,5,5
39941,3,5
39942,9,4
39943,4,7
39944,0,2
39945,5,9
39946,5,5
39947,6,7
39948,8,9
39949,7,4
39950,1,0
39951,8,9
39952,5,5
39953,9,3
39954,4,8
39955,0,9
39956,0,2
39957,1,6
39958,5,5
39959,2,1
39960,0,2
39961,3,9
39962,5,5
39963,4,7
39964,5,9
39965,5,9
39966,5,9
39967,6,7
39968,0,2
39969,7,4
39970,2,1
39971,8,9
39972,5,5
39973,9,3
39974,9,8
39975,0,2
39976,4,3
39977,1,6
39978,5,9
39979,2,1
39980,1,6
39981,3,9
39982,3,3
39983,4,9
39984,1,0
39985,5,9
39986,1,0
39987,6,7
39988,1,6
39989,7,4
39990,4,3
39991,8,9
39992,0,2
39993,9,4
39994,8,8
39995,8,3
39996,5,5
39997,9,3
39998,9,8
39999,5,7
40000,7,4
40001,7,4
40002,0,2
40003,0,9
40004,1,6
40005,3,9
40006,9,8
40007,1,6
40008,5,9
40009,6,7
40010,6,2
40011,8,9
40012,8,5
40013,4,4
40014,5,5
40015,1,6
40016,8,5
40017,7,4
40018,7,3
40019,6,7
40020,3,3
40021,5,9
40022,8,7
40023,6,7
40024,1,0
40025,4,4
40026,9,8
40027,2,1
40028,9,8
40029,7,4
40030,4,8
40031,8,9
40032,5,5
40033,1,6
40034,6,7
40035,3,9
40036,6,7
40037,2,1
40038,0,2
40039,0,2
40040,0,2
40041,5,9
40042,0,2
40043,0,9
40044,2,1
40045,1,6
40046,7,3
40047,9,4
40048,8,5
40049,2,1
40050,9,4
40051,3,5
40052,1,0
40053,2,1
40054,2,1
40055,3,9
40056,1,0
40057,5,9
40058,1,6
40059,5,9
40060,7,4
40061,7,4
40062,4,8
40063,9,4
40064,8,9
40065,9,3
40066,4,8
40067,7,4
40068,3,5
40069,1,6
40070,7,4
40071,1,6
40072,6,7
40073,9,4
40074,0,2
40075,0,9
40076,2,1
40077,7,4
40078,3,5
40079,3,9
40080,7,3
40081,4,4
40082,0,2
40083,8,9
40084,2,1
40085,6,7
40086,1,0
40087,3,9
40088,5,5
40089,8,9
40090,2,1
40091,0,9
40092,8,9
40093,6,7
40094,4,8
40095,2,1
40096,2,1
40097,1,0
40098,1,6
40099,0,2
40100,3,5
40101,1,0
40102,9,3
40103,0,2
40104,3,9
40105,6,7
40106,8,9
40107,2,1
40108,0,2
40109,3,9
40110,8,9
40111,8,9
40112,4,0
40113,9,4
40114,7,3
40115,0,2
40116,4,8
40117,7,4
40118,7,3
40119,2,1
40120,2,1
40121,3,9
40122,0,2
40123,4,4
40124,6,7
40125,5,9
40126,9,4
40127,5,9
40128,9,8
40129,2,1
40130,4,3
40131,8,9
40132,1,0
40133,5,9
40134,8,5
40135,4,4
40136,9,8
40137,6,7
40138,8,9
40139,6,7
40140,1,0
40141,6,7
40142,1,6
40143,7,3
40144,5,5
40145,9,4
40146,8,5
40147,1,0
40148,1,0
40149,8,9
40150,0,2
40151,2,1
40152,2,1
40153,1,6
40154,5,9
40155,2,1
40156,4,8
40157,6,7
40158,8,5
40159,5,9
40160,2,1
40161,3,9
40162,0,2
40163,4,4
40164,4,8
40165,7,4
40166,3,5
40167,9,4
40168,4,8
40169,4,7
40170,7,8
40171,0,9
40172,5,5
40173,0,2
40174,9,8
40175,5,9
40176,6,7
40177,9,4
40178,1,0
40179,0,2
40180,0,2
40181,1,6
40182,5,9
40183,2,1
40184,3,9
40185,3,5
40186,7,8
40187,4,4
40188,0,2
40189,5,9
40190,1,0
40191,6,1
40192,8,9
40193,7,3
40194,5,9
40195,8,9
40196,1,0
40197,9,4
40198,2,5
40199,0,2
40200,0,2
40201,1,6
40202,3,3
40203,2,1
40204,7,3
40205,3,9
40206,2,1
40207,5,5
40208,0,2
40209,6,7
40210,1,0
40211,7,4
40212,2,1
40213,8,9
40214,7,3
40215,9,4
40216,7,4
40217,0,9
40218,0,2
40219,1,6
40220,1,6
40221,2,9
40222,7,4
40223,3,9
40224,4,8
40225,4,4
40226,4,3
40227,5,5
40228,0,2
40229,6,7
40230,6,1
40231,7,4
40232,7,3
40233,8,9
40234,4,8
40235,9,4
40236,4,8
40237,0,2
40238,4,3
40239,7,4
40240,0,9
40241,0,9
40242,7,3
40243,7,4
40244,6,7
40245,8,9
40246,0,2
40247,3,9
40248,1,0
40249,0,2
40250,9,3
40251,0,2
40252,8,5
40253,5,9
40254,3,5
40255,5,9
40256,3,5
40257,3,9
40258,5,5
40259,8,9
40260,0,2
40261,8,9
40262,0,2
40263,1,6
40264,9,5
40265,8,9
40266,0,2
40267,4,9
40268,5,5
40269,9,4
40270,9,8
40271,6,7
40272,2,1
40273,1,6
40274,8,5
40275,8,4
40276,1,0
40277,0,2
40278,6,7
40279,2,1
40280,0,7
40281,3,9
40282,6,7
40283,9,4
40284,0,2
40285,4,4
40286,0,2
40287,1,6
40288,4,0
40289,2,1
40290,5,5
40291,5,9
40292,9,4
40293,9,4
40294,1,0
40295,8,9
40296,8,5
40297,9,4
40298,3,0
40299,4,7
40300,9,3
40301,3,5
40302,9,8
40303,0,2
40304,6,9
40305,3,9
40306,8,5
40307,3,5
40308,7,3
40309,4,4
40310,1,0
40311,7,4
40312,0,2
40313,0,2
40314,1,0
40315,1,6
40316,4,3
40317,9,4
40318,2,1
40319,1,6
40320,0,2
40321,2,1
40322,0,2
40323,7,4
40324,8,9
40325,9,3
40326,5,9
40327,1,6
40328,9,8
40329,0,2
40330,9,3
40331,6,7
40332,6,7
40333,2,1
40334,4,8
40335,0,2
40336,0,2
40337,3,5
40338,7,3
40339,8,9
40340,0,2
40341,9,4
40342,6,7
40343,4,9
40344,7,3
40345,2,1
40346,5,5
40347,5,2
40348,1,0
40349,6,7
40350,5,9
40351,6,7
40352,1,0
40353,5,5
40354,4,8
40355,6,7
40356,6,7
40357,7,4
40358,7,0
40359,1,6
40360,2,5
40361,4,4
40362,1,6
40363,4,4
40364,8,9
40365,2,1
40366,2,1
40367,6,7
40368,7,3
40369,2,1
40370,7,3
40371,9,4
40372,9,3
40373,1,6
40374,3,5
40375,3,5
40376,2,1
40377,1,6
40378,7,1
40379,4,4
40380,1,0
40381,8,9
40382,3,3
40383,6,7
40384,3,5
40385,3,9
40386,7,8
40387,7,4
40388,2,5
40389,0,2
40390,0,2
40391,9,4
40392,4,0
40393,5,7
40394,6,1
40395,6,7
40396,0,2
40397,7,4
40398,8,9
40399,1,6
40400,0,2
40401,3,5
40402,4,3
40403,8,9
40404,3,5
40405,2,1
40406,7,4
40407,6,6
40408,8,9
40409,2,9
40410,8,5
40411,6,7
40412,0,2
40413,2,1
40414,0,2
40415,7,4
40416,2,1
40417,8,9
40418,0,2
40419,7,4
40420,2,1
40421,0,2
40422,5,5
40423,1,6
40424,4,3
40425,2,1
40426,4,8
40427,3,9
40428,0,2
40429,4,4
40430,7,4
40431,5,9
40432,5,9
40433,6,7
40434,5,9
40435,7,4
40436,7,3
40437,8,9
40438,1,0
40439,9,4
40440,9,3
40441,0,2
40442,7,4
40443,1,6
40444,4,4
40445,2,1
40446,9,8
40447,3,5
40448,9,3
40449,4,4
40450,4,8
40451,7,4
40452,3,5
40453,8,9
40454,0,9
40455,9,3
40456,0,8
40457,0,2
40458,9,8
40459,1,6
40460,4,8
40461,2,1
40462,3,5
40463,3,9
40464,1,0
40465,7,4
40466,8,7
40467,8,9
40468,1,0
40469,9,4
40470,7,3
40471,0,2
40472,8,9
40473,5,9
40474,5,5
40475,6,7
40476,7,4
40477,9,4
40478,5,8
40479,0,2
40480,3,6
40481,3,1
40482,1,6
40483,3,2
40484,6,7
40485,9,4
40486,0,2
40487,9,4
40488,8,9
40489,5,9
40490,3,5
40491,6,7
40492,6,1
40493,4,4
40494,0,9
40495,4,4
40496,4,8
40497,2,1
40498,2,1
40499,9,4
40500,7,3
40501,6,9
40502,3,5
40503,8,9
40504,1,6
40505,7,4
40506,7,4
40507,9,4
40508,9,4
40509,1,6
40510,7,3
40511,5,9
40512,7,4
40513,2,1
40514,6,7
40515,6,7
40516,1,0
40517,3,5
40518,5,9
40519,4,8
40520,3,5
40521,0,2
40522,9,8
40523,4,4
40524,7,4
40525,1,6
40526,6,7
40527,6,7
40528,9,8
40529,4,3
40530,2,8
40531,9,4
40532,3,5
40533,6,7
40534,5,5
40535,5,9
40536,2,1
40537,1,6
40538,6,7
40539,2,1
40540,3,5
40541,6,7
40542,2,1
40543,6,7
40544,0,2
40545,7,4
40546,5,5
40547,8,9
40548,4,3
40549,8,9
40550,3,5
40551,1,6
40552,4,8
40553,8,9
40554,6,7
40555,3,9
40556,2,1
40557,7,4
40558,8,9
40559,7,4
40560,6,1
40561,1,6
40562,2,5
40563,0,2
40564,6,7
40565,0,2
40566,2,1
40567,5,9
40568,1,6
40569,2,1
40570,3,5
40571,8,9
40572,3,5
40573,4,4
40574,3,5
40575,3,9
40576,4,7
40577,1,6
40578,3,5
40579,8,9
40580,2,1
40581,2,1
40582,0,7
40583,9,4
40584,9,8
40585,9,4
40586,0,2
40587,5,9
40588,3,5
40589,2,1
40590,7,0
40591,6,9
40592,2,5
40593,4,4
40594,6,7
40595,8,9
40596,6,7
40597,2,1
40598,2,1
40599,5,9
40600,4,8
40601,4,4
40602,4,8
40603,7,4
40604,1,6
40605,1,6
40606,4,8
40607,2,1
40608,9,3
40609,6,7
40610,1,6
40611,0,2
40612,0,2
40613,0,2
40614,2,1
40615,1,0
40616,6,1
40617,2,1
40618,3,5
40619,3,5
40620,3,5
40621,4,8
40622,2,1
40623,5,9
40624,5,9
40625,6,7
40626,8,5
40627,7,3
40628,9,3
40629,8,9
40630,0,2
40631,9,4
40632,2,6
40633,0,2
40634,9,4
40635,1,6
40636,3,7
40637,2,1
40638,7,3
40639,3,5
40640,5,5
40641,6,7
40642,6,1
40643,7,4
40644,1,1
40645,8,9
40646,8,8
40647,9,4
40648,0,2
40649,0,2
40650,6,7
40651,1,6
40652,8,5
40653,2,8
40654,5,8
40655,3,5
40656,9,3
40657,4,4
40658,1,0
40659,5,9
40660,4,0
40661,6,7
40662,3,5
40663,7,3
40664,1,1
40665,8,9
40666,9,3
40667,9,4
40668,7,3
40669,5,5
40670,9,8
40671,4,1
40672,4,8
40673,8,9
40674,5,5
40675,7,4
40676,6,9
40677,4,1
40678,5,8
40679,7,4
40680,4,8
40681,7,4
40682,1,0
40683,3,5
40684,7,8
40685,9,3
40686,2,1
40687,8,9
40688,5,5
40689,8,9
40690,0,2
40691,3,7
40692,1,0
40693,1,6
40694,1,0
40695,5,9
40696,1,6
40697,8,9
40698,8,5
40699,2,1
40700,7,3
40701,7,3
40702,4,4
40703,4,4
40704,5,8
40705,2,1
40706,8,9
40707,6,9
40708,8,5
40709,4,8
40710,7,3
40711,5,9
40712,7,8
40713,5,9
40714,1,0
40715,8,9
40716,1,6
40717,6,7
40718,2,5
40719,4,8
40720,3,8
40721,4,8
40722,3,5
40723,4,1
40724,1,0
40725,1,6
40726,8,5
40727,8,9
40728,7,3
40729,7,3
40730,7,3
40731,5,9
40732,0,2
40733,5,9
40734,3,5
40735,1,6
40736,5,5
40737,8,9
40738,5,5
40739,3,5
40740,2,1
40741,6,7
40742,7,4
40743,3,5
40744,1,0
40745,3,5
40746,0,9
40747,2,1
40748,5,5
40749,2,1
40750,8,5
40751,6,7
40752,3,5
40753,9,4
40754,6,7
40755,9,4
40756,5,9
40757,6,7
40758,8,9
40759,5,9
40760,0,2
40761,5,9
40762,9,8
40763,3,9
40764,9,8
40765,3,5
40766,4,2
40767,8,9
40768,7,3
40769,1,6
40770,1,0
40771,6,7
40772,9,8
40773,5,9
40774,7,3
40775,6,9
40776,5,9
40777,8,9
40778,0,2
40779,1,6
40780,0,2
40781,9,3
40782,2,5
40783,7,4
40784,7,3
40785,6,7
40786,9,8
40787,8,9
40788,2,5
40789,3,5
40790,1,0
40791,7,3
40792,8,5
40793,4,1
40794,7,3
40795,7,4
40796,1,0
40797,0,2
40798,6,7
40799,9,4
40800,9,3
40801,0,2
40802,1,0
40803,0,2
40804,9,3
40805,3,7
40806,4,8
40807,7,4
40808,8,9
40809,9,3
40810,7,4
40811,3,5
40812,2,1
40813,0,2
40814,8,5
40815,2,1
40816,2,5
40817,0,2
40818,3,5
40819,1,6
40820,0,2
40821,0,2
40822,7,4
40823,1,6
40824,5,5
40825,0,9
40826,1,0
40827,4,4
40828,6,8
40829,0,9
40830,3,5
40831,1,6
40832,2,1
40833,0,2
40834,4,8
40835,4,3
40836,3,5
40837,7,4
40838,7,3
40839,9,4
40840,5,5
40841,2,1
40842,4,8
40843,0,2
40844,0,2
40845,6,7
40846,4,8
40847,2,1
40848,1,0
40849,6,7
40850,0,2
40851,2,1
40852,8,5
40853,2,1
40854,9,4
40855,9,4
40856,8,7
40857,9,4
40858,3,5
40859,0,2
40860,1,0
40861,1,0
40862,6,7
40863,2,1
40864,1,0
40865,3,5
40866,3,5
40867,4,8
40868,5,5
40869,5,5
40870,2,1
40871,6,7
40872,7,3
40873,7,3
40874,6,7
40875,8,5
40876,9,8
40877,0,2
40878,1,6
40879,1,0
40880,1,6
40881,2,1
40882,8,0
40883,3,5
40884,1,0
40885,4,8
40886,2,0
40887,5,5
40888,0,2
40889,6,7
40890,9,3
40891,7,0
40892,3,3
40893,8,5
40894,6,9
40895,0,2
40896,1,6
40897,1,0
40898,3,5
40899,2,1
40900,2,1
40901,3,5
40902,5,9
40903,4,3
40904,3,9
40905,5,2
40906,7,3
40907,6,7
40908,1,6
40909,1,0
40910,4,8
40911,7,3
40912,4,3
40913,4,3
40914,3,5
40915,0,2
40916,7,3
40917,6,8
40918,1,0
40919,4,3
40920,5,5
40921,1,0
40922,0,2
40923,4,3
40924,1,6
40925,3,5
40926,3,5
40927,6,7
40928,8,9
40929,2,1
40930,5,4
40931,3,5
40932,3,5
40933,4,8
40934,4,8
40935,8,9
40936,2,1
40937,7,8
40938,9,8
40939,8,5
40940,3,5
40941,6,7
40942,8,5
40943,9,3
40944,1,0
40945,8,9
40946,4,3
40947,3,5
40948,2,1
40949,2,1
40950,4,8
40951,2,1
40952,6,0
40953,8,5
40954,1,0
40955,4,3
40956,2,1
40957,8,5
40958,0,2
40959,5,5
40960,8,5
40961,6,7
40962,3,5
40963,5,5
40964,5,3
40965,0,2
40966,5,5
40967,2,1
40968,2,6
40969,0,2
40970,4,8
40971,1,0
40972,5,5
40973,1,0
40974,1,0
40975,2,1
40976,1,4
40977,9,8
40978,9,8
40979,6,1
40980,6,7
40981,8,1
40982,1,6
40983,1,0
40984,9,8
40985,2,1
40986,6,7
40987,1,0
40988,2,1
40989,0,2
40990,4,8
40991,6,7
40992,4,3
40993,5,5
40994,9,8
40995,2,1
40996,3,5
40997,9,3
40998,8,9
40999,1,0
41000,5,9
41001,5,5
41002,7,4
41003,3,7
41004,2,1
41005,9,3
41006,4,7
41007,3,5
41008,9,8
41009,7,3
41010,3,7
41011,1,0
41012,0,7
41013,8,5
41014,9,3
41015,3,5
41016,5,7
41017,8,5
41018,6,2
41019,1,0
41020,4,8
41021,9,3
41022,4,4
41023,5,5
41024,7,3
41025,5,5
41026,7,0
41027,0,2
41028,4,8
41029,1,0
41030,0,2
41031,1,0
41032,5,5
41033,9,3
41034,8,5
41035,8,6
41036,4,8
41037,2,1
41038,0,7
41039,6,7
41040,9,8
41041,0,2
41042,9,3
41043,4,3
41044,7,3
41045,5,9
41046,8,9
41047,6,7
41048,3,8
41049,5,5
41050,6,7
41051,0,2
41052,0,7
41053,3,5
41054,7,8
41055,1,0
41056,0,2
41057,8,9
41058,9,8
41059,6,7
41060,6,5
41061,7,4
41062,7,3
41063,5,5
41064,8,5
41065,9,8
41066,4,4
41067,3,5
41068,4,3
41069,0,2
41070,9,8
41071,3,5
41072,5,2
41073,1,0
41074,2,5
41075,4,8
41076,1,6
41077,0,2
41078,8,8
41079,4,0
41080,2,1
41081,9,3
41082,2,1
41083,7,3
41084,9,4
41085,3,5
41086,6,7
41087,2,1
41088,7,3
41089,6,7
41090,1,0
41091,5,5
41092,8,5
41093,4,8
41094,5,6
41095,7,8
41096,4,8
41097,9,3
41098,4,4
41099,7,3
41100,0,2
41101,0,2
41102,9,3
41103,1,6
41104,1,0
41105,2,1
41106,8,3
41107,3,5
41108,0,7
41109,4,8
41110,3,5
41111,6,7
41112,2,1
41113,7,3
41114,9,8
41115,8,9
41116,9,8
41117,0,2
41118,8,5
41119,1,6
41120,4,8
41121,2,1
41122,0,5
41123,3,2
41124,8,5
41125,4,9
41126,0,2
41127,5,9
41128,9,3
41129,6,7
41130,8,5
41131,7,4
41132,8,5
41133,8,9
41134,6,0
41135,9,4
41136,3,5
41137,0,2
41138,0,2
41139,1,6
41140,5,5
41141,2,1
41142,6,1
41143,3,9
41144,5,5
41145,4,4
41146,1,0
41147,5,9
41148,7,3
41149,6,7
41150,1,0
41151,7,4
41152,5,5
41153,8,9
41154,8,9
41155,9,4
41156,0,2
41157,6,7
41158,0,2
41159,4,4
41160,6,7
41161,7,4
41162,9,3
41163,4,4
41164,7,3
41165,3,9
41166,4,8
41167,6,7
41168,7,4
41169,2,1
41170,6,7
41171,3,2
41172,6,7
41173,4,9
41174,7,4
41175,8,9
41176,7,3
41177,9,4
41178,9,8
41179,2,1
41180,8,3
41181,2,1
41182,2,1
41183,8,9
41184,7,3
41185,5,9
41186,5,5
41187,0,2
41188,6,7
41189,2,1
41190,6,7
41191,0,2
41192,4,3
41193,1,6
41194,7,0
41195,1,6
41196,9,8
41197,2,1
41198,6,7
41199,9,4
41200,8,5
41201,6,7
41202,5,9
41203,8,9
41204,2,1
41205,1,6
41206,4,8
41207,2,1
41208,5,5
41209,1,6
41210,1,0
41211,0,2
41212,3,5
41213,6,7
41214,6,7
41215,5,9
41216,2,1
41217,2,1
41218,8,0
41219,9,4
41220,4,8
41221,7,4
41222,1,0
41223,5,9
41224,7,3
41225,3,9
41226,1,0
41227,9,3
41228,0,2
41229,3,9
41230,5,5
41231,8,9
41232,7,8
41233,3,9
41234,2,5
41235,8,9
41236,7,3
41237,1,6
41238,1,6
41239,9,4
41240,7,3
41241,5,6
41242,6,7
41243,5,9
41244,7,8
41245,0,2
41246,6,7
41247,1,6
41248,1,0
41249,1,6
41250,7,3
41251,9,4
41252,0,2
41253,8,9
41254,9,5
41255,2,1
41256,2,1
41257,6,7
41258,5,4
41259,0,2
41260,2,1
41261,6,7
41262,6,7
41263,5,9
41264,2,1
41265,0,2
41266,1,1
41267,3,9
41268,6,9
41269,1,6
41270,9,5
41271,8,9
41272,6,7
41273,6,7
41274,9,8
41275,7,4
41276,2,3
41277,5,9
41278,5,9
41279,9,4
41280,7,8
41281,9,3
41282,1,0
41283,3,9
41284,2,3
41285,0,2
41286,0,2
41287,3,9
41288,0,2
41289,1,6
41290,2,1
41291,0,9
41292,2,1
41293,4,9
41294,2,1
41295,9,8
41296,0,2
41297,7,4
41298,4,8
41299,3,9
41300,7,3
41301,2,1
41302,9,4
41303,6,7
41304,8,9
41305,5,9
41306,9,4
41307,4,1
41308,6,7
41309,7,4
41310,7,8
41311,9,4
41312,5,5
41313,7,4
41314,5,5
41315,0,2
41316,6,7
41317,3,9
41318,0,9
41319,4,9
41320,0,2
41321,5,9
41322,5,5
41323,6,9
41324,7,6
41325,7,4
41326,9,8
41327,8,9
41328,7,4
41329,9,4
41330,2,1
41331,0,2
41332,1,0
41333,1,6
41334,9,5
41335,2,1
41336,7,8
41337,3,9
41338,0,2
41339,7,4
41340,2,1
41341,0,9
41342,4,8
41343,3,9
41344,6,7
41345,7,4
41346,6,7
41347,8,9
41348,2,5
41349,9,8
41350,0,2
41351,6,7
41352,0,2
41353,0,9
41354,4,8
41355,4,4
41356,3,5
41357,0,9
41358,0,2
41359,8,9
41360,1,0
41361,6,9
41362,7,3
41363,8,9
41364,9,4
41365,7,4
41366,2,1
41367,7,4
41368,0,2
41369,9,9
41370,5,5
41371,0,9
41372,1,6
41373,4,9
41374,0,2
41375,9,4
41376,0,2
41377,9,9
41378,3,5
41379,7,4
41380,6,9
41381,4,4
41382,2,1
41383,0,9
41384,0,2
41385,3,9
41386,1,0
41387,5,9
41388,0,2
41389,5,9
41390,5,9
41391,3,9
41392,1,0
41393,8,9
41394,8,5
41395,9,4
41396,8,8
41397,2,1
41398,2,1
41399,2,1
41400,6,7
41401,0,2
41402,5,5
41403,9,9
41404,3,5
41405,7,4
41406,0,2
41407,3,5
41408,6,7
41409,1,6
41410,6,1
41411,3,5
41412,0,2
41413,6,7
41414,7,1
41415,6,7
41416,8,5
41417,2,1
41418,1,6
41419,1,6
41420,2,1
41421,2,1
41422,9,8
41423,6,7
41424,1,0
41425,0,2
41426,4,1
41427,2,1
41428,3,5
41429,2,1
41430,6,7
41431,8,9
41432,0,2
41433,9,4
41434,9,5
41435,5,1
41436,3,5
41437,1,6
41438,2,0
41439,6,9
41440,4,3
41441,8,9
41442,6,7
41443,0,2
41444,4,3
41445,0,2
41446,1,6
41447,0,9
41448,7,3
41449,1,6
41450,7,4
41451,2,1
41452,6,7
41453,3,1
41454,1,0
41455,4,9
41456,4,7
41457,5,9
41458,2,1
41459,6,7
41460,2,1
41461,7,4
41462,5,9
41463,8,9
41464,8,5
41465,0,2
41466,2,1
41467,1,6
41468,8,5
41469,2,1
41470,7,3
41471,3,9
41472,7,4
41473,4,4
41474,1,0
41475,5,9
41476,3,5
41477,6,7
41478,2,1
41479,7,4
41480,9,8
41481,8,9
41482,4,3
41483,9,4
41484,2,1
41485,0,2
41486,5,9
41487,1,1
41488,6,7
41489,2,1
41490,0,2
41491,3,9
41492,1,6
41493,7,4
41494,3,3
41495,8,9
41496,7,3
41497,9,4
41498,5,5
41499,4,4
41500,6,7
41501,9,4
41502,9,3
41503,9,4
41504,8,5
41505,8,9
41506,0,2
41507,3,1
41508,6,7
41509,5,9
41510,9,8
41511,4,4
41512,2,1
41513,3,9
41514,1,0
41515,3,9
41516,2,5
41517,6,7
41518,1,0
41519,6,7
41520,7,8
41521,5,9
41522,5,3
41523,5,9
41524,1,0
41525,1,6
41526,1,0
41527,7,4
41528,4,8
41529,8,9
41530,7,3
41531,4,8
41532,7,4
41533,5,9
41534,0,9
41535,7,4
41536,1,0
41537,3,1
41538,6,5
41539,5,9
41540,2,0
41541,2,1
41542,1,0
41543,3,5
41544,8,5
41545,6,9
41546,6,7
41547,6,7
41548,5,5
41549,7,4
41550,8,9
41551,7,4
41552,3,5
41553,0,9
41554,1,0
41555,1,6
41556,0,2
41557,0,2
41558,7,3
41559,1,6
41560,8,9
41561,6,7
41562,9,4
41563,9,4
41564,8,9
41565,3,9
41566,5,9
41567,1,9
41568,4,4
41569,4,4
41570,0,2
41571,7,4
41572,6,1
41573,3,9
41574,4,3
41575,8,9
41576,4,4
41577,6,9
41578,8,5
41579,2,1
41580,4,8
41581,2,1
41582,5,5
41583,9,4
41584,7,3
41585,1,6
41586,6,7
41587,5,9
41588,0,2
41589,9,4
41590,3,5
41591,1,6
41592,8,9
41593,2,1
41594,9,8
41595,2,1
41596,1,0
41597,7,4
41598,8,5
41599,9,4
41600,1,0
41601,7,4
41602,5,8
41603,9,4
41604,7,8
41605,9,4
41606,0,2
41607,1,6
41608,3,5
41609,0,2
41610,5,9
41611,8,9
41612,0,5
41613,9,4
41614,0,5
41615,7,4
41616,0,7
41617,0,2
41618,5,7
41619,3,9
41620,0,2
41621,8,9
41622,8,4
41623,1,6
41624,3,5
41625,4,4
41626,4,7
41627,0,2
41628,5,9
41629,3,9
41630,7,4
41631,6,7
41632,3,5
41633,2,1
41634,0,2
41635,0,9
41636,6,7
41637,1,9
41638,1,0
41639,3,1
41640,1,0
41641,1,6
41642,6,7
41643,0,2
41644,9,8
41645,9,3
41646,0,2
41647,0,2
41648,4,8
41649,1,6
41650,7,3
41651,2,1
41652,8,9
41653,3,9
41654,6,7
41655,4,8
41656,7,3
41657,5,5
41658,1,0
41659,6,7
41660,7,4
41661,7,4
41662,2,1
41663,8,9
41664,4,4
41665,9,3
41666,6,7
41667,0,2
41668,2,1
41669,1,6
41670,5,5
41671,4,3
41672,2,1
41673,5,5
41674,5,5
41675,6,7
41676,6,7
41677,7,4
41678,4,8
41679,8,9
41680,4,8
41681,9,3
41682,5,5
41683,0,2
41684,9,3
41685,1,6
41686,4,8
41687,2,1
41688,6,5
41689,3,9
41690,6,7
41691,4,4
41692,7,3
41693,5,5
41694,1,0
41695,6,7
41696,0,2
41697,7,4
41698,7,3
41699,8,9
41700,7,3
41701,9,4
41702,2,1
41703,6,7
41704,3,3
41705,8,9
41706,9,3
41707,7,4
41708,2,1
41709,8,9
41710,2,1
41711,6,7
41712,8,9
41713,0,2
41714,4,4
41715,1,6
41716,4,8
41717,7,4
41718,8,5
41719,5,5
41720,3,5
41721,2,1
41722,4,7
41723,1,6
41724,4,8
41725,7,4
41726,6,7
41727,3,9
41728,1,0
41729,0,2
41730,2,1
41731,5,5
41732,1,6
41733,1,6
41734,9,3
41735,6,7
41736,6,7
41737,5,5
41738,9,8
41739,1,6
41740,3,5
41741,2,1
41742,3,3
41743,0,2
41744,1,3
41745,2,1
41746,6,7
41747,3,5
41748,1,0
41749,4,8
41750,1,0
41751,8,9
41752,5,9
41753,3,9
41754,5,9
41755,3,5
41756,0,9
41757,6,7
41758,8,9
41759,5,5
41760,7,3
41761,9,3
41762,7,3
41763,9,3
41764,8,5
41765,3,5
41766,2,1
41767,3,5
41768,9,8
41769,7,4
41770,0,3
41771,9,3
41772,5,9
41773,3,9
41774,4,7
41775,4,4
41776,3,5
41777,1,6
41778,6,7
41779,7,1
41780,4,8
41781,3,3
41782,6,7
41783,9,4
41784,1,0
41785,6,7
41786,5,9
41787,9,4
41788,7,0
41789,0,2
41790,6,9
41791,9,4
41792,9,8
41793,6,7
41794,2,1
41795,0,2
41796,4,8
41797,6,7
41798,5,9
41799,1,6
41800,6,7
41801,8,5
41802,2,7
41803,5,5
41804,4,8
41805,1,6
41806,0,2
41807,0,2
41808,5,9
41809,1,6
41810,0,2
41811,0,2
41812,1,0
41813,9,4
41814,6,7
41815,5,5
41816,1,5
41817,9,3
41818,4,3
41819,0,2
41820,3,5
41821,2,1
41822,3,5
41823,1,0
41824,1,0
41825,4,4
41826,1,0
41827,9,4
41828,6,7
41829,6,7
41830,2,1
41831,8,5
41832,2,4
41833,9,3
41834,3,5
41835,2,1
41836,1,0
41837,0,2
41838,4,8
41839,1,6
41840,9,8
41841,2,1
41842,6,7
41843,3,5
41844,7,3
41845,4,4
41846,4,8
41847,5,9
41848,6,7
41849,6,7
41850,3,9
41851,7,4
41852,1,0
41853,8,9
41854,7,4
41855,9,4
41856,0,2
41857,0,2
41858,1,0
41859,1,6
41860,2,6
41861,2,1
41862,1,6
41863,3,5
41864,4,8
41865,4,4
41866,8,9
41867,5,9
41868,5,5
41869,6,7
41870,4,3
41871,7,4
41872,7,3
41873,8,9
41874,6,7
41875,9,3
41876,6,7
41877,0,9
41878,2,1
41879,1,6
41880,0,2
41881,2,1
41882,8,5
41883,3,5
41884,1,0
41885,4,4
41886,4,8
41887,5,9
41888,1,0
41889,6,7
41890,6,1
41891,7,4
41892,7,3
41893,8,9
41894,1,6
41895,9,4
41896,0,2
41897,1,6
41898,1,0
41899,6,7
41900,2,8
41901,8,9
41902,3,5
41903,9,3
41904,5,7
41905,9,3
41906,4,3
41907,0,2
41908,1,0
41909,1,6
41910,7,3
41911,2,1
41912,6,1
41913,4,6
41914,1,0
41915,4,4
41916,2,1
41917,3,9
41918,9,8
41919,7,4
41920,7,3
41921,4,4
41922,0,5
41923,4,4
41924,9,1
41925,4,4
41926,5,5
41927,0,2
41928,7,3
41929,3,9
41930,4,8
41931,8,9
41932,9,4
41933,5,9
41934,5,5
41935,8,9
41936,2,1
41937,2,1
41938,5,9
41939,1,6
41940,6,7
41941,7,4
41942,9,8
41943,3,9
41944,1,0
41945,5,9
41946,2,1
41947,8,9
41948,9,3
41949,5,9
41950,4,5
41951,5,9
41952,8,5
41953,9,4
41954,1,0
41955,2,1
41956,1,6
41957,5,9
41958,7,3
41959,1,1
41960,3,1
41961,1,6
41962,9,8
41963,6,7
41964,4,3
41965,2,2
41966,2,5
41967,1,6
41968,3,1
41969,3,9
41970,5,5
41971,1,0
41972,7,3
41973,8,9
41974,6,7
41975,6,7
41976,6,7
41977,4,4
41978,3,5
41979,9,3
41980,5,9
41981,4,4
41982,9,8
41983,9,4
41984,2,9
41985,2,1
41986,1,0
41987,0,2
41988,6,7
41989,0,9
41990,4,8
41991,4,4
41992,8,5
41993,4,4
41994,3,5
41995,6,7
41996,8,5
41997,2,1
41998,7,1
41999,0,2
42000,1,0
42001,2,1
42002,1,0
42003,8,9
42004,7,6
42005,0,2
42006,8,9
42007,6,7
42008,0,9
42009,8,9
42010,0,2
42011,7,3
42012,2,1
42013,9,4
42014,2,1
42015,1,6
42016,7,8
42017,9,3
42018,4,3
42019,2,1
42020,9,2
42021,6,7
42022,6,7
42023,7,4
42024,3,3
42025,6,7
42026,1,0
42027,6,7
42028,1,0
42029,8,1
42030,7,3
42031,7,4
42032,4,3
42033,4,8
42034,8,5
42035,9,4
42036,7,8
42037,2,2
42038,0,2
42039,1,6
42040,1,6
42041,3,5
42042,4,8
42043,3,5
42044,1,0
42045,0,2
42046,5,5
42047,5,9
42048,9,3
42049,5,9
42050,2,1
42051,8,4
42052,9,8
42053,0,2
42054,3,5
42055,3,5
42056,3,5
42057,7,3
42058,1,0
42059,9,4
42060,8,9
42061,7,4
42062,7,3
42063,0,2
42064,7,3
42065,2,1
42066,6,7
42067,7,4
42068,2,1
42069,9,3
42070,3,1
42071,1,6
42072,6,7
42073,3,9
42074,0,2
42075,6,7
42076,8,5
42077,7,4
42078,4,8
42079,8,9
42080,6,7
42081,0,2
42082,3,5
42083,3,5
42084,0,2
42085,5,9
42086,9,0
42087,3,5
42088,3,3
42089,6,7
42090,9,8
42091,0,9
42092,2,1
42093,1,6
42094,7,3
42095,2,1
42096,8,5
42097,3,9
42098,1,6
42099,4,3
42100,0,2
42101,5,9
42102,1,6
42103,6,7
42104,8,0
42105,7,4
42106,9,8
42107,8,9
42108,5,8
42109,9,3
42110,5,5
42111,0,2
42112,8,4
42113,1,6
42114,3,0
42115,2,9
42116,4,8
42117,3,9
42118,9,3
42119,4,3
42120,3,5
42121,5,9
42122,5,5
42123,6,7
42124,9,8
42125,7,4
42126,2,1
42127,8,9
42128,4,3
42129,9,3
42130,8,9
42131,0,9
42132,1,0
42133,1,6
42134,7,3
42135,2,1
42136,0,2
42137,3,9
42138,2,1
42139,4,4
42140,3,5
42141,5,9
42142,2,6
42143,6,7
42144,9,3
42145,7,4
42146,7,3
42147,8,9
42148,7,3
42149,9,4
42150,3,9
42151,6,7
42152,9,8
42153,0,9
42154,6,8
42155,8,9
42156,1,0
42157,0,9
42158,2,5
42159,2,1
42160,6,7
42161,3,9
42162,6,7
42163,7,4
42164,7,3
42165,9,4
42166,6,7
42167,4,4
42168,2,1
42169,7,4
42170,0,2
42171,1,6
42172,6,7
42173,9,4
42174,6,7
42175,1,6
42176,1,0
42177,7,4
42178,3,5
42179,1,6
42180,0,9
42181,4,4
42182,1,0
42183,0,9
42184,1,0
42185,0,9
42186,3,5
42187,4,3
42188,2,7
42189,1,6
42190,6,1
42191,7,4
42192,9,3
42193,5,9
42194,1,6
42195,7,4
42196,8,9
42197,1,6
42198,4,8
42199,3,9
42200,7,8
42201,3,9
42202,7,4
42203,3,1
42204,7,4
42205,1,6
42206,2,7
42207,6,7
42208,8,5
42209,9,4
42210,3,5
42211,7,4
42212,3,5
42213,4,4
42214,9,3
42215,3,9
42216,4,8
42217,0,9
42218,8,9
42219,2,1
42220,3,8
42221,5,9
42222,9,3
42223,2,1
42224,0,2
42225,6,7
42226,8,5
42227,0,9
42228,9,8
42229,8,9
42230,0,2
42231,9,4
42232,5,3
42233,4,4
42234,6,7
42235,3,9
42236,4,8
42237,5,9
42238,8,5
42239,4,4
42240,2,1
42241,8,9
42242,1,0
42243,1,6
42244,5,5
42245,0,9
42246,9,8
42247,6,7
42248,3,5
42249,4,4
42250,0,2
42251,3,9
42252,5,9
42253,6,9
42254,3,1
42255,3,9
42256,6,7
42257,3,9
42258,9,4
42259,8,9
42260,1,0
42261,1,6
42262,0,2
42263,4,4
42264,3,9
42265,7,4
42266,8,9
42267,5,1
42268,1,0
42269,7,4
42270,0,2
42271,2,9
42272,4,8
42273,2,1
42274,5,7
42275,0,9
42276,1,0
42277,0,2
42278,2,1
42279,1,6
42280,2,0
42281,7,4
42282,7,3
42283,7,4
42284,3,5
42285,9,4
42286,4,3
42287,5,9
42288,1,6
42289,9,4
42290,7,3
42291,8,9
42292,7,6
42293,9,4
42294,0,2
42295,6,7
42296,7,8
42297,8,9
42298,9,8
42299,8,9
42300,4,8
42301,2,1
42302,4,8
42303,3,1
42304,4,8
42305,6,7
42306,9,3
42307,1,6
42308,2,1
42309,2,7
42310,2,1
42311,9,4
42312,5,5
42313,8,9
42314,8,6
42315,9,4
42316,1,5
42317,5,1
42318,9,3
42319,2,1
42320,7,4
42321,5,9
42322,5,5
42323,2,1
42324,0,2
42325,6,7
42326,1,0
42327,2,1
42328,2,1
42329,4,4
42330,4,8
42331,8,9
42332,1,0
42333,4,4
42334,5,9
42335,6,7
42336,2,3
42337,5,8
42338,5,9
42339,1,0
42340,6,8
42341,2,5
42342,0,2
42343,3,3
42344,9,8
42345,4,8
42346,4,8
42347,8,5
42348,1,0
42349,0,2
42350,6,7
42351,1,0
42352,7,3
42353,2,7
42354,7,2
42355,3,8
42356,9,8
42357,4,8
42358,0,2
42359,5,5
42360,9,8
42361,6,8
42362,0,2
42363,7,8
42364,8,9
42365,8,5
42366,2,5
42367,9,8
42368,7,2
42369,0,2
42370,6,7
42371,1,0
42372,5,3
42373,2,5
42374,0,2
42375,3,5
42376,9,4
42377,4,8
42378,7,3
42379,5,5
42380,1,0
42381,6,7
42382,4,3
42383,8,5
42384,8,3
42385,9,8
42386,6,7
42387,5,5
42388,8,5
42389,0,2
42390,5,3
42391,3,5
42392,5,5
42393,1,0
42394,2,1
42395,6,7
42396,6,7
42397,8,5
42398,3,5
42399,4,8
42400,9,8
42401,1,0
42402,0,2
42403,7,8
42404,1,0
42405,6,1
42406,1,0
42407,5,9
42408,8,5
42409,6,1
42410,7,3
42411,4,8
42412,1,0
42413,2,1
42414,5,9
42415,7,8
42416,7,0
42417,8,5
42418,7,3
42419,3,5
42420,6,7
42421,4,8
42422,1,0
42423,3,5
42424,1,0
42425,4,8
42426,9,8
42427,7,8
42428,5,2
42429,2,4
42430,7,3
42431,5,9
42432,3,5
42433,0,2
42434,3,3
42435,1,0
42436,5,8
42437,9,8
42438,9,5
42439,2,7
42440,1,6
42441,3,5
42442,8,5
42443,2,1
42444,0,9
42445,3,5
42446,0,2
42447,5,5
42448,0,2
42449,5,5
42450,6,7
42451,7,4
42452,6,7
42453,8,5
42454,2,1
42455,4,3
42456,0,2
42457,9,8
42458,9,3
42459,9,8
42460,1,0
42461,7,8
42462,1,0
42463,1,0
42464,4,8
42465,9,8
42466,7,1
42467,8,5
42468,7,4
42469,3,5
42470,8,9
42471,4,8
42472,2,5
42473,8,5
42474,2,1
42475,6,7
42476,3,5
42477,3,8
42478,8,8
42479,8,5
42480,5,5
42481,6,1
42482,9,8
42483,0,2
42484,4,8
42485,1,0
42486,1,0
42487,0,5
42488,0,2
42489,6,7
42490,6,7
42491,2,7
42492,9,8
42493,3,5
42494,1,0
42495,8,5
42496,2,1
42497,9,8
42498,6,1
42499,0,2
42500,9,3
42501,7,8
42502,1,0
42503,2,8
42504,8,8
42505,3,5
42506,1,0
42507,4,3
42508,3,5
42509,5,5
42510,1,0
42511,5,5
42512,9,3
42513,2,7
42514,7,8
42515,8,8
42516,9,3
42517,5,5
42518,1,0
42519,4,3
42520,5,5
42521,6,7
42522,2,8
42523,6,7
42524,9,8
42525,6,7
42526,3,8
42527,7,8
42528,7,3
42529,9,8
42530,6,7
42531,1,6
42532,2,1
42533,8,5
42534,3,5
42535,2,1
42536,4,8
42537,1,0
42538,2,8
42539,2,1
42540,8,9
42541,6,1
42542,9,3
42543,5,8
42544,7,3
42545,3,5
42546,1,6
42547,4,8
42548,7,3
42549,7,8
42550,9,8
42551,9,8
42552,0,2
42553,4,8
42554,5,9
42555,5,9
42556,5,9
42557,9,8
42558,6,7
42559,0,2
42560,5,5
42561,1,6
42562,2,1
42563,2,1
42564,9,3
42565,3,5
42566,9,8
42567,4,4
42568,2,1
42569,5,5
42570,6,1
42571,6,7
42572,5,5
42573,7,4
42574,4,8
42575,8,9
42576,8,5
42577,9,3
42578,1,6
42579,0,2
42580,8,4
42581,1,6
42582,7,3
42583,2,1
42584,1,0
42585,3,5
42586,1,0
42587,4,4
42588,3,5
42589,5,9
42590,5,5
42591,6,7
42592,7,3
42593,7,4
42594,7,8
42595,8,9
42596,2,1
42597,9,3
42598,2,1
42599,0,2
42600,6,7
42601,1,6
42602,1,0
42603,2,1
42604,5,5
42605,3,5
42606,7,8
42607,4,4
42608,0,2
42609,5,9
42610,0,2
42611,6,7
42612,0,2
42613,7,4
42614,0,2
42615,8,9
42616,4,8
42617,8,9
42618,1,0
42619,7,3
42620,4,8
42621,7,4
42622,2,2
42623,0,2
42624,8,4
42625,1,6
42626,5,9
42627,3,5
42628,9,3
42629,7,3
42630,1,0
42631,5,9
42632,0,7
42633,2,1
42634,0,2
42635,8,9
42636,3,5
42637,0,2
42638,4,8
42639,7,4
42640,9,4
42641,5,9
42642,9,8
42643,9,4
42644,1,0
42645,9,4
42646,7,3
42647,6,7
42648,7,8
42649,0,2
42650,7,3
42651,9,3
42652,5,5
42653,4,4
42654,2,1
42655,1,6
42656,8,5
42657,1,6
42658,0,2
42659,5,9
42660,5,5
42661,8,9
42662,8,8
42663,5,9
42664,0,9
42665,8,9
42666,1,0
42667,6,7
42668,9,3
42669,3,5
42670,7,3
42671,2,1
42672,7,3
42673,1,6
42674,0,2
42675,2,1
42676,4,8
42677,3,5
42678,3,7
42679,8,9
42680,5,5
42681,3,5
42682,8,5
42683,2,1
42684,4,8
42685,6,7
42686,2,1
42687,5,9
42688,8,0
42689,6,7
42690,1,0
42691,8,5
42692,2,1
42693,2,1
42694,6,7
42695,7,4
42696,9,4
42697,4,4
42698,5,3
42699,8,1
42700,6,7
42701,1,6
42702,1,0
42703,0,7
42704,8,9
42705,5,9
42706,8,9
42707,3,5
42708,2,1
42709,9,3
42710,4,8
42711,4,4
42712,8,9
42713,1,6
42714,6,8
42715,9,4
42716,1,0
42717,2,1
42718,9,4
42719,1,6
42720,0,2
42721,9,3
42722,7,3
42723,6,7
42724,8,5
42725,7,4
42726,2,1
42727,9,4
42728,9,8
42729,6,7
42730,6,1
42731,1,6
42732,0,2
42733,7,3
42734,2,5
42735,3,5
42736,8,5
42737,8,5
42738,9,3
42739,7,3
42740,1,0
42741,2,1
42742,4,3
42743,9,4
42744,0,2
42745,6,7
42746,2,8
42747,5,9
42748,7,3
42749,8,9
42750,4,3
42751,7,4
42752,0,2
42753,5,9
42754,2,1
42755,3,5
42756,5,5
42757,9,4
42758,3,9
42759,0,2
42760,5,5
42761,5,9
42762,5,5
42763,7,4
42764,0,2
42765,1,6
42766,4,8
42767,6,7
42768,1,6
42769,1,6
42770,4,3
42771,0,2
42772,7,3
42773,9,4
42774,4,3
42775,3,5
42776,0,2
42777,3,5
42778,8,9
42779,4,4
42780,7,3
42781,4,7
42782,7,7
42783,0,2
42784,7,4
42785,6,7
42786,1,6
42787,4,7
42788,6,7
42789,2,1
42790,7,4
42791,3,5
42792,2,1
42793,4,3
42794,3,5
42795,0,2
42796,9,8
42797,0,2
42798,7,3
42799,2,8
42800,7,3
42801,0,7
42802,9,4
42803,1,0
42804,3,5
42805,2,1
42806,1,0
42807,3,5
42808,9,3
42809,4,8
42810,2,1
42811,7,4
42812,4,8
42813,8,9
42814,2,1
42815,9,3
42816,4,4
42817,0,2
42818,0,2
42819,1,6
42820,8,5
42821,2,1
42822,4,4
42823,3,5
42824,7,4
42825,4,3
42826,9,4
42827,5,9
42828,7,3
42829,6,7
42830,2,1
42831,7,4
42832,8,3
42833,8,9
42834,1,0
42835,0,2
42836,5,8
42837,1,6
42838,9,3
42839,2,2
42840,3,5
42841,3,5
42842,2,1
42843,6,7
42844,7,6
42845,9,3
42846,1,6
42847,6,7
42848,0,2
42849,1,6
42850,5,9
42851,9,3
42852,1,6
42853,9,4
42854,4,9
42855,9,3
42856,6,7
42857,4,4
42858,4,3
42859,1,6
42860,9,5
42861,2,1
42862,0,2
42863,5,9
42864,5,5
42865,0,9
42866,2,3
42867,0,2
42868,8,9
42869,6,7
42870,9,3
42871,0,9
42872,8,9
42873,8,9
42874,1,0
42875,1,6
42876,7,8
42877,0,9
42878,8,5
42879,9,3
42880,8,5
42881,1,6
42882,9,3
42883,2,1
42884,9,8
42885,2,1
42886,3,8
42887,2,1
42888,1,0
42889,5,9
42890,9,8
42891,2,2
42892,7,8
42893,1,6
42894,1,0
42895,4,4
42896,0,2
42897,7,3
42898,3,5
42899,1,6
42900,8,5
42901,7,4
42902,3,5
42903,9,4
42904,6,7
42905,6,7
42906,3,5
42907,3,5
42908,3,5
42909,3,5
42910,5,9
42911,1,6
42912,6,7
42913,0,9
42914,3,5
42915,0,2
42916,2,1
42917,5,2
42918,2,1
42919,6,7
42920,8,5
42921,6,7
42922,6,7
42923,8,9
42924,9,4
42925,0,2
42926,2,1
42927,1,6
42928,7,4
42929,2,1
42930,3,5
42931,3,4
42932,1,0
42933,4,4
42934,2,1
42935,5,9
42936,2,5
42937,6,9
42938,3,5
42939,7,4
42940,5,5
42941,8,6
42942,6,7
42943,9,4
42944,8,9
42945,0,9
42946,9,3
42947,1,6
42948,6,7
42949,2,1
42950,2,1
42951,3,9
42952,4,8
42953,4,9
42954,3,5
42955,5,9
42956,4,3
42957,6,9
42958,2,1
42959,7,4
42960,6,7
42961,8,6
42962,3,5
42963,9,4
42964,5,5
42965,0,2
42966,3,5
42967,1,6
42968,1,6
42969,2,1
42970,5,5
42971,3,9
42972,6,1
42973,4,7
42974,1,0
42975,6,9
42976,7,4
42977,7,4
42978,6,7
42979,8,9
42980,0,9
42981,0,9
42982,2,6
42983,5,9
42984,5,5
42985,0,9
42986,1,1
42987,8,6
42988,8,8
42989,0,9
42990,8,3
42991,2,1
42992,6,9
42993,9,4
42994,3,5
42995,4,9
42996,6,7
42997,7,4
42998,8,5
42999,1,6
43000,9,8
43001,9,3
43002,2,1
43003,1,6
43004,8,3
43005,7,4
43006,1,6
43007,1,6
43008,8,5
43009,4,4
43010,4,8
43011,0,2
43012,3,0
43013,0,7
43014,3,9
43015,4,4
43016,1,0
43017,1,6
43018,8,9
43019,7,4
43020,0,9
43021,5,9
43022,4,8
43023,7,4
43024,7,4
43025,1,6
43026,4,4
43027,3,9
43028,9,3
43029,3,9
43030,1,0
43031,3,9
43032,2,1
43033,1,6
43034,9,5
43035,6,9
43036,7,4
43037,9,4
43038,4,8
43039,7,4
43040,2,5
43041,4,4
43042,8,4
43043,3,9
43044,1,6
43045,0,2
43046,7,3
43047,2,1
43048,5,9
43049,6,9
43050,0,3
43051,8,6
43052,7,8
43053,1,6
43054,6,7
43055,5,9
43056,5,3
43057,9,4
43058,9,3
43059,0,9
43060,8,5
43061,6,9
43062,8,5
43063,6,9
43064,3,5
43065,3,9
43066,5,5
43067,3,9
43068,4,8
43069,8,6
43070,3,5
43071,1,6
43072,8,4
43073,4,4
43074,0,2
43075,7,4
43076,3,5
43077,2,1
43078,4,8
43079,2,1
43080,3,8
43081,0,9
43082,7,4
43083,0,9
43084,5,5
43085,1,6
43086,9,3
43087,7,4
43088,0,2
43089,7,6
43090,3,5
43091,8,6
43092,0,2
43093,9,4
43094,9,3
43095,6,6
43096,8,5
43097,8,6
43098,5,9
43099,8,6
43100,3,5
43101,2,1
43102,0,2
43103,3,9
43104,7,3
43105,2,1
43106,4,8
43107,9,0
43108,7,4
43109,8,6
43110,8,9
43111,5,9
43112,4,8
43113,2,1
43114,9,4
43115,6,7
43116,2,1
43117,2,1
43118,1,6
43119,4,4
43120,9,4
43121,8,6
43122,2,1
43123,4,4
43124,2,1
43125,6,9
43126,3,7
43127,5,9
43128,1,6
43129,0,9
43130,4,8
43131,1,6
43132,3,5
43133,2,1
43134,0,2
43135,3,5
43136,5,5
43137,4,4
43138,9,3
43139,5,5
43140,3,0
43141,6,7
43142,1,0
43143,7,4
43144,5,9
43145,8,9
43146,9,8
43147,9,4
43148,5,5
43149,0,9
43150,4,8
43151,1,6
43152,4,8
43153,2,1
43154,6,7
43155,3,5
43156,4,8
43157,4,4
43158,9,3
43159,5,5
43160,7,8
43161,6,7
43162,1,0
43163,7,4
43164,6,7
43165,8,9
43166,6,7
43167,9,4
43168,7,3
43169,0,9
43170,0,2
43171,3,9
43172,2,1
43173,4,4
43174,9,0
43175,5,9
43176,2,5
43177,6,7
43178,7,4
43179,7,4
43180,3,5
43181,8,9
43182,8,9
43183,9,4
43184,2,1
43185,9,3
43186,0,2
43187,7,4
43188,0,2
43189,5,5
43190,7,3
43191,2,1
43192,3,9
43193,9,4
43194,8,9
43195,0,2
43196,3,5
43197,1,6
43198,3,5
43199,5,5
43200,3,5
43201,8,9
43202,7,3
43203,8,9
43204,3,5
43205,0,2
43206,5,2
43207,9,9
43208,3,8
43209,3,9
43210,9,8
43211,2,1
43212,5,5
43213,7,3
43214,1,6
43215,8,9
43216,0,2
43217,4,4
43218,5,9
43219,4,3
43220,2,5
43221,5,5
43222,7,3
43223,9,4
43224,3,5
43225,6,7
43226,8,4
43227,1,6
43228,4,3
43229,0,2
43230,3,5
43231,4,4
43232,1,0
43233,5,5
43234,8,9
43235,3,5
43236,0,2
43237,9,4
43238,7,3
43239,4,4
43240,2,1
43241,2,1
43242,8,9
43243,0,2
43244,5,5
43245,5,8
43246,1,0
43247,0,2
43248,9,5
43249,1,6
43250,8,9
43251,6,7
43252,3,5
43253,9,4
43254,2,6
43255,3,9
43256,3,5
43257,2,1
43258,0,9
43259,9,3
43260,6,7
43261,1,6
43262,5,8
43263,6,7
43264,6,7
43265,0,9
43266,0,2
43267,1,6
43268,8,3
43269,1,6
43270,6,7
43271,8,9
43272,4,8
43273,0,2
43274,4,8
43275,4,4
43276,0,2
43277,7,4
43278,4,8
43279,7,4
43280,3,5
43281,6,7
43282,9,3
43283,0,9
43284,7,0
43285,7,4
43286,1,0
43287,3,9
43288,7,3
43289,5,9
43290,8,3
43291,4,4
43292,2,1
43293,2,1
43294,2,1
43295,4,4
43296,1,0
43297,1,6
43298,3,5
43299,8,9
43300,1,6
43301,3,5
43302,4,8
43303,5,5
43304,6,7
43305,6,7
43306,8,5
43307,7,4
43308,5,5
43309,0,2
43310,9,4
43311,6,7
43312,2,1
43313,7,4
43314,2,1
43315,1,6
43316,1,0
43317,2,1
43318,5,3
43319,5,9
43320,6,7
43321,8,9
43322,8,5
43323,1,6
43324,9,3
43325,9,4
43326,2,1
43327,3,9
43328,5,9
43329,8,9
43330,3,5
43331,2,1
43332,1,6
43333,8,9
43334,8,9
43335,8,9
43336,1,6
43337,7,4
43338,2,1
43339,1,6
43340,7,3
43341,7,4
43342,8,9
43343,9,4
43344,1,0
43345,2,1
43346,7,4
43347,0,2
43348,6,7
43349,1,6
43350,1,6
43351,2,1
43352,7,8
43353,3,9
43354,7,3
43355,4,4
43356,7,8
43357,5,5
43358,9,8
43359,6,7
43360,2,1
43361,7,4
43362,7,3
43363,8,9
43364,4,8
43365,9,4
43366,0,2
43367,0,2
43368,5,5
43369,1,6
43370,4,3
43371,2,1
43372,8,8
43373,3,9
43374,7,3
43375,4,4
43376,2,1
43377,5,9
43378,7,0
43379,6,7
43380,3,5
43381,7,4
43382,7,4
43383,8,9
43384,7,8
43385,9,4
43386,6,7
43387,0,2
43388,8,9
43389,1,6
43390,7,8
43391,2,1
43392,9,3
43393,3,5
43394,2,1
43395,4,4
43396,6,7
43397,5,9
43398,4,8
43399,6,7
43400,7,4
43401,7,4
43402,5,5
43403,8,9
43404,0,2
43405,9,4
43406,1,0
43407,2,1
43408,7,4
43409,5,9
43410,8,5
43411,1,6
43412,5,5
43413,6,7
43414,7,3
43415,4,4
43416,9,3
43417,3,1
43418,0,5
43419,9,4
43420,6,7
43421,9,4
43422,0,2
43423,0,2
43424,6,5
43425,9,8
43426,1,0
43427,7,4
43428,3,5
43429,1,6
43430,2,1
43431,6,7
43432,5,9
43433,4,6
43434,2,1
43435,3,5
43436,2,1
43437,6,7
43438,3,9
43439,2,1
43440,6,7
43441,2,1
43442,5,9
43443,0,2
43444,1,0
43445,0,2
43446,1,0
43447,8,9
43448,3,5
43449,2,1
43450,2,1
43451,5,9
43452,4,8
43453,9,4
43454,5,5
43455,8,9
43456,3,5
43457,6,7
43458,1,6
43459,5,9
43460,3,5
43461,7,4
43462,6,7
43463,0,2
43464,8,5
43465,0,2
43466,3,5
43467,4,4
43468,0,2
43469,1,6
43470,7,0
43471,7,3
43472,0,2
43473,4,4
43474,3,0
43475,3,5
43476,3,5
43477,2,1
43478,9,4
43479,2,1
43480,1,0
43481,4,4
43482,3,9
43483,7,4
43484,1,6
43485,6,7
43486,2,1
43487,4,4
43488,5,5
43489,7,4
43490,1,0
43491,7,4
43492,3,5
43493,7,4
43494,3,5
43495,2,1
43496,7,4
43497,0,2
43498,6,7
43499,9,4
43500,1,0
43501,8,9
43502,9,8
43503,5,9
43504,8,5
43505,6,7
43506,5,5
43507,4,4
43508,5,9
43509,3,5
43510,5,5
43511,8,9
43512,9,3
43513,2,1
43514,2,1
43515,8,9
43516,4,8
43517,3,9
43518,6,1
43519,8,9
43520,7,4
43521,9,3
43522,8,5
43523,5,9
43524,8,5
43525,8,9
43526,9,3
43527,0,2
43528,7,3
43529,5,9
43530,4,8
43531,4,4
43532,8,5
43533,7,4
43534,8,5
43535,1,6
43536,0,2
43537,3,9
43538,8,5
43539,1,6
43540,5,5
43541,7,4
43542,7,3
43543,9,4
43544,9,8
43545,6,7
43546,2,1
43547,2,1
43548,8,5
43549,0,2
43550,9,3
43551,9,4
43552,3,5
43553,1,6
43554,0,2
43555,7,4
43556,0,2
43557,3,9
43558,8,5
43559,8,9
43560,5,5
43561,0,2
43562,3,3
43563,3,9
43564,6,1
43565,9,3
43566,2,1
43567,1,6
43568,5,9
43569,6,7
43570,1,0
43571,4,4
43572,6,7
43573,3,9
43574,5,9
43575,2,1
43576,2,1
43577,1,6
43578,1,0
43579,8,9
43580,8,9
43581,6,7
43582,6,7
43583,1,6
43584,7,3
43585,5,9
43586,6,7
43587,5,9
43588,8,1
43589,6,7
43590,2,1
43591,5,9
43592,6,7
43593,0,2
43594,6,7
43595,1,0
43596,9,3
43597,2,1
43598,7,4
43599,3,9
43600,4,8
43601,4,8
43602,0,2
43603,5,9
43604,4,8
43605,6,7
43606,8,9
43607,7,3
43608,4,8
43609,8,9
43610,0,2
43611,9,3
43612,4,8
43613,0,2
43614,4,8
43615,1,0
43616,1,6
43617,2,1
43618,7,2
43619,3,5
43620,6,7
43621,4,3
43622,4,8
43623,5,5
43624,0,2
43625,6,7
43626,4,8
43627,7,4
43628,7,8
43629,8,9
43630,2,1
43631,0,2
43632,2,1
43633,1,6
43634,4,8
43635,2,1
43636,4,1
43637,3,5
43638,5,5
43639,4,3
43640,6,0
43641,5,9
43642,2,6
43643,6,7
43644,3,5
43645,7,4
43646,6,7
43647,8,9
43648,5,5
43649,2,1
43650,9,8
43651,5,9
43652,1,0
43653,1,6
43654,3,3
43655,6,7
43656,8,5
43657,4,3
43658,3,3
43659,3,5
43660,9,8
43661,9,3
43662,0,2
43663,9,4
43664,1,0
43665,0,2
43666,3,5
43667,9,4
43668,6,7
43669,7,4
43670,3,4
43671,1,6
43672,3,3
43673,6,7
43674,2,5
43675,4,4
43676,5,9
43677,3,9
43678,6,7
43679,6,7
43680,5,5
43681,2,1
43682,6,7
43683,2,1
43684,1,0
43685,0,2
43686,7,8
43687,8,9
43688,4,7
43689,2,1
43690,8,3
43691,5,9
43692,8,5
43693,9,3
43694,6,7
43695,8,9
43696,5,5
43697,6,7
43698,8,5
43699,5,9
43700,4,3
43701,0,2
43702,3,9
43703,4,8
43704,1,0
43705,1,6
43706,0,9
43707,7,4
43708,1,0
43709,4,4
43710,7,4
43711,3,3
43712,0,2
43713,4,8
43714,1,0
43715,1,0
43716,5,8
43717,3,5
43718,9,3
43719,7,4
43720,6,2
43721,4,4
43722,7,8
43723,7,4
43724,8,5
43725,7,4
43726,6,9
43727,0,2
43728,0,2
43729,9,8
43730,3,9
43731,8,9
43732,4,8
43733,5,9
43734,9,3
43735,6,7
43736,6,7
43737,4,4
43738,9,3
43739,3,5
43740,4,8
43741,8,9
43742,6,7
43743,2,1
43744,6,7
43745,8,3
43746,1,0
43747,3,9
43748,5,9
43749,8,9
43750,9,4
43751,9,4
43752,6,7
43753,5,9
43754,8,9
43755,8,9
43756,4,8
43757,4,4
43758,3,5
43759,3,5
43760,2,1
43761,1,6
43762,3,5
43763,7,4
43764,1,0
43765,9,4
43766,5,5
43767,6,9
43768,2,1
43769,2,1
43770,1,0
43771,7,4
43772,5,5
43773,3,5
43774,7,3
43775,3,9
43776,5,5
43777,9,3
43778,0,9
43779,1,6
43780,5,5
43781,4,6
43782,3,5
43783,3,1
43784,1,0
43785,9,3
43786,9,3
43787,8,9
43788,8,9
43789,2,1
43790,1,0
43791,1,6
43792,9,3
43793,8,4
43794,2,5
43795,6,7
43796,7,3
43797,4,4
43798,7,4
43799,5,9
43800,6,1
43801,1,6
43802,7,3
43803,5,9
43804,6,7
43805,5,9
43806,2,1
43807,6,7
43808,1,0
43809,5,9
43810,9,4
43811,0,9
43812,4,3
43813,1,6
43814,9,8
43815,2,1
43816,3,5
43817,3,3
43818,2,5
43819,4,4
43820,5,5
43821,7,4
43822,6,1
43823,8,4
43824,8,9
43825,9,4
43826,2,1
43827,0,9
43828,8,9
43829,1,6
43830,9,8
43831,2,1
43832,4,8
43833,3,8
43834,0,2
43835,4,4
43836,1,0
43837,5,1
43838,5,4
43839,6,7
43840,7,3
43841,7,4
43842,2,1
43843,8,9
43844,1,6
43845,9,3
43846,8,9
43847,0,2
43848,8,9
43849,1,6
43850,2,6
43851,2,1
43852,2,5
43853,3,9
43854,2,1
43855,5,9
43856,5,8
43857,6,7
43858,4,8
43859,7,4
43860,7,4
43861,8,9
43862,9,3
43863,9,4
43864,9,3
43865,3,5
43866,6,7
43867,5,9
43868,3,5
43869,3,5
43870,9,8
43871,2,1
43872,1,6
43873,9,3
43874,2,7
43875,3,5
43876,8,5
43877,2,1
43878,2,5
43879,1,6
43880,8,9
43881,4,3
43882,5,5
43883,3,5
43884,0,2
43885,2,1
43886,7,3
43887,1,6
43888,9,3
43889,3,5
43890,7,4
43891,9,3
43892,6,7
43893,7,3
43894,8,9
43895,2,1
43896,9,3
43897,1,9
43898,7,8
43899,2,1
43900,8,5
43901,8,9
43902,3,5
43903,9,3
43904,4,8
43905,1,6
43906,4,6
43907,8,9
43908,6,7
43909,8,4
43910,1,6
43911,7,4
43912,7,3
43913,0,2
43914,6,7
43915,0,9
43916,9,3
43917,7,4
43918,9,3
43919,7,3
43920,9,8
43921,8,9
43922,3,5
43923,7,4
43924,7,6
43925,6,7
43926,7,3
43927,1,6
43928,4,8
43929,4,4
43930,8,5
43931,6,7
43932,0,2
43933,1,6
43934,4,8
43935,2,1
43936,5,5
43937,5,9
43938,8,4
43939,0,2
43940,6,7
43941,0,9
43942,3,5
43943,3,9
43944,8,5
43945,8,9
43946,5,5
43947,4,6
43948,1,0
43949,4,3
43950,9,5
43951,1,6
43952,3,5
43953,8,4
43954,4,8
43955,6,7
43956,7,0
43957,5,9
43958,8,9
43959,9,4
43960,0,2
43961,0,9
43962,3,5
43963,0,9
43964,2,1
43965,0,9
43966,9,3
43967,3,9
43968,8,9
43969,7,4
43970,9,3
43971,1,6
43972,1,6
43973,6,7
43974,2,1
43975,2,1
43976,0,2
43977,6,7
43978,3,8
43979,6,7
43980,1,0
43981,0,2
43982,9,3
43983,4,3
43984,1,0
43985,5,9
43986,8,1
43987,4,3
43988,2,1
43989,1,6
43990,7,4
43991,3,5
43992,9,3
43993,8,4
43994,2,1
43995,6,7
43996,2,1
43997,3,9
43998,7,8
43999,9,3
44000,0,2
44001,9,3
44002,8,5
44003,5,9
44004,3,5
44005,7,3
44006,5,5
44007,8,9
44008,9,3
44009,5,9
44010,9,3
44011,6,7
44012,1,0
44013,4,1
44014,5,5
44015,7,4
44016,9,3
44017,6,7
44018,5,9
44019,2,1
44020,3,5
44021,2,1
44022,9,8
44023,0,9
44024,8,9
44025,9,3
44026,9,8
44027,4,4
44028,9,0
44029,0,2
44030,0,2
44031,1,6
44032,3,8
44033,2,1
44034,3,5
44035,3,9
44036,1,6
44037,4,4
44038,1,6
44039,7,3
44040,0,2
44041,8,9
44042,7,4
44043,9,4
44044,9,8
44045,0,2
44046,1,0
44047,1,9
44048,9,8
44049,2,1
44050,7,3
44051,3,9
44052,4,8
44053,4,4
44054,2,1
44055,5,9
44056,8,5
44057,6,7
44058,3,0
44059,7,4
44060,0,2
44061,8,9
44062,7,4
44063,0,2
44064,7,4
44065,1,1
44066,6,7
44067,7,4
44068,4,4
44069,8,5
44070,6,7
44071,9,4
44072,8,5
44073,6,7
44074,9,3
44075,9,4
44076,0,2
44077,6,7
44078,6,7
44079,1,6
44080,7,4
44081,9,4
44082,6,9
44083,9,4
44084,9,3
44085,9,3
44086,4,8
44087,8,9
44088,4,8
44089,1,6
44090,2,3
44091,4,4
44092,2,1
44093,1,6
44094,0,2
44095,2,1
44096,0,2
44097,9,4
44098,2,1
44099,5,9
44100,4,8
44101,3,2
44102,6,1
44103,0,9
44104,9,3
44105,4,4
44106,5,2
44107,9,4
44108,1,0
44109,1,9
44110,4,8
44111,7,4
44112,3,5
44113,1,9
44114,6,7
44115,8,9
44116,9,8
44117,7,4
44118,8,5
44119,6,7
44120,1,0
44121,0,2
44122,8,5
44123,8,4
44124,4,3
44125,1,6
44126,1,6
44127,0,9
44128,6,8
44129,9,4
44130,0,5
44131,1,1
44132,6,7
44133,2,8
44134,3,5
44135,5,9
44136,1,0
44137,4,4
44138,3,5
44139,7,4
44140,2,1
44141,7,1
44142,3,5
44143,2,1
44144,8,5
44145,7,4
44146,3,5
44147,5,9
44148,5,5
44149,2,1
44150,7,4
44151,1,6
44152,5,9
44153,4,4
44154,9,8
44155,4,6
44156,7,3
44157,3,9
44158,1,0
44159,0,9
44160,7,3
44161,0,2
44162,3,5
44163,8,9
44164,5,5
44165,5,9
44166,2,1
44167,4,4
44168,6,7
44169,7,4
44170,7,3
44171,8,9
44172,8,5
44173,8,9
44174,3,5
44175,7,4
44176,8,5
44177,9,4
44178,7,4
44179,6,9
44180,8,5
44181,3,9
44182,9,8
44183,1,6
44184,0,2
44185,7,4
44186,2,1
44187,9,4
44188,3,5
44189,6,7
44190,4,3
44191,3,9
44192,3,5
44193,3,9
44194,7,3
44195,2,1
44196,8,5
44197,6,7
44198,1,0
44199,0,2
44200,8,9
44201,6,7
44202,8,5
44203,8,9
44204,6,7
44205,0,2
44206,8,3
44207,1,6
44208,0,2
44209,2,1
44210,1,0
44211,3,1
44212,7,4
44213,4,4
44214,9,8
44215,5,9
44216,3,5
44217,6,7
44218,6,7
44219,7,4
44220,1,6
44221,8,9
44222,1,0
44223,9,4
44224,4,8
44225,0,2
44226,2,1
44227,1,6
44228,9,4
44229,2,1
44230,9,8
44231,3,5
44232,4,3
44233,4,4
44234,9,2
44235,5,9
44236,9,5
44237,6,9
44238,6,2
44239,7,4
44240,3,5
44241,8,9
44242,1,0
44243,0,2
44244,9,3
44245,1,9
44246,7,3
44247,2,1
44248,2,1
44249,3,5
44250,6,8
44251,4,3
44252,7,3
44253,5,9
44254,7,8
44255,6,9
44256,4,8
44257,7,4
44258,6,7
44259,8,9
44260,2,1
44261,9,6
44262,5,5
44263,5,9
44264,4,8
44265,2,1
44266,0,2
44267,8,8
44268,0,2
44269,1,6
44270,8,5
44271,7,6
44272,8,5
44273,2,1
44274,2,1
44275,4,4
44276,0,2
44277,1,6
44278,0,2
44279,4,4
44280,3,5
44281,1,6
44282,3,5
44283,4,9
44284,4,8
44285,9,4
44286,8,5
44287,6,1
44288,1,0
44289,8,9
44290,1,0
44291,4,4
44292,5,5
44293,5,9
44294,4,3
44295,3,5
44296,1,0
44297,7,4
44298,2,1
44299,8,9
44300,6,7
44301,4,4
44302,2,1
44303,3,9
44304,2,5
44305,3,9
44306,1,0
44307,5,9
44308,8,5
44309,6,9
44310,8,9
44311,7,4
44312,3,5
44313,0,9
44314,0,2
44315,6,7
44316,2,1
44317,1,6
44318,6,7
44319,6,7
44320,8,5
44321,8,9
44322,7,3
44323,7,4
44324,1,0
44325,0,2
44326,0,2
44327,1,1
44328,9,5
44329,5,9
44330,6,7
44331,6,7
44332,4,8
44333,0,2
44334,2,1
44335,0,2
44336,6,7
44337,6,9
44338,3,5
44339,1,6
44340,9,0
44341,5,9
44342,4,8
44343,8,9
44344,0,2
44345,4,4
44346,6,7
44347,2,1
44348,9,8
44349,3,9
44350,3,5
44351,9,4
44352,4,8
44353,7,4
44354,6,7
44355,6,7
44356,4,4
44357,9,4
44358,6,7
44359,1,1
44360,8,5
44361,9,4
44362,2,1
44363,0,9
44364,2,7
44365,6,9
44366,1,0
44367,7,4
44368,1,0
44369,1,6
44370,1,0
44371,2,1
44372,0,2
44373,3,5
44374,2,1
44375,9,4
44376,9,3
44377,2,1
44378,7,1
44379,4,4
44380,3,5
44381,5,9
44382,6,1
44383,5,9
44384,9,3
44385,3,9
44386,4,8
44387,7,4
44388,3,5
44389,1,1
44390,5,8
44391,8,9
44392,7,4
44393,2,1
44394,6,7
44395,2,1
44396,9,3
44397,3,9
44398,7,4
44399,0,2
44400,9,3
44401,2,1
44402,9,3
44403,9,4
44404,5,5
44405,4,4
44406,5,5
44407,9,4
44408,3,5
44409,7,4
44410,6,7
44411,0,2
44412,2,1
44413,0,2
44414,2,7
44415,2,1
44416,3,5
44417,7,4
44418,1,0
44419,4,9
44420,6,7
44421,9,4
44422,1,6
44423,9,4
44424,2,1
44425,2,1
44426,3,5
44427,8,9
44428,6,8
44429,9,4
44430,9,3
44431,1,0
44432,1,0
44433,8,9
44434,7,4
44435,3,9
44436,8,9
44437,8,9
44438,9,3
44439,3,9
44440,3,5
44441,6,7
44442,8,2
44443,7,4
44444,6,8
44445,0,2
44446,1,0
44447,4,9
44448,0,2
44449,0,2
44450,9,3
44451,0,2
44452,6,7
44453,1,0
44454,1,0
44455,2,1
44456,3,1
44457,3,5
44458,8,9
44459,4,8
44460,6,9
44461,5,5
44462,3,5
44463,6,7
44464,4,8
44465,7,3
44466,4,8
44467,8,5
44468,3,5
44469,9,8
44470,7,4
44471,0,2
44472,7,8
44473,1,6
44474,0,2
44475,2,1
44476,5,5
44477,3,5
44478,3,9
44479,4,8
44480,5,5
44481,5,9
44482,1,0
44483,6,1
44484,8,9
44485,7,4
44486,9,8
44487,8,9
44488,5,5
44489,9,3
44490,2,1
44491,0,2
44492,2,7
44493,1,0
44494,5,8
44495,2,1
44496,4,8
44497,3,5
44498,6,7
44499,4,8
44500,7,3
44501,5,5
44502,2,5
44503,6,7
44504,3,5
44505,7,4
44506,5,5
44507,8,9
44508,5,2
44509,9,8
44510,3,5
44511,1,6
44512,7,3
44513,0,2
44514,8,5
44515,4,8
44516,7,8
44517,6,7
44518,0,2
44519,3,5
44520,2,1
44521,4,8
44522,3,5
44523,4,3
44524,1,0
44525,2,1
44526,7,3
44527,8,9
44528,4,8
44529,1,6
44530,4,3
44531,0,9
44532,8,9
44533,6,7
44534,9,5
44535,4,8
44536,7,8
44537,9,3
44538,7,3
44539,7,4
44540,3,5
44541,2,1
44542,1,0
44543,3,5
44544,4,8
44545,3,5
44546,3,5
44547,9,3
44548,1,0
44549,2,1
44550,9,8
44551,0,2
44552,7,4
44553,9,8
44554,5,8
44555,3,5
44556,1,0
44557,3,5
44558,0,7
44559,9,3
44560,0,2
44561,1,6
44562,7,8
44563,5,9
44564,5,5
44565,2,1
44566,7,4
44567,3,5
44568,8,5
44569,1,0
44570,7,0
44571,6,7
44572,7,3
44573,7,3
44574,7,4
44575,3,5
44576,8,9
44577,7,3
44578,0,2
44579,8,5
44580,3,5
44581,4,3
44582,1,0
44583,0,2
44584,4,8
44585,2,1
44586,9,8
44587,4,8
44588,7,8
44589,0,2
44590,7,8
44591,2,1
44592,9,3
44593,4,8
44594,4,3
44595,7,3
44596,3,8
44597,8,9
44598,0,2
44599,0,7
44600,9,8
44601,7,3
44602,6,7
44603,0,2
44604,8,5
44605,6,7
44606,0,2
44607,9,3
44608,3,9
44609,3,5
44610,7,3
44611,2,1
44612,2,5
44613,4,3
44614,0,2
44615,8,5
44616,8,5
44617,6,7
44618,9,3
44619,0,2
44620,4,7
44621,5,9
44622,1,6
44623,7,4
44624,8,9
44625,5,7
44626,7,4
44627,1,0
44628,1,0
44629,0,2
44630,3,5
44631,8,5
44632,4,8
44633,1,0
44634,5,5
44635,6,1
44636,4,3
44637,7,8
44638,8,9
44639,2,1
44640,7,4
44641,9,8
44642,5,9
44643,7,3
44644,6,1
44645,9,3
44646,4,8
44647,5,9
44648,1,0
44649,6,7
44650,1,6
44651,5,9
44652,8,4
44653,2,1
44654,8,9
44655,6,7
44656,0,2
44657,2,1
44658,7,3
44659,8,9
44660,0,2
44661,1,6
44662,5,5
44663,7,3
44664,5,9
44665,5,5
44666,6,7
44667,5,5
44668,4,3
44669,7,3
44670,9,3
44671,3,5
44672,2,1
44673,5,9
44674,5,2
44675,0,2
44676,8,5
44677,1,6
44678,9,8
44679,1,6
44680,1,0
44681,3,5
44682,1,0
44683,8,5
44684,3,9
44685,4,8
44686,8,5
44687,9,3
44688,4,8
44689,4,4
44690,6,7
44691,5,9
44692,0,2
44693,1,6
44694,4,3
44695,8,9
44696,0,2
44697,6,7
44698,1,3
44699,8,9
44700,0,2
44701,9,3
44702,8,9
44703,0,2
44704,0,2
44705,1,0
44706,5,8
44707,2,1
44708,7,4
44709,3,5
44710,2,1
44711,4,8
44712,4,8
44713,5,5
44714,8,5
44715,6,7
44716,3,5
44717,7,8
44718,2,5
44719,8,5
44720,0,2
44721,9,8
44722,6,7
44723,0,2
44724,1,0
44725,1,0
44726,7,4
44727,2,1
44728,6,7
44729,3,5
44730,0,9
44731,4,8
44732,6,8
44733,5,5
44734,7,8
44735,6,7
44736,5,5
44737,7,8
44738,5,5
44739,8,4
44740,2,1
44741,9,8
44742,6,7
44743,0,2
44744,0,2
44745,1,0
44746,9,8
44747,2,1
44748,8,5
44749,3,5
44750,0,2
44751,4,8
44752,5,9
44753,5,5
44754,6,7
44755,6,7
44756,7,8
44757,7,8
44758,2,1
44759,8,9
44760,5,5
44761,4,3
44762,9,8
44763,9,3
44764,3,5
44765,4,3
44766,0,5
44767,2,3
44768,0,2
44769,9,3
44770,1,0
44771,4,8
44772,7,3
44773,5,9
44774,7,3
44775,8,9
44776,9,8
44777,0,2
44778,9,3
44779,3,5
44780,9,8
44781,5,5
44782,3,5
44783,5,5
44784,2,1
44785,1,0
44786,1,0
44787,7,3
44788,0,2
44789,8,4
44790,6,7
44791,4,8
44792,1,0
44793,5,5
44794,2,1
44795,7,8
44796,0,2
44797,2,9
44798,4,3
44799,3,5
44800,1,0
44801,6,7
44802,5,5
44803,7,8
44804,5,9
44805,7,8
44806,8,0
44807,7,8
44808,6,7
44809,6,7
44810,5,3
44811,0,2
44812,8,5
44813,1,0
44814,6,7
44815,0,5
44816,5,9
44817,6,7
44818,7,3
44819,5,5
44820,5,9
44821,5,5
44822,9,9
44823,2,1
44824,9,3
44825,9,3
44826,0,2
44827,3,5
44828,2,1
44829,1,0
44830,5,7
44831,4,8
44832,7,3
44833,8,9
44834,8,5
44835,7,8
44836,7,3
44837,3,3
44838,0,2
44839,8,9
44840,7,3
44841,2,1
44842,4,8
44843,6,7
44844,0,7
44845,5,5
44846,0,2
44847,2,1
44848,3,8
44849,7,3
44850,4,8
44851,9,4
44852,5,5
44853,7,2
44854,9,3
44855,9,3
44856,1,0
44857,1,6
44858,5,5
44859,0,2
44860,4,4
44861,8,9
44862,0,2
44863,9,4
44864,1,0
44865,7,2
44866,8,5
44867,0,2
44868,7,4
44869,5,5
44870,6,7
44871,0,2
44872,0,2
44873,3,5
44874,8,5
44875,8,3
44876,1,0
44877,4,4
44878,9,5
44879,6,7
44880,8,9
44881,2,9
44882,9,8
44883,0,9
44884,9,3
44885,4,4
44886,1,0
44887,1,6
44888,3,5
44889,3,5
44890,9,3
44891,1,6
44892,9,3
44893,0,9
44894,4,3
44895,9,3
44896,7,3
44897,0,2
44898,2,8
44899,1,0
44900,0,2
44901,2,7
44902,2,1
44903,3,1
44904,4,3
44905,4,3
44906,3,5
44907,5,9
44908,7,3
44909,6,7
44910,5,9
44911,7,3
44912,7,4
44913,8,9
44914,7,4
44915,9,3
44916,5,5
44917,0,2
44918,8,5
44919,1,6
44920,7,4
44921,4,4
44922,4,8
44923,5,9
44924,5,5
44925,6,7
44926,9,8
44927,7,3
44928,5,5
44929,8,9
44930,5,9
44931,9,3
44932,6,1
44933,0,2
44934,2,1
44935,1,6
44936,9,3
44937,4,4
44938,5,5
44939,5,9
44940,7,8
44941,6,7
44942,4,7
44943,7,4
44944,8,5
44945,8,9
44946,9,3
44947,9,3
44948,9,8
44949,7,3
44950,2,1
44951,0,2
44952,6,1
44953,6,7
44954,7,4
44955,0,2
44956,4,3
44957,7,4
44958,0,2
44959,3,1
44960,4,3
44961,8,4
44962,9,4
44963,6,7
44964,5,4
44965,7,3
44966,1,0
44967,1,6
44968,8,9
44969,3,9
44970,5,9
44971,7,4
44972,7,2
44973,9,3
44974,8,5
44975,7,4
44976,5,9
44977,4,8
44978,2,1
44979,0,2
44980,8,9
44981,6,7
44982,9,5
44983,4,3
44984,6,1
44985,9,3
44986,1,6
44987,5,9
44988,1,6
44989,6,7
44990,4,3
44991,5,5
44992,9,3
44993,2,1
44994,1,0
44995,9,3
44996,1,0
44997,8,9
44998,4,1
44999,5,9
45000,3,5
45001,1,6
45002,1,0
45003,5,9
45004,7,3
45005,3,9
45006,1,0
45007,9,4
45008,3,5
45009,4,4
45010,6,7
45011,5,9
45012,5,7
45013,6,7
45014,7,3
45015,3,5
45016,8,5
45017,4,4
45018,5,5
45019,8,9
45020,7,3
45021,0,2
45022,2,1
45023,6,7
45024,5,5
45025,4,4
45026,8,8
45027,8,9
45028,2,1
45029,1,6
45030,6,7
45031,3,5
45032,1,9
45033,4,4
45034,9,3
45035,0,2
45036,5,5
45037,1,6
45038,4,3
45039,9,3
45040,7,4
45041,2,1
45042,0,2
45043,3,1
45044,9,8
45045,7,4
45046,3,4
45047,2,8
45048,4,1
45049,5,9
45050,8,5
45051,1,6
45052,5,9
45053,7,4
45054,7,3
45055,2,1
45056,8,5
45057,8,9
45058,0,2
45059,7,4
45060,7,3
45061,0,2
45062,9,8
45063,1,6
45064,4,3
45065,9,3
45066,0,2
45067,6,7
45068,7,8
45069,4,1
45070,5,9
45071,9,3
45072,5,4
45073,2,7
45074,9,3
45075,1,6
45076,1,6
45077,2,1
45078,1,0
45079,3,1
45080,6,7
45081,7,4
45082,8,5
45083,0,9
45084,9,8
45085,2,1
45086,9,3
45087,1,6
45088,3,5
45089,3,1
45090,6,7
45091,5,9
45092,1,0
45093,3,1
45094,2,2
45095,4,3
45096,2,1
45097,7,4
45098,8,5
45099,2,8
45100,4,4
45101,5,9
45102,7,3
45103,8,9
45104,6,7
45105,1,6
45106,8,5
45107,6,7
45108,3,5
45109,8,9
45110,8,5
45111,5,9
45112,0,2
45113,6,7
45114,7,8
45115,0,2
45116,8,6
45117,8,4
45118,5,5
45119,9,4
45120,9,3
45121,4,4
45122,8,5
45123,9,3
45124,5,8
45125,2,1
45126,0,7
45127,6,7
45128,0,2
45129,0,2
45130,2,1
45131,1,0
45132,5,5
45133,2,1
45134,5,9
45135,3,5
45136,2,1
45137,4,8
45138,6,9
45139,5,5
45140,1,0
45141,6,7
45142,9,4
45143,7,0
45144,9,8
45145,0,2
45146,0,2
45147,1,0
45148,4,8
45149,2,1
45150,3,5
45151,3,5
45152,0,2
45153,4,8
45154,6,7
45155,5,9
45156,8,5
45157,6,7
45158,2,1
45159,7,8
45160,5,5
45161,8,5
45162,0,9
45163,9,3
45164,3,5
45165,0,2
45166,5,9
45167,1,0
45168,8,8
45169,2,1
45170,7,3
45171,3,5
45172,4,8
45173,4,8
45174,9,3
45175,5,7
45176,9,3
45177,6,7
45178,9,8
45179,7,8
45180,7,4
45181,8,5
45182,1,6
45183,9,3
45184,4,3
45185,7,6
45186,1,0
45187,7,8
45188,7,3
45189,0,2
45190,0,2
45191,4,8
45192,7,4
45193,0,2
45194,8,5
45195,3,5
45196,3,5
45197,1,0
45198,4,8
45199,8,5
45200,7,4
45201,9,8
45202,8,9
45203,2,1
45204,1,0
45205,1,0
45206,2,0
45207,8,5
45208,8,9
45209,6,7
45210,4,8
45211,5,5
45212,5,8
45213,4,8
45214,4,8
45215,7,8
45216,2,1
45217,3,5
45218,0,2
45219,4,8
45220,1,0
45221,1,0
45222,5,9
45223,8,5
45224,6,7
45225,6,7
45226,5,5
45227,9,8
45228,6,7
45229,1,0
45230,0,9
45231,4,8
45232,9,3
45233,5,9
45234,4,3
45235,0,2
45236,9,3
45237,1,0
45238,4,8
45239,3,5
45240,1,0
45241,6,7
45242,9,8
45243,4,8
45244,9,8
45245,8,5
45246,3,5
45247,9,8
45248,6,7
45249,8,5
45250,5,9
45251,2,1
45252,4,3
45253,1,0
45254,1,0
45255,0,2
45256,5,8
45257,7,3
45258,7,6
45259,2,1
45260,3,5
45261,5,9
45262,6,7
45263,5,9
45264,3,5
45265,6,7
45266,3,5
45267,6,7
45268,2,1
45269,6,7
45270,8,9
45271,3,5
45272,3,5
45273,3,5
45274,6,1
45275,3,5
45276,0,2
45277,1,0
45278,4,3
45279,7,3
45280,4,4
45281,2,1
45282,5,1
45283,2,1
45284,1,0
45285,7,3
45286,8,9
45287,2,1
45288,0,2
45289,3,5
45290,1,0
45291,6,7
45292,5,5
45293,8,5
45294,6,7
45295,5,5
45296,4,8
45297,1,0
45298,8,5
45299,4,8
45300,6,8
45301,9,8
45302,1,0
45303,0,2
45304,9,8
45305,5,9
45306,2,5
45307,0,2
45308,9,3
45309,6,7
45310,7,4
45311,8,5
45312,3,5
45313,8,5
45314,7,8
45315,0,2
45316,4,3
45317,8,5
45318,4,8
45319,2,1
45320,1,0
45321,3,5
45322,9,3
45323,9,8
45324,6,7
45325,4,3
45326,8,9
45327,3,5
45328,3,5
45329,7,8
45330,4,8
45331,1,0
45332,2,1
45333,7,8
45334,5,9
45335,6,7
45336,3,5
45337,9,8
45338,6,7
45339,4,8
45340,3,5
45341,2,1
45342,2,1
45343,9,3
45344,5,5
45345,9,3
45346,2,1
45347,2,1
45348,2,5
45349,0,2
45350,2,1
45351,8,5
45352,9,3
45353,4,8
45354,0,2
45355,9,8
45356,8,3
45357,4,3
45358,2,1
45359,0,2
45360,5,9
45361,7,8
45362,2,1
45363,1,0
45364,3,5
45365,3,5
45366,1,0
45367,2,1
45368,6,7
45369,9,3
45370,9,3
45371,0,2
45372,1,0
45373,1,6
45374,7,4
45375,2,1
45376,6,8
45377,3,5
45378,2,1
45379,8,9
45380,9,3
45381,9,4
45382,7,3
45383,0,2
45384,0,2
45385,1,6
45386,0,2
45387,2,1
45388,9,8
45389,3,9
45390,5,5
45391,4,1
45392,7,4
45393,5,9
45394,4,8
45395,6,7
45396,3,9
45397,7,4
45398,3,9
45399,8,9
45400,3,5
45401,0,2
45402,0,2
45403,1,6
45404,4,8
45405,2,1
45406,2,6
45407,3,5
45408,3,5
45409,6,7
45410,6,7
45411,7,4
45412,2,1
45413,8,9
45414,2,4
45415,9,4
45416,8,9
45417,0,2
45418,0,2
45419,3,5
45420,2,1
45421,9,4
45422,0,5
45423,5,9
45424,4,8
45425,6,7
45426,0,7
45427,8,9
45428,7,3
45429,4,4
45430,2,1
45431,9,4
45432,5,9
45433,1,6
45434,0,2
45435,7,4
45436,3,5
45437,1,6
45438,1,0
45439,2,1
45440,9,3
45441,3,9
45442,0,2
45443,5,2
45444,1,0
45445,9,4
45446,7,3
45447,6,7
45448,6,7
45449,9,4
45450,9,8
45451,1,6
45452,5,5
45453,2,1
45454,8,5
45455,0,9
45456,7,1
45457,7,4
45458,8,0
45459,2,1
45460,6,7
45461,9,4
45462,2,1
45463,8,9
45464,2,1
45465,9,4
45466,7,4
45467,0,2
45468,3,5
45469,7,4
45470,5,5
45471,1,6
45472,4,3
45473,3,1
45474,3,5
45475,0,2
45476,0,2
45477,3,9
45478,6,7
45479,6,7
45480,3,9
45481,8,9
45482,5,5
45483,7,4
45484,2,1
45485,4,4
45486,2,8
45487,9,4
45488,2,1
45489,7,4
45490,5,5
45491,5,1
45492,7,4
45493,8,9
45494,0,2
45495,1,6
45496,7,4
45497,5,9
45498,2,1
45499,1,6
45500,2,1
45501,2,7
45502,1,1
45503,0,2
45504,0,2
45505,2,1
45506,6,7
45507,4,4
45508,3,5
45509,3,9
45510,6,7
45511,0,2
45512,5,9
45513,0,2
45514,6,7
45515,0,2
45516,1,0
45517,3,5
45518,7,3
45519,5,9
45520,8,5
45521,7,3
45522,0,2
45523,6,7
45524,7,3
45525,9,3
45526,5,9
45527,9,4
45528,9,8
45529,8,9
45530,7,3
45531,2,1
45532,1,0
45533,7,2
45534,5,9
45535,7,4
45536,5,5
45537,1,6
45538,4,3
45539,0,2
45540,0,7
45541,1,0
45542,6,7
45543,2,1
45544,0,2
45545,3,5
45546,1,0
45547,5,5
45548,7,3
45549,6,7
45550,4,8
45551,7,3
45552,6,7
45553,8,5
45554,3,5
45555,9,3
45556,1,0
45557,0,2
45558,6,7
45559,1,0
45560,4,4
45561,2,1
45562,5,9
45563,3,5
45564,4,3
45565,4,3
45566,6,2
45567,5,5
45568,2,1
45569,6,7
45570,7,4
45571,7,3
45572,1,0
45573,8,5
45574,4,3
45575,9,3
45576,8,9
45577,0,2
45578,4,3
45579,1,0
45580,6,7
45581,6,7
45582,5,5
45583,7,3
45584,2,1
45585,8,5
45586,3,5
45587,9,3
45588,1,6
45589,0,5
45590,4,3
45591,5,5
45592,7,4
45593,6,7
45594,7,8
45595,8,5
45596,0,2
45597,3,5
45598,1,0
45599,3,5
45600,7,8
45601,3,5
45602,5,4
45603,9,3
45604,5,3
45605,9,3
45606,7,3
45607,5,5
45608,0,2
45609,6,7
45610,3,5
45611,4,3
45612,3,5
45613,4,3
45614,6,6
45615,7,8
45616,5,2
45617,0,5
45618,7,3
45619,3,5
45620,2,1
45621,9,8
45622,6,1
45623,6,7
45624,5,5
45625,9,3
45626,7,3
45627,1,0
45628,3,5
45629,5,5
45630,6,7
45631,2,1
45632,9,8
45633,6,7
45634,6,7
45635,6,7
45636,3,5
45637,7,3
45638,2,1
45639,8,5
45640,6,7
45641,1,0
45642,3,5
45643,6,7
45644,3,5
45645,7,3
45646,8,5
45647,8,5
45648,2,1
45649,8,5
45650,1,0
45651,1,0
45652,7,3
45653,8,5
45654,9,3
45655,3,5
45656,3,5
45657,7,3
45658,3,5
45659,1,0
45660,8,9
45661,2,1
45662,2,1
45663,7,3
45664,6,7
45665,1,0
45666,1,0
45667,5,9
45668,6,9
45669,0,7
45670,4,3
45671,9,3
45672,2,1
45673,8,5
45674,4,8
45675,3,5
45676,0,2
45677,1,0
45678,8,9
45679,8,9
45680,7,4
45681,4,3
45682,0,2
45683,1,0
45684,8,5
45685,4,3
45686,6,8
45687,3,5
45688,9,8
45689,9,3
45690,1,0
45691,7,3
45692,8,4
45693,1,0
45694,9,4
45695,0,2
45696,3,5
45697,7,4
45698,2,1
45699,3,5
45700,9,3
45701,0,2
45702,6,7
45703,1,6
45704,3,5
45705,2,1
45706,8,4
45707,3,5
45708,9,3
45709,4,8
45710,8,5
45711,5,9
45712,3,5
45713,6,7
45714,2,1
45715,7,3
45716,5,5
45717,8,3
45718,4,8
45719,9,3
45720,7,4
45721,0,2
45722,0,9
45723,1,6
45724,4,8
45725,2,1
45726,5,5
45727,3,1
45728,0,2
45729,4,3
45730,1,0
45731,5,9
45732,3,5
45733,6,7
45734,3,5
45735,7,4
45736,3,8
45737,8,9
45738,8,9
45739,9,4
45740,4,8
45741,0,2
45742,6,7
45743,1,6
45744,7,8
45745,2,1
45746,8,5
45747,3,5
45748,0,2
45749,4,4
45750,6,7
45751,4,4
45752,4,0
45753,5,2
45754,1,0
45755,6,1
45756,9,3
45757,6,7
45758,3,5
45759,3,5
45760,0,2
45761,4,8
45762,9,3
45763,2,2
45764,3,5
45765,8,9
45766,0,2
45767,1,6
45768,1,0
45769,0,2
45770,5,8
45771,6,7
45772,8,5
45773,4,7
45774,3,5
45775,9,4
45776,7,4
45777,7,4
45778,4,8
45779,2,1
45780,5,9
45781,3,5
45782,1,0
45783,3,5
45784,9,9
45785,9,8
45786,3,5
45787,9,4
45788,4,4
45789,3,5
45790,1,0
45791,3,5
45792,2,5
45793,9,3
45794,4,8
45795,1,6
45796,3,5
45797,5,9
45798,8,5
45799,2,1
45800,9,1
45801,3,5
45802,8,5
45803,1,6
45804,7,4
45805,6,7
45806,7,8
45807,7,4
45808,5,8
45809,3,5
45810,9,3
45811,7,4
45812,0,2
45813,8,5
45814,3,5
45815,4,4
45816,1,6
45817,0,2
45818,2,1
45819,2,1
45820,1,0
45821,4,8
45822,3,5
45823,0,9
45824,9,3
45825,2,1
45826,5,2
45827,4,4
45828,9,3
45829,7,3
45830,0,2
45831,8,9
45832,2,1
45833,0,9
45834,4,3
45835,7,4
45836,3,5
45837,0,9
45838,2,1
45839,6,7
45840,0,2
45841,9,4
45842,8,9
45843,3,5
45844,7,8
45845,2,1
45846,6,9
45847,4,4
45848,3,5
45849,8,4
45850,3,5
45851,6,7
45852,2,1
45853,0,2
45854,3,5
45855,1,6
45856,6,7
45857,0,2
45858,1,0
45859,8,5
45860,4,3
45861,1,6
45862,3,5
45863,6,7
45864,9,8
45865,7,4
45866,8,5
45867,2,1
45868,2,8
45869,9,4
45870,5,9
45871,7,4
45872,5,5
45873,9,4
45874,8,9
45875,5,1
45876,4,7
45877,8,9
45878,3,9
45879,9,4
45880,2,5
45881,6,7
45882,8,5
45883,5,9
45884,8,5
45885,2,1
45886,5,5
45887,6,1
45888,9,5
45889,2,1
45890,5,5
45891,8,5
45892,9,3
45893,1,6
45894,5,5
45895,7,4
45896,8,5
45897,5,9
45898,8,9
45899,5,9
45900,1,0
45901,7,6
45902,3,5
45903,3,5
45904,2,1
45905,0,2
45906,2,1
45907,1,6
45908,0,2
45909,1,6
45910,6,7
45911,3,4
45912,4,8
45913,8,9
45914,6,7
45915,4,8
45916,4,8
45917,9,4
45918,8,5
45919,5,5
45920,2,1
45921,1,6
45922,9,8
45923,8,9
45924,5,9
45925,9,4
45926,1,0
45927,1,6
45928,4,8
45929,2,1
45930,7,4
45931,1,6
45932,2,1
45933,5,9
45934,6,7
45935,6,7
45936,4,8
45937,7,4
45938,8,5
45939,0,2
45940,3,5
45941,1,6
45942,0,2
45943,2,1
45944,9,3
45945,3,5
45946,3,5
45947,5,5
45948,8,5
45949,6,7
45950,4,3
45951,7,4
45952,0,2
45953,0,2
45954,8,4
45955,1,6
45956,8,9
45957,2,1
45958,2,1
45959,3,5
45960,0,2
45961,1,9
45962,1,0
45963,5,2
45964,2,1
45965,6,7
45966,0,2
45967,7,3
45968,8,5
45969,9,4
45970,3,5
45971,8,9
45972,2,5
45973,7,4
45974,1,0
45975,0,2
45976,8,9
45977,2,1
45978,7,8
45979,3,9
45980,9,3
45981,4,4
45982,4,8
45983,3,9
45984,6,7
45985,8,9
45986,6,7
45987,5,9
45988,8,9
45989,1,6
45990,3,5
45991,5,5
45992,7,6
45993,2,1
45994,1,0
45995,3,5
45996,1,0
45997,0,2
45998,2,5
45999,1,6
46000,9,3
46001,2,8
46002,2,6
46003,6,2
46004,4,8
46005,3,9
46006,1,0
46007,0,2
46008,9,8
46009,7,4
46010,0,2
46011,2,1
46012,1,0
46013,6,7
46014,0,2
46015,1,1
46016,7,6
46017,0,2
46018,8,5
46019,5,9
46020,9,3
46021,9,8
46022,4,8
46023,9,4
46024,6,7
46025,8,9
46026,1,0
46027,3,5
46028,2,1
46029,1,6
46030,9,4
46031,7,4
46032,9,3
46033,4,4
46034,8,9
46035,7,3
46036,2,1
46037,4,4
46038,4,3
46039,0,2
46040,1,0
46041,0,2
46042,7,3
46043,6,7
46044,2,6
46045,6,2
46046,1,6
46047,2,1
46048,7,3
46049,6,7
46050,2,1
46051,3,9
46052,4,8
46053,7,4
46054,0,7
46055,7,3
46056,2,1
46057,4,4
46058,1,5
46059,4,4
46060,5,3
46061,3,9
46062,3,9
46063,8,9
46064,9,3
46065,9,3
46066,9,3
46067,6,7
46068,3,5
46069,0,2
46070,3,5
46071,9,9
46072,3,5
46073,5,7
46074,6,7
46075,3,5
46076,7,3
46077,1,6
46078,7,0
46079,3,5
46080,8,4
46081,7,4
46082,2,1
46083,2,1
46084,7,4
46085,1,6
46086,5,5
46087,9,4
46088,6,9
46089,1,6
46090,0,2
46091,5,9
46092,2,6
46093,1,6
46094,2,9
46095,7,4
46096,6,7
46097,4,8
46098,3,5
46099,8,9
46100,9,3
46101,6,7
46102,5,3
46103,1,6
46104,4,8
46105,2,1
46106,7,4
46107,1,6
46108,5,3
46109,6,7
46110,8,5
46111,0,2
46112,4,3
46113,1,6
46114,0,2
46115,2,4
46116,2,5
46117,3,5
46118,8,0
46119,7,4
46120,6,7
46121,8,9
46122,2,5
46123,9,4
46124,4,3
46125,0,2
46126,3,5
46127,1,6
46128,4,8
46129,2,1
46130,3,5
46131,6,7
46132,7,4
46133,7,4
46134,3,5
46135,8,9
46136,3,5
46137,9,3
46138,3,5
46139,0,2
46140,4,8
46141,1,6
46142,1,0
46143,2,1
46144,0,5
46145,3,5
46146,9,3
46147,7,4
46148,9,8
46149,5,9
46150,4,3
46151,7,4
46152,5,5
46153,7,3
46154,8,6
46155,7,3
46156,7,8
46157,3,5
46158,1,0
46159,1,6
46160,7,4
46161,9,4
46162,2,5
46163,2,9
46164,4,8
46165,1,6
46166,0,2
46167,6,9
46168,9,8
46169,5,9
46170,6,7
46171,7,4
46172,4,8
46173,1,6
46174,7,3
46175,8,9
46176,9,3
46177,6,7
46178,1,0
46179,9,3
46180,5,5
46181,1,6
46182,3,5
46183,0,2
46184,3,5
46185,1,6
46186,6,7
46187,3,8
46188,5,5
46189,6,7
46190,7,3
46191,8,9
46192,0,2
46193,9,3
46194,4,8
46195,5,9
46196,1,0
46197,2,1
46198,6,7
46199,1,6
46200,8,8
46201,7,3
46202,7,8
46203,5,8
46204,1,6
46205,6,7
46206,9,3
46207,6,7
46208,3,5
46209,6,7
46210,1,6
46211,3,5
46212,2,1
46213,1,6
46214,2,1
46215,7,3
46216,8,9
46217,2,1
46218,6,7
46219,2,1
46220,4,8
46221,3,5
46222,8,5
46223,8,9
46224,2,1
46225,1,6
46226,8,9
46227,0,2
46228,3,5
46229,6,7
46230,4,3
46231,8,9
46232,4,8
46233,8,9
46234,4,3
46235,0,2
46236,1,0
46237,8,9
46238,9,8
46239,2,1
46240,1,0
46241,3,5
46242,3,9
46243,9,9
46244,5,5
46245,4,4
46246,3,5
46247,3,8
46248,7,9
46249,7,4
46250,2,1
46251,1,6
46252,8,9
46253,7,3
46254,1,0
46255,9,3
46256,1,0
46257,4,4
46258,8,8
46259,2,1
46260,7,4
46261,9,8
46262,2,5
46263,9,3
46264,7,3
46265,7,4
46266,2,5
46267,1,6
46268,1,6
46269,3,8
46270,8,5
46271,9,8
46272,6,7
46273,0,2
46274,7,1
46275,1,6
46276,1,0
46277,2,1
46278,7,8
46279,3,5
46280,3,5
46281,4,9
46282,9,3
46283,7,4
46284,9,8
46285,8,7
46286,2,1
46287,9,4
46288,2,1
46289,0,2
46290,5,5
46291,1,6
46292,0,2
46293,2,1
46294,0,2
46295,3,5
46296,3,9
46297,7,4
46298,9,8
46299,8,9
46300,5,0
46301,9,4
46302,1,6
46303,0,2
46304,1,0
46305,4,4
46306,3,5
46307,5,9
46308,9,3
46309,6,7
46310,6,7
46311,7,4
46312,5,8
46313,8,9
46314,4,3
46315,9,4
46316,9,0
46317,2,1
46318,9,3
46319,2,1
46320,8,5
46321,7,4
46322,5,9
46323,6,7
46324,4,7
46325,4,4
46326,1,0
46327,7,9
46328,0,2
46329,3,9
46330,8,9
46331,5,9
46332,0,2
46333,4,8
46334,1,6
46335,1,6
46336,9,5
46337,8,9
46338,8,1
46339,0,2
46340,7,3
46341,7,4
46342,1,0
46343,2,1
46344,0,2
46345,2,1
46346,8,9
46347,1,6
46348,8,1
46349,7,4
46350,3,5
46351,7,4
46352,4,3
46353,9,4
46354,3,3
46355,9,4
46356,7,4
46357,4,4
46358,5,9
46359,6,7
46360,1,0
46361,7,4
46362,9,8
46363,7,4
46364,2,1
46365,5,9
46366,5,2
46367,4,4
46368,8,2
46369,5,6
46370,3,5
46371,0,2
46372,1,6
46373,9,2
46374,4,8
46375,0,2
46376,7,3
46377,2,9
46378,5,5
46379,3,3
46380,8,5
46381,5,9
46382,6,7
46383,6,7
46384,4,8
46385,1,6
46386,2,5
46387,8,9
46388,4,8
46389,6,7
46390,6,7
46391,0,2
46392,6,7
46393,6,7
46394,2,1
46395,8,9
46396,8,5
46397,8,9
46398,0,2
46399,8,9
46400,2,1
46401,4,4
46402,4,3
46403,3,5
46404,7,7
46405,8,9
46406,3,5
46407,1,6
46408,2,1
46409,3,5
46410,0,2
46411,6,7
46412,0,2
46413,9,4
46414,2,1
46415,4,4
46416,1,0
46417,1,6
46418,5,9
46419,7,1
46420,6,7
46421,6,7
46422,7,4
46423,9,9
46424,3,5
46425,3,9
46426,7,8
46427,3,9
46428,8,5
46429,7,4
46430,0,2
46431,4,4
46432,6,2
46433,1,6
46434,1,0
46435,9,9
46436,0,2
46437,1,9
46438,0,2
46439,0,2
46440,6,7
46441,6,7
46442,3,5
46443,0,2
46444,9,3
46445,1,0
46446,0,2
46447,2,8
46448,5,9
46449,3,5
46450,8,9
46451,4,3
46452,1,0
46453,5,5
46454,3,5
46455,6,7
46456,4,8
46457,7,8
46458,5,9
46459,0,2
46460,4,8
46461,1,0
46462,7,3
46463,2,1
46464,2,1
46465,3,5
46466,7,8
46467,4,3
46468,1,0
46469,5,5
46470,1,0
46471,6,7
46472,4,8
46473,7,8
46474,9,3
46475,8,9
46476,5,5
46477,9,3
46478,8,9
46479,0,2
46480,3,5
46481,1,6
46482,6,1
46483,2,1
46484,0,2
46485,3,5
46486,2,9
46487,4,8
46488,0,2
46489,5,9
46490,9,3
46491,6,7
46492,9,8
46493,7,8
46494,0,2
46495,8,9
46496,1,0
46497,9,3
46498,4,3
46499,1,0
46500,3,9
46501,7,3
46502,8,5
46503,4,3
46504,8,9
46505,8,9
46506,3,5
46507,1,0
46508,8,9
46509,5,9
46510,2,5
46511,6,7
46512,1,6
46513,5,9
46514,7,4
46515,7,3
46516,0,2
46517,2,1
46518,1,6
46519,8,9
46520,1,0
46521,6,7
46522,5,5
46523,3,5
46524,6,8
46525,3,5
46526,6,7
46527,8,5
46528,8,5
46529,6,7
46530,4,8
46531,5,9
46532,3,5
46533,4,8
46534,3,5
46535,0,2
46536,6,7
46537,9,3
46538,6,7
46539,1,0
46540,2,1
46541,7,8
46542,1,0
46543,2,8
46544,5,5
46545,9,3
46546,2,5
46547,1,0
46548,3,5
46549,3,5
46550,4,8
46551,2,1
46552,1,0
46553,2,1
46554,5,5
46555,3,5
46556,2,1
46557,0,9
46558,6,7
46559,6,7
46560,0,2
46561,4,8
46562,0,2
46563,3,5
46564,4,3
46565,7,3
46566,3,5
46567,6,7
46568,4,8
46569,9,3
46570,3,5
46571,0,9
46572,9,3
46573,8,5
46574,2,1
46575,1,0
46576,5,9
46577,4,3
46578,9,8
46579,0,2
46580,6,9
46581,6,7
46582,0,2
46583,1,0
46584,8,9
46585,2,1
46586,2,1
46587,6,7
46588,3,5
46589,9,3
46590,6,7
46591,2,1
46592,3,5
46593,2,1
46594,6,1
46595,3,5
46596,0,9
46597,5,5
46598,1,6
46599,5,9
46600,3,5
46601,1,0
46602,9,3
46603,0,9
46604,0,2
46605,7,4
46606,2,1
46607,7,3
46608,5,5
46609,9,3
46610,5,5
46611,6,7
46612,5,9
46613,4,3
46614,8,9
46615,7,8
46616,8,5
46617,0,2
46618,7,3
46619,2,1
46620,2,1
46621,3,5
46622,4,3
46623,4,3
46624,4,3
46625,0,2
46626,6,8
46627,0,2
46628,0,2
46629,8,9
46630,7,4
46631,8,5
46632,6,1
46633,8,5
46634,3,5
46635,5,9
46636,7,3
46637,1,0
46638,7,3
46639,3,5
46640,5,5
46641,7,3
46642,7,3
46643,4,3
46644,4,8
46645,9,8
46646,6,1
46647,8,5
46648,7,4
46649,8,5
46650,8,9
46651,9,3
46652,3,5
46653,0,2
46654,0,5
46655,9,3
46656,2,1
46657,8,5
46658,8,0
46659,9,3
46660,9,3
46661,0,2
46662,9,3
46663,2,1
46664,1,0
46665,6,7
46666,3,5
46667,5,5
46668,4,8
46669,6,7
46670,6,1
46671,7,4
46672,7,3
46673,7,3
46674,3,5
46675,5,9
46676,6,1
46677,4,3
46678,2,1
46679,1,0
46680,0,2
46681,3,5
46682,6,1
46683,0,2
46684,6,7
46685,1,0
46686,7,4
46687,2,1
46688,7,3
46689,3,1
46690,2,5
46691,4,8
46692,3,5
46693,5,9
46694,2,1
46695,6,7
46696,1,0
46697,7,3
46698,9,9
46699,8,9
46700,5,8
46701,9,3
46702,3,5
46703,0,2
46704,6,7
46705,1,0
46706,9,8
46707,2,1
46708,2,1
46709,3,5
46710,2,1
46711,4,8
46712,4,8
46713,5,9
46714,9,8
46715,6,7
46716,4,9
46717,7,3
46718,1,0
46719,8,5
46720,5,5
46721,9,3
46722,1,0
46723,0,2
46724,7,3
46725,1,0
46726,0,3
46727,2,1
46728,4,8
46729,3,5
46730,8,5
46731,4,8
46732,6,7
46733,5,9
46734,4,9
46735,6,7
46736,3,5
46737,7,3
46738,8,5
46739,8,9
46740,0,2
46741,9,8
46742,9,8
46743,3,5
46744,7,4
46745,4,8
46746,0,8
46747,1,0
46748,0,9
46749,4,8
46750,6,7
46751,0,2
46752,7,3
46753,8,5
46754,4,8
46755,6,7
46756,8,9
46757,4,8
46758,8,5
46759,5,9
46760,2,1
46761,4,8
46762,9,4
46763,0,2
46764,8,5
46765,7,3
46766,4,8
46767,8,3
46768,5,5
46769,7,3
46770,7,8
46771,7,3
46772,0,2
46773,9,8
46774,5,3
46775,0,2
46776,8,3
46777,4,8
46778,9,4
46779,7,4
46780,1,0
46781,4,3
46782,1,6
46783,2,1
46784,9,8
46785,0,2
46786,4,4
46787,5,9
46788,6,7
46789,8,8
46790,4,8
46791,8,9
46792,1,0
46793,8,9
46794,8,9
46795,4,8
46796,0,2
46797,0,2
46798,4,8
46799,7,3
46800,9,8
46801,1,6
46802,9,8
46803,3,5
46804,6,7
46805,5,9
46806,4,3
46807,3,5
46808,5,5
46809,1,0
46810,0,2
46811,6,7
46812,0,2
46813,5,9
46814,9,8
46815,3,5
46816,8,9
46817,8,5
46818,0,9
46819,7,3
46820,7,3
46821,3,5
46822,0,2
46823,1,0
46824,5,9
46825,6,7
46826,0,2
46827,8,5
46828,9,3
46829,5,9
46830,2,1
46831,9,8
46832,7,4
46833,2,1
46834,3,5
46835,2,1
46836,7,4
46837,0,2
46838,3,5
46839,9,3
46840,1,0
46841,2,1
46842,1,0
46843,4,3
46844,6,9
46845,6,7
46846,4,8
46847,5,9
46848,3,5
46849,2,1
46850,1,6
46851,7,3
46852,4,8
46853,3,5
46854,3,5
46855,1,0
46856,3,5
46857,3,5
46858,7,4
46859,6,7
46860,0,9
46861,6,7
46862,5,5
46863,2,1
46864,8,5
46865,1,0
46866,9,8
46867,2,1
46868,0,2
46869,6,8
46870,9,8
46871,0,2
46872,8,5
46873,7,3
46874,7,0
46875,7,4
46876,8,9
46877,4,3
46878,5,5
46879,7,4
46880,1,0
46881,4,4
46882,3,5
46883,8,9
46884,4,3
46885,9,3
46886,4,8
46887,2,1
46888,7,3
46889,9,8
46890,5,5
46891,5,9
46892,0,2
46893,1,6
46894,4,3
46895,5,9
46896,0,2
46897,8,5
46898,6,7
46899,3,5
46900,3,5
46901,5,5
46902,3,3
46903,6,7
46904,8,9
46905,0,2
46906,7,3
46907,9,3
46908,3,5
46909,9,3
46910,2,1
46911,3,5
46912,2,1
46913,1,0
46914,5,5
46915,1,0
46916,1,0
46917,0,2
46918,3,9
46919,1,0
46920,4,3
46921,2,1
46922,4,8
46923,3,2
46924,5,5
46925,4,3
46926,0,2
46927,8,9
46928,7,3
46929,9,3
46930,1,0
46931,0,2
46932,3,5
46933,1,0
46934,1,6
46935,2,1
46936,1,0
46937,3,2
46938,7,6
46939,4,3
46940,2,1
46941,5,1
46942,8,9
46943,6,7
46944,0,2
46945,7,4
46946,9,8
46947,0,2
46948,5,8
46949,1,6
46950,7,3
46951,2,1
46952,0,2
46953,3,2
46954,1,6
46955,4,3
46956,2,1
46957,7,3
46958,9,5
46959,8,9
46960,4,8
46961,9,4
46962,0,2
46963,0,2
46964,7,3
46965,5,9
46966,2,1
46967,6,7
46968,5,9
46969,8,9
46970,9,3
46971,3,5
46972,9,8
46973,9,3
46974,2,1
46975,0,2
46976,4,7
46977,2,1
46978,2,1
46979,3,5
46980,0,2
46981,3,5
46982,8,7
46983,3,5
46984,1,0
46985,9,3
46986,3,0
46987,9,3
46988,8,9
46989,5,9
46990,5,5
46991,6,7
46992,0,2
46993,4,8
46994,6,7
46995,4,4
46996,5,5
46997,2,1
46998,8,5
46999,5,9
47000,0,2
47001,4,4
47002,4,8
47003,7,4
47004,1,0
47005,0,9
47006,6,7
47007,3,5
47008,8,5
47009,9,3
47010,9,3
47011,6,7
47012,2,7
47013,8,9
47014,6,7
47015,7,4
47016,5,5
47017,9,3
47018,6,7
47019,1,6
47020,5,8
47021,5,9
47022,1,9
47023,2,1
47024,2,1
47025,6,7
47026,6,7
47027,3,5
47028,4,8
47029,4,4
47030,8,9
47031,0,9
47032,6,7
47033,4,4
47034,8,0
47035,1,6
47036,2,7
47037,6,7
47038,8,8
47039,5,9
47040,9,3
47041,1,6
47042,0,2
47043,2,1
47044,4,8
47045,6,7
47046,0,2
47047,6,7
47048,9,4
47049,7,3
47050,1,0
47051,8,9
47052,8,5
47053,8,9
47054,1,6
47055,1,6
47056,9,8
47057,8,9
47058,4,8
47059,3,5
47060,5,5
47061,7,4
47062,7,1
47063,1,6
47064,6,7
47065,2,1
47066,8,9
47067,7,4
47068,4,3
47069,0,2
47070,4,3
47071,7,4
47072,0,2
47073,0,2
47074,8,5
47075,1,6
47076,8,5
47077,5,9
47078,0,2
47079,0,2
47080,8,5
47081,5,9
47082,9,3
47083,2,1
47084,6,7
47085,8,9
47086,4,8
47087,0,2
47088,2,1
47089,4,6
47090,3,5
47091,9,4
47092,4,8
47093,8,9
47094,4,8
47095,3,5
47096,0,2
47097,1,6
47098,5,9
47099,8,9
47100,8,5
47101,2,1
47102,2,1
47103,9,3
47104,5,9
47105,9,4
47106,6,7
47107,5,9
47108,1,0
47109,4,3
47110,7,4
47111,8,9
47112,6,7
47113,2,1
47114,2,1
47115,5,1
47116,8,5
47117,7,3
47118,1,0
47119,1,6
47120,9,8
47121,4,4
47122,8,5
47123,3,5
47124,0,2
47125,9,3
47126,9,4
47127,7,4
47128,4,8
47129,1,6
47130,5,5
47131,2,1
47132,2,5
47133,6,7
47134,9,8
47135,0,2
47136,8,9
47137,7,4
47138,5,2
47139,0,2
47140,3,7
47141,1,0
47142,2,7
47143,2,1
47144,8,9
47145,3,5
47146,5,5
47147,6,7
47148,9,3
47149,7,3
47150,0,9
47151,8,9
47152,8,9
47153,1,6
47154,8,1
47155,2,1
47156,0,2
47157,3,5
47158,1,0
47159,4,7
47160,7,8
47161,7,3
47162,6,7
47163,8,9
47164,2,1
47165,9,3
47166,0,2
47167,0,2
47168,7,3
47169,1,6
47170,7,4
47171,2,1
47172,0,5
47173,3,5
47174,0,2
47175,4,3
47176,8,5
47177,5,5
47178,9,3
47179,6,7
47180,7,8
47181,7,4
47182,7,3
47183,8,9
47184,7,3
47185,9,4
47186,0,2
47187,1,6
47188,8,9
47189,2,1
47190,0,2
47191,6,7
47192,3,5
47193,5,9
47194,1,0
47195,3,5
47196,9,3
47197,0,2
47198,4,8
47199,2,1
47200,1,0
47201,8,9
47202,0,2
47203,7,3
47204,5,9
47205,0,2
47206,7,3
47207,3,5
47208,5,9
47209,6,7
47210,4,8
47211,4,1
47212,8,9
47213,1,0
47214,6,1
47215,4,7
47216,1,6
47217,3,8
47218,8,5
47219,6,7
47220,6,1
47221,7,3
47222,1,0
47223,2,1
47224,1,6
47225,3,5
47226,2,1
47227,9,3
47228,2,1
47229,1,6
47230,2,1
47231,2,1
47232,7,3
47233,1,0
47234,1,0
47235,2,1
47236,1,0
47237,9,3
47238,2,1
47239,6,7
47240,4,8
47241,0,7
47242,7,4
47243,1,6
47244,9,3
47245,3,5
47246,2,2
47247,0,2
47248,7,3
47249,2,2
47250,5,4
47251,5,5
47252,4,8
47253,7,3
47254,2,1
47255,2,9
47256,5,9
47257,9,3
47258,2,5
47259,1,6
47260,6,1
47261,9,8
47262,7,3
47263,0,9
47264,9,0
47265,6,7
47266,7,3
47267,0,2
47268,1,0
47269,6,7
47270,2,1
47271,0,2
47272,1,0
47273,2,1
47274,8,4
47275,0,2
47276,4,8
47277,6,7
47278,5,8
47279,1,6
47280,3,5
47281,5,9
47282,4,8
47283,8,9
47284,5,9
47285,4,8
47286,7,3
47287,3,5
47288,6,7
47289,0,2
47290,2,5
47291,1,0
47292,9,3
47293,4,1
47294,0,2
47295,8,5
47296,5,9
47297,8,4
47298,8,9
47299,4,8
47300,6,7
47301,5,9
47302,2,1
47303,7,8
47304,8,9
47305,5,5
47306,2,1
47307,7,4
47308,4,3
47309,8,9
47310,1,0
47311,3,5
47312,8,9
47313,4,3
47314,5,5
47315,8,9
47316,0,2
47317,8,6
47318,4,8
47319,5,5
47320,5,3
47321,2,1
47322,8,1
47323,9,3
47324,0,2
47325,7,3
47326,4,3
47327,1,6
47328,8,9
47329,3,5
47330,4,3
47331,8,9
47332,9,3
47333,1,6
47334,4,8
47335,0,9
47336,4,3
47337,7,8
47338,1,0
47339,5,5
47340,1,3
47341,9,3
47342,2,7
47343,6,7
47344,0,2
47345,9,4
47346,0,7
47347,4,4
47348,5,5
47349,7,4
47350,1,0
47351,7,3
47352,3,3
47353,9,4
47354,2,1
47355,9,3
47356,3,5
47357,5,5
47358,6,9
47359,8,9
47360,1,0
47361,3,3
47362,7,4
47363,4,3
47364,7,0
47365,4,7
47366,5,5
47367,3,5
47368,4,8
47369,2,1
47370,0,2
47371,0,2
47372,0,2
47373,1,6
47374,7,3
47375,2,1
47376,6,5
47377,3,9
47378,2,1
47379,4,7
47380,3,5
47381,5,9
47382,1,0
47383,6,2
47384,1,6
47385,7,4
47386,0,2
47387,8,9
47388,1,0
47389,0,2
47390,9,3
47391,1,6
47392,8,9
47393,2,1
47394,1,6
47395,3,9
47396,0,2
47397,4,4
47398,9,4
47399,7,4
47400,1,0
47401,8,9
47402,7,4
47403,9,9
47404,6,7
47405,0,2
47406,0,2
47407,1,6
47408,2,1
47409,2,9
47410,4,3
47411,3,5
47412,5,9
47413,4,4
47414,5,5
47415,6,7
47416,7,3
47417,7,4
47418,6,7
47419,0,9
47420,8,5
47421,8,6
47422,0,2
47423,7,4
47424,3,5
47425,8,9
47426,3,5
47427,9,4
47428,5,5
47429,1,6
47430,6,7
47431,4,4
47432,6,7
47433,5,9
47434,1,0
47435,1,6
47436,6,7
47437,6,7
47438,8,9
47439,7,4
47440,1,0
47441,3,5
47442,1,0
47443,2,1
47444,5,9
47445,9,4
47446,1,0
47447,0,2
47448,2,2
47449,5,9
47450,6,1
47451,6,7
47452,0,7
47453,7,4
47454,6,7
47455,3,9
47456,9,3
47457,9,4
47458,6,9
47459,9,4
47460,2,1
47461,3,9
47462,8,5
47463,8,9
47464,7,3
47465,1,6
47466,0,2
47467,2,1
47468,5,5
47469,3,9
47470,0,2
47471,5,9
47472,6,9
47473,0,1
47474,6,7
47475,5,9
47476,0,2
47477,4,4
47478,8,5
47479,0,1
47480,0,2
47481,3,9
47482,0,7
47483,4,4
47484,8,5
47485,7,3
47486,6,7
47487,7,3
47488,0,9
47489,9,3
47490,1,0
47491,4,8
47492,6,7
47493,3,9
47494,5,8
47495,7,4
47496,3,5
47497,6,7
47498,8,6
47499,2,7
47500,4,3
47501,1,6
47502,1,0
47503,5,9
47504,7,3
47505,8,9
47506,8,3
47507,4,4
47508,2,1
47509,6,7
47510,3,5
47511,7,4
47512,8,9
47513,0,2
47514,3,5
47515,2,1
47516,1,0
47517,9,4
47518,4,8
47519,3,9
47520,3,8
47521,4,4
47522,2,5
47523,4,4
47524,6,7
47525,8,9
47526,5,9
47527,1,6
47528,5,9
47529,2,1
47530,2,1
47531,2,1
47532,4,3
47533,3,5
47534,2,1
47535,1,6
47536,7,4
47537,7,4
47538,8,5
47539,3,9
47540,9,3
47541,4,4
47542,1,0
47543,5,9
47544,7,3
47545,1,6
47546,8,5
47547,9,4
47548,8,9
47549,8,9
47550,8,5
47551,1,6
47552,0,2
47553,1,6
47554,5,5
47555,0,2
47556,9,3
47557,2,1
47558,4,8
47559,7,4
47560,7,2
47561,6,7
47562,6,9
47563,8,9
47564,6,7
47565,2,1
47566,4,4
47567,8,9
47568,7,3
47569,4,4
47570,7,4
47571,4,4
47572,0,2
47573,2,1
47574,6,7
47575,2,1
47576,1,6
47577,8,9
47578,2,1
47579,0,2
47580,1,0
47581,0,2
47582,8,5
47583,1,0
47584,6,7
47585,2,1
47586,5,5
47587,3,5
47588,9,8
47589,4,8
47590,2,1
47591,5,5
47592,3,5
47593,6,7
47594,3,8
47595,7,3
47596,7,3
47597,8,7
47598,2,5
47599,0,2
47600,7,3
47601,1,0
47602,3,5
47603,2,7
47604,7,3
47605,3,5
47606,4,8
47607,4,8
47608,4,8
47609,5,9
47610,2,1
47611,6,8
47612,2,1
47613,7,8
47614,2,1
47615,8,2
47616,0,2
47617,9,3
47618,3,5
47619,0,2
47620,3,5
47621,1,0
47622,5,9
47623,2,1
47624,5,5
47625,3,5
47626,0,2
47627,4,3
47628,3,5
47629,5,7
47630,5,5
47631,6,8
47632,8,5
47633,7,3
47634,8,3
47635,8,2
47636,6,1
47637,9,3
47638,1,0
47639,0,2
47640,7,3
47641,5,9
47642,1,6
47643,3,5
47644,1,0
47645,9,8
47646,5,3
47647,0,2
47648,8,9
47649,2,1
47650,2,1
47651,3,5
47652,2,5
47653,3,5
47654,3,5
47655,3,5
47656,8,5
47657,9,8
47658,2,1
47659,9,8
47660,8,5
47661,5,9
47662,9,8
47663,6,7
47664,9,8
47665,4,3
47666,7,3
47667,2,1
47668,1,0
47669,3,5
47670,1,0
47671,9,8
47672,1,0
47673,6,7
47674,4,8
47675,8,5
47676,3,5
47677,7,3
47678,3,9
47679,9,3
47680,4,8
47681,1,0
47682,7,8
47683,5,9
47684,3,5
47685,2,8
47686,2,1
47687,6,1
47688,2,1
47689,3,5
47690,0,9
47691,4,3
47692,1,0
47693,0,2
47694,6,7
47695,4,3
47696,0,7
47697,1,0
47698,7,3
47699,6,7
47700,7,3
47701,4,3
47702,1,0
47703,9,3
47704,0,2
47705,6,2
47706,2,1
47707,5,9
47708,4,4
47709,1,0
47710,2,5
47711,2,1
47712,9,8
47713,6,7
47714,0,2
47715,6,8
47716,0,2
47717,7,3
47718,5,9
47719,8,8
47720,3,5
47721,1,0
47722,0,2
47723,8,2
47724,3,5
47725,3,5
47726,8,9
47727,7,3
47728,8,5
47729,1,0
47730,8,9
47731,2,1
47732,4,3
47733,7,3
47734,1,0
47735,1,0
47736,0,2
47737,5,1
47738,6,7
47739,0,2
47740,0,2
47741,5,1
47742,3,5
47743,2,8
47744,4,8
47745,9,8
47746,3,5
47747,8,5
47748,8,9
47749,3,5
47750,4,8
47751,1,0
47752,0,2
47753,8,5
47754,2,1
47755,9,8
47756,0,2
47757,5,9
47758,1,0
47759,2,2
47760,3,5
47761,6,7
47762,9,4
47763,4,8
47764,4,8
47765,8,3
47766,9,3
47767,2,1
47768,5,3
47769,5,9
47770,1,0
47771,4,3
47772,6,7
47773,1,0
47774,6,7
47775,7,3
47776,1,0
47777,1,0
47778,6,7
47779,4,3
47780,2,1
47781,3,5
47782,2,5
47783,9,3
47784,1,0
47785,1,0
47786,0,2
47787,2,1
47788,9,4
47789,6,8
47790,1,6
47791,0,2
47792,6,9
47793,7,3
47794,6,7
47795,3,5
47796,1,6
47797,0,2
47798,6,7
47799,1,6
47800,7,4
47801,2,1
47802,3,5
47803,3,5
47804,2,1
47805,4,4
47806,7,3
47807,6,7
47808,6,7
47809,7,3
47810,6,7
47811,8,9
47812,0,2
47813,9,3
47814,4,8
47815,0,9
47816,0,2
47817,1,6
47818,3,5
47819,2,1
47820,0,2
47821,3,5
47822,0,2
47823,4,3
47824,6,7
47825,5,9
47826,4,3
47827,6,7
47828,5,8
47829,7,4
47830,1,0
47831,8,9
47832,5,5
47833,9,4
47834,3,5
47835,0,2
47836,9,4
47837,1,6
47838,3,5
47839,2,1
47840,6,7
47841,3,5
47842,2,1
47843,4,4
47844,7,1
47845,5,9
47846,5,9
47847,6,7
47848,5,3
47849,7,4
47850,1,0
47851,8,9
47852,7,3
47853,9,4
47854,5,3
47855,0,9
47856,5,9
47857,8,9
47858,5,3
47859,7,4
47860,0,2
47861,8,9
47862,2,1
47863,9,4
47864,6,7
47865,9,4
47866,5,5
47867,0,2
47868,1,6
47869,1,6
47870,9,8
47871,4,4
47872,3,5
47873,5,9
47874,9,3
47875,1,6
47876,3,5
47877,6,7
47878,9,3
47879,7,4
47880,1,0
47881,3,5
47882,8,5
47883,2,1
47884,4,8
47885,9,4
47886,8,5
47887,0,9
47888,8,9
47889,5,9
47890,2,7
47891,6,7
47892,8,9
47893,7,4
47894,9,4
47895,3,9
47896,8,9
47897,9,3
47898,7,3
47899,9,4
47900,2,1
47901,3,1
47902,0,2
47903,8,9
47904,1,0
47905,1,6
47906,7,3
47907,2,1
47908,1,0
47909,9,4
47910,1,6
47911,6,7
47912,2,7
47913,3,1
47914,0,2
47915,5,9
47916,6,7
47917,0,2
47918,9,4
47919,5,9
47920,5,5
47921,4,4
47922,2,1
47923,0,2
47924,2,1
47925,3,1
47926,8,8
47927,4,4
47928,1,0
47929,7,4
47930,3,0
47931,7,3
47932,6,7
47933,9,4
47934,5,8
47935,1,6
47936,8,5
47937,4,4
47938,5,5
47939,3,1
47940,5,5
47941,7,4
47942,8,9
47943,6,7
47944,5,5
47945,2,1
47946,3,3
47947,1,6
47948,8,9
47949,5,1
47950,3,5
47951,5,9
47952,5,5
47953,0,2
47954,6,7
47955,5,9
47956,2,1
47957,0,2
47958,9,3
47959,8,9
47960,1,6
47961,4,4
47962,6,1
47963,6,7
47964,8,9
47965,2,9
47966,2,0
47967,8,9
47968,5,9
47969,1,6
47970,3,5
47971,2,1
47972,5,9
47973,2,1
47974,9,3
47975,3,5
47976,0,2
47977,1,6
47978,7,3
47979,3,1
47980,6,7
47981,4,4
47982,1,0
47983,5,9
47984,2,6
47985,1,6
47986,1,0
47987,9,3
47988,7,0
47989,8,9
47990,2,1
47991,1,6
47992,3,5
47993,1,6
47994,1,0
47995,5,9
47996,4,8
47997,0,2
47998,1,0
47999,2,1
48000,4,3
48001,7,4
48002,8,5
48003,8,9
48004,5,5
48005,6,7
48006,6,2
48007,8,9
48008,2,1
48009,2,1
48010,7,8
48011,8,9
48012,0,2
48013,4,4
48014,3,5
48015,4,4
48016,5,5
48017,2,1
48018,4,8
48019,2,1
48020,4,3
48021,8,9
48022,1,6
48023,0,2
48024,1,0
48025,0,2
48026,0,2
48027,1,0
48028,8,9
48029,2,1
48030,9,8
48031,3,5
48032,6,7
48033,6,7
48034,2,1
48035,7,4
48036,9,3
48037,8,9
48038,3,5
48039,0,2
48040,1,6
48041,1,0
48042,9,3
48043,2,1
48044,1,0
48045,3,5
48046,5,9
48047,4,3
48048,4,8
48049,5,5
48050,7,3
48051,6,7
48052,6,7
48053,7,3
48054,6,7
48055,8,9
48056,4,8
48057,9,4
48058,5,9
48059,0,2
48060,8,9
48061,1,0
48062,8,5
48063,2,1
48064,3,5
48065,3,0
48066,6,7
48067,4,3
48068,4,8
48069,5,9
48070,2,4
48071,6,7
48072,9,8
48073,7,4
48074,1,0
48075,8,9
48076,3,5
48077,9,0
48078,5,8
48079,1,0
48080,7,4
48081,8,9
48082,6,7
48083,6,7
48084,4,4
48085,1,6
48086,6,7
48087,4,4
48088,3,5
48089,9,3
48090,6,9
48091,3,9
48092,8,9
48093,7,4
48094,5,5
48095,7,4
48096,7,3
48097,9,3
48098,7,8
48099,1,0
48100,7,4
48101,8,9
48102,7,5
48103,4,4
48104,8,9
48105,7,4
48106,8,5
48107,2,1
48108,7,4
48109,2,1
48110,8,9
48111,0,2
48112,1,0
48113,5,9
48114,6,7
48115,8,9
48116,6,7
48117,6,7
48118,2,1
48119,1,0
48120,4,8
48121,0,2
48122,7,3
48123,4,8
48124,7,4
48125,7,4
48126,1,0
48127,1,0
48128,0,2
48129,2,1
48130,9,3
48131,1,0
48132,5,5
48133,6,7
48134,5,9
48135,7,8
48136,0,2
48137,3,5
48138,8,5
48139,3,5
48140,8,5
48141,6,7
48142,0,2
48143,5,9
48144,7,3
48145,6,7
48146,7,4
48147,2,1
48148,9,3
48149,8,9
48150,8,5
48151,7,4
48152,6,7
48153,6,7
48154,9,5
48155,8,5
48156,6,7
48157,9,3
48158,2,1
48159,9,3
48160,8,5
48161,5,5
48162,8,5
48163,3,9
48164,3,5
48165,7,3
48166,7,1
48167,0,2
48168,0,2
48169,6,7
48170,7,8
48171,9,3
48172,4,8
48173,0,2
48174,3,5
48175,1,6
48176,0,2
48177,1,6
48178,2,1
48179,3,9
48180,0,2
48181,2,1
48182,9,3
48183,1,6
48184,1,0
48185,0,9
48186,9,3
48187,0,2
48188,6,7
48189,1,6
48190,7,4
48191,2,1
48192,8,5
48193,3,5
48194,4,3
48195,4,8
48196,0,2
48197,5,9
48198,4,3
48199,6,7
48200,0,2
48201,7,4
48202,4,3
48203,8,9
48204,8,9
48205,9,3
48206,8,3
48207,0,2
48208,7,3
48209,1,6
48210,0,7
48211,2,1
48212,2,1
48213,3,5
48214,5,5
48215,4,3
48216,4,8
48217,5,9
48218,0,2
48219,6,7
48220,2,1
48221,7,4
48222,9,8
48223,8,9
48224,9,3
48225,9,3
48226,1,0
48227,0,2
48228,7,6
48229,1,6
48230,5,2
48231,2,1
48232,1,0
48233,3,5
48234,9,8
48235,4,8
48236,1,0
48237,5,9
48238,2,1
48239,6,7
48240,4,8
48241,7,8
48242,7,4
48243,8,9
48244,9,8
48245,9,3
48246,2,1
48247,7,4
48248,2,1
48249,5,9
48250,7,4
48251,5,9
48252,4,3
48253,1,6
48254,1,0
48255,9,8
48256,8,3
48257,9,3
48258,3,5
48259,7,3
48260,5,7
48261,1,0
48262,6,7
48263,0,2
48264,3,5
48265,9,8
48266,1,0
48267,0,2
48268,0,2
48269,5,9
48270,2,1
48271,7,8
48272,9,5
48273,1,0
48274,0,2
48275,7,3
48276,6,7
48277,2,7
48278,6,8
48279,2,7
48280,8,5
48281,3,5
48282,4,3
48283,6,7
48284,0,2
48285,8,4
48286,4,8
48287,0,2
48288,4,3
48289,8,9
48290,9,4
48291,3,5
48292,2,1
48293,2,1
48294,2,1
48295,0,2
48296,8,5
48297,9,3
48298,7,3
48299,0,2
48300,3,9
48301,6,7
48302,3,5
48303,1,6
48304,9,3
48305,7,3
48306,1,0
48307,5,9
48308,7,8
48309,8,9
48310,4,8
48311,3,5
48312,8,5
48313,4,8
48314,4,3
48315,7,4
48316,4,8
48317,6,7
48318,1,0
48319,6,7
48320,2,1
48321,3,7
48322,0,2
48323,2,7
48324,3,5
48325,3,5
48326,1,0
48327,4,3
48328,6,1
48329,8,3
48330,9,3
48331,8,9
48332,2,1
48333,7,3
48334,2,1
48335,1,0
48336,3,3
48337,0,2
48338,6,7
48339,8,4
48340,6,7
48341,7,8
48342,4,8
48343,7,8
48344,9,9
48345,5,9
48346,6,9
48347,9,8
48348,5,9
48349,2,7
48350,0,2
48351,8,9
48352,3,5
48353,5,9
48354,2,4
48355,3,5
48356,2,2
48357,4,3
48358,5,5
48359,6,7
48360,3,7
48361,1,6
48362,6,7
48363,1,0
48364,0,2
48365,4,3
48366,6,7
48367,5,9
48368,1,6
48369,5,9
48370,6,7
48371,0,2
48372,8,5
48373,4,8
48374,5,5
48375,8,3
48376,4,8
48377,7,3
48378,2,9
48379,4,8
48380,6,2
48381,9,3
48382,8,2
48383,2,1
48384,9,5
48385,3,5
48386,3,5
48387,6,7
48388,9,3
48389,4,3
48390,1,0
48391,2,1
48392,3,5
48393,4,3
48394,8,9
48395,1,6
48396,3,5
48397,5,7
48398,6,7
48399,4,8
48400,5,9
48401,2,1
48402,4,8
48403,0,2
48404,7,3
48405,4,3
48406,8,4
48407,8,9
48408,5,5
48409,6,7
48410,4,8
48411,1,6
48412,0,2
48413,9,8
48414,0,2
48415,3,5
48416,7,3
48417,2,1
48418,4,8
48419,0,2
48420,2,1
48421,0,2
48422,7,8
48423,2,1
48424,5,5
48425,5,9
48426,3,5
48427,6,7
48428,8,9
48429,9,3
48430,6,7
48431,3,5
48432,7,4
48433,6,7
48434,0,7
48435,3,5
48436,4,3
48437,6,1
48438,0,2
48439,0,2
48440,5,9
48441,1,6
48442,4,3
48443,2,1
48444,1,0
48445,3,5
48446,2,1
48447,4,4
48448,4,8
48449,5,5
48450,7,3
48451,6,7
48452,7,4
48453,7,3
48454,1,0
48455,8,9
48456,1,0
48457,9,8
48458,1,0
48459,0,2
48460,2,1
48461,1,6
48462,2,1
48463,2,1
48464,1,0
48465,3,9
48466,4,3
48467,4,8
48468,1,0
48469,5,9
48470,4,7
48471,6,9
48472,8,9
48473,7,4
48474,2,1
48475,8,9
48476,2,1
48477,9,8
48478,4,8
48479,0,2
48480,3,5
48481,1,6
48482,3,5
48483,2,1
48484,9,8
48485,3,9
48486,4,3
48487,4,8
48488,0,2
48489,5,5
48490,7,3
48491,6,7
48492,6,7
48493,6,7
48494,8,9
48495,8,5
48496,4,8
48497,2,1
48498,3,5
48499,3,5
48500,3,5
48501,7,4
48502,2,1
48503,8,9
48504,9,8
48505,6,7
48506,2,0
48507,6,7
48508,4,3
48509,8,9
48510,1,0
48511,0,2
48512,5,1
48513,1,6
48514,4,3
48515,7,4
48516,2,1
48517,1,6
48518,1,0
48519,7,3
48520,4,3
48521,3,9
48522,4,3
48523,0,2
48524,9,2
48525,2,1
48526,0,2
48527,2,1
48528,8,9
48529,0,2
48530,9,8
48531,2,1
48532,0,2
48533,5,5
48534,1,0
48535,4,4
48536,2,1
48537,1,6
48538,6,7
48539,6,7
48540,8,5
48541,5,9
48542,0,2
48543,1,6
48544,8,5
48545,2,1
48546,4,3
48547,0,2
48548,9,5
48549,2,1
48550,2,1
48551,3,5
48552,8,5
48553,4,4
48554,0,2
48555,8,9
48556,7,0
48557,3,5
48558,4,8
48559,8,9
48560,8,5
48561,5,5
48562,7,8
48563,3,5
48564,5,9
48565,6,7
48566,9,8
48567,5,5
48568,6,7
48569,9,3
48570,6,7
48571,8,9
48572,5,5
48573,1,6
48574,0,2
48575,7,4
48576,5,9
48577,9,4
48578,0,2
48579,3,9
48580,9,8
48581,4,4
48582,4,8
48583,1,6
48584,9,3
48585,7,4
48586,5,5
48587,3,9
48588,8,6
48589,9,4
48590,6,7
48591,6,7
48592,1,0
48593,7,4
48594,6,5
48595,4,4
48596,4,3
48597,9,4
48598,2,1
48599,3,8
48600,1,0
48601,0,2
48602,0,2
48603,9,3
48604,0,9
48605,6,7
48606,5,3
48607,0,2
48608,4,8
48609,6,7
48610,7,3
48611,1,6
48612,0,2
48613,0,9
48614,7,3
48615,5,5
48616,9,3
48617,8,9
48618,9,3
48619,7,1
48620,6,1
48621,2,1
48622,7,3
48623,5,9
48624,2,1
48625,1,6
48626,3,5
48627,0,2
48628,3,5
48629,1,6
48630,6,7
48631,0,2
48632,6,7
48633,9,8
48634,9,3
48635,4,4
48636,6,7
48637,5,5
48638,0,2
48639,7,3
48640,2,1
48641,0,2
48642,3,5
48643,2,1
48644,5,5
48645,1,6
48646,4,8
48647,9,4
48648,7,8
48649,6,2
48650,1,0
48651,7,4
48652,8,5
48653,4,4
48654,9,8
48655,8,9
48656,6,7
48657,8,9
48658,8,5
48659,5,9
48660,4,8
48661,0,2
48662,3,5
48663,1,0
48664,1,0
48665,2,9
48666,3,5
48667,3,5
48668,8,8
48669,4,3
48670,0,2
48671,5,9
48672,7,4
48673,6,7
48674,2,1
48675,7,4
48676,0,2
48677,0,2
48678,7,3
48679,1,0
48680,5,5
48681,2,2
48682,3,5
48683,3,5
48684,8,5
48685,4,8
48686,2,1
48687,5,9
48688,8,5
48689,6,7
48690,4,8
48691,7,3
48692,6,9
48693,8,9
48694,7,4
48695,0,2
48696,2,5
48697,1,0
48698,2,1
48699,2,1
48700,3,5
48701,3,5
48702,3,5
48703,4,8
48704,8,9
48705,5,9
48706,6,2
48707,6,7
48708,9,3
48709,7,4
48710,4,8
48711,8,9
48712,7,3
48713,9,3
48714,6,7
48715,0,2
48716,0,5
48717,7,3
48718,9,4
48719,0,2
48720,1,6
48721,7,3
48722,3,5
48723,8,9
48724,7,4
48725,3,5
48726,8,9
48727,0,2
48728,4,4
48729,0,2
48730,4,8
48731,5,7
48732,3,5
48733,5,5
48734,8,5
48735,3,5
48736,7,3
48737,8,9
48738,2,1
48739,8,9
48740,6,7
48741,1,0
48742,0,2
48743,8,5
48744,6,7
48745,4,8
48746,3,5
48747,9,8
48748,2,1
48749,6,7
48750,9,4
48751,1,6
48752,8,5
48753,8,9
48754,4,3
48755,0,2
48756,8,9
48757,2,1
48758,9,3
48759,7,3
48760,6,1
48761,3,5
48762,7,6
48763,4,3
48764,4,8
48765,1,0
48766,9,8
48767,2,9
48768,7,3
48769,5,9
48770,3,9
48771,9,8
48772,6,7
48773,8,9
48774,5,5
48775,9,8
48776,6,7
48777,5,5
48778,6,7
48779,4,8
48780,0,2
48781,3,5
48782,4,8
48783,3,5
48784,2,1
48785,4,8
48786,4,3
48787,7,4
48788,3,9
48789,9,8
48790,0,2
48791,0,2
48792,6,1
48793,1,0
48794,3,5
48795,9,3
48796,8,9
48797,1,0
48798,3,9
48799,2,1
48800,5,9
48801,7,8
48802,9,2
48803,9,3
48804,9,4
48805,1,6
48806,3,5
48807,0,2
48808,0,2
48809,6,7
48810,6,7
48811,2,9
48812,5,9
48813,4,8
48814,5,5
48815,0,2
48816,9,3
48817,3,5
48818,9,8
48819,4,8
48820,2,0
48821,6,7
48822,2,5
48823,6,7
48824,8,1
48825,5,5
48826,5,9
48827,6,7
48828,8,9
48829,7,3
48830,0,2
48831,1,0
48832,7,8
48833,4,8
48834,0,2
48835,4,8
48836,9,8
48837,2,9
48838,5,2
48839,6,7
48840,4,3
48841,2,1
48842,8,9
48843,9,8
48844,1,0
48845,1,0
48846,4,8
48847,5,9
48848,1,6
48849,3,5
48850,5,9
48851,1,0
48852,7,4
48853,4,4
48854,4,9
48855,8,9
48856,5,9
48857,6,7
48858,6,7
48859,3,5
48860,1,0
48861,7,3
48862,1,0
48863,0,2
48864,6,7
48865,5,7
48866,7,3
48867,6,7
48868,3,5
48869,7,3
48870,4,3
48871,1,6
48872,5,8
48873,3,5
48874,7,3
48875,8,9
48876,4,3
48877,2,1
48878,7,3
48879,6,7
48880,4,8
48881,2,1
48882,9,4
48883,6,7
48884,2,1
48885,4,8
48886,6,7
48887,2,7
48888,9,8
48889,7,3
48890,4,7
48891,8,9
48892,4,8
48893,7,4
48894,9,8
48895,0,2
48896,1,0
48897,1,6
48898,2,1
48899,2,5
48900,1,0
48901,3,5
48902,1,0
48903,4,3
48904,3,9
48905,5,9
48906,8,9
48907,6,7
48908,1,0
48909,7,4
48910,7,3
48911,0,2
48912,2,6
48913,1,6
48914,7,3
48915,2,9
48916,1,0
48917,3,9
48918,6,7
48919,4,4
48920,0,2
48921,5,9
48922,3,3
48923,7,4
48924,9,8
48925,8,9
48926,2,1
48927,9,9
48928,4,8
48929,0,2
48930,3,3
48931,1,6
48932,3,5
48933,2,9
48934,2,1
48935,3,9
48936,4,8
48937,4,3
48938,9,4
48939,5,9
48940,9,8
48941,6,7
48942,4,8
48943,1,6
48944,7,3
48945,6,7
48946,2,1
48947,0,2
48948,7,8
48949,1,6
48950,5,9
48951,2,1
48952,7,3
48953,4,6
48954,2,1
48955,7,4
48956,1,0
48957,4,4
48958,6,7
48959,4,6
48960,0,7
48961,4,4
48962,4,3
48963,0,9
48964,9,3
48965,3,5
48966,5,4
48967,8,9
48968,9,8
48969,7,4
48970,4,8
48971,5,1
48972,4,8
48973,8,2
48974,3,9
48975,2,5
48976,7,4
48977,1,0
48978,3,5
48979,7,4
48980,9,3
48981,3,9
48982,2,1
48983,5,9
48984,4,8
48985,5,9
48986,2,1
48987,9,4
48988,7,8
48989,1,6
48990,4,4
48991,2,4
48992,7,3
48993,1,6
48994,6,6
48995,3,5
48996,9,8
48997,8,5
48998,3,5
48999,6,7
49000,4,3
49001,4,3
49002,1,3
49003,9,4
49004,6,7
49005,4,4
49006,3,5
49007,9,4
49008,1,0
49009,2,9
49010,9,4
49011,0,9
49012,7,7
49013,0,9
49014,0,9
49015,4,4
49016,8,5
49017,4,4
49018,3,0
49019,6,9
49020,3,5
49021,2,5
49022,6,7
49023,5,9
49024,7,4
49025,5,9
49026,6,7
49027,0,9
49028,2,1
49029,2,5
49030,9,3
49031,6,7
49032,5,9
49033,8,5
49034,2,9
49035,1,6
49036,6,7
49037,1,6
49038,5,5
49039,9,6
49040,5,3
49041,2,7
49042,1,0
49043,6,7
49044,8,9
49045,7,4
49046,8,5
49047,6,7
49048,5,5
49049,6,7
49050,4,8
49051,8,9
49052,8,9
49053,7,4
49054,3,5
49055,3,5
49056,7,6
49057,3,9
49058,7,8
49059,0,2
49060,6,7
49061,5,9
49062,5,9
49063,7,4
49064,8,8
49065,0,2
49066,6,8
49067,2,7
49068,1,0
49069,7,4
49070,2,6
49071,7,4
49072,4,8
49073,8,9
49074,2,1
49075,0,2
49076,1,0
49077,3,5
49078,4,8
49079,5,9
49080,3,5
49081,3,5
49082,3,3
49083,6,7
49084,6,7
49085,0,2
49086,0,2
49087,1,6
49088,8,9
49089,2,1
49090,2,1
49091,3,2
49092,4,8
49093,7,4
49094,5,4
49095,8,9
49096,9,4
49097,0,2
49098,2,1
49099,1,6
49100,5,5
49101,2,1
49102,4,8
49103,3,9
49104,6,7
49105,4,4
49106,2,5
49107,5,9
49108,3,5
49109,6,1
49110,0,2
49111,0,9
49112,9,3
49113,1,6
49114,8,5
49115,2,1
49116,7,4
49117,3,5
49118,1,0
49119,7,4
49120,7,2
49121,9,4
49122,3,5
49123,1,6
49124,0,2
49125,7,4
49126,8,9
49127,4,7
49128,9,8
49129,8,9
49130,9,8
49131,1,6
49132,5,9
49133,6,7
49134,1,6
49135,3,9
49136,7,4
49137,3,9
49138,4,8
49139,6,7
49140,5,5
49141,5,9
49142,3,5
49143,9,4
49144,4,8
49145,1,6
49146,4,8
49147,3,5
49148,2,1
49149,3,9
49150,0,2
49151,0,2
49152,5,5
49153,6,7
49154,1,0
49155,4,4
49156,3,5
49157,3,5
49158,2,1
49159,7,4
49160,2,7
49161,6,7
49162,4,3
49163,9,4
49164,2,7
49165,8,9
49166,3,5
49167,1,6
49168,2,1
49169,4,4
49170,8,9
49171,0,2
49172,4,4
49173,6,7
49174,7,3
49175,6,7
49176,8,9
49177,9,4
49178,6,7
49179,2,2
49180,7,8
49181,2,1
49182,9,8
49183,3,5
49184,7,8
49185,0,9
49186,1,0
49187,7,4
49188,3,2
49189,2,1
49190,5,5
49191,2,1
49192,2,4
49193,3,5
49194,1,0
49195,4,4
49196,4,1
49197,0,9
49198,1,6
49199,0,1
49200,0,2
49201,8,9
49202,5,5
49203,5,9
49204,9,8
49205,1,6
49206,4,3
49207,3,5
49208,0,5
49209,7,4
49210,1,0
49211,4,4
49212,7,5
49213,9,4
49214,0,2
49215,8,9
49216,6,7
49217,8,4
49218,0,2
49219,9,4
49220,0,2
49221,0,9
49222,3,5
49223,9,4
49224,0,2
49225,8,9
49226,9,5
49227,9,4
49228,3,5
49229,0,9
49230,3,5
49231,2,1
49232,1,0
49233,6,7
49234,3,5
49235,7,4
49236,5,9
49237,4,4
49238,8,5
49239,7,4
49240,7,0
49241,5,9
49242,7,3
49243,0,2
49244,0,2
49245,1,0
49246,1,6
49247,2,1
49248,2,1
49249,3,5
49250,8,5
49251,4,8
49252,6,7
49253,5,9
49254,3,5
49255,6,7
49256,4,8
49257,7,3
49258,6,7
49259,8,1
49260,1,0
49261,9,8
49262,9,3
49263,0,2
49264,2,1
49265,1,0
49266,8,5
49267,2,1
49268,0,2
49269,3,5
49270,5,9
49271,4,8
49272,9,3
49273,5,5
49274,4,8
49275,6,7
49276,8,5
49277,7,4
49278,0,5
49279,8,9
49280,0,9
49281,0,2
49282,2,6
49283,1,6
49284,1,0
49285,2,1
49286,3,5
49287,3,5
49288,3,5
49289,4,8
49290,8,5
49291,5,9
49292,1,0
49293,6,7
49294,3,9
49295,8,5
49296,6,7
49297,3,9
49298,9,4
49299,4,8
49300,3,9
49301,7,3
49302,8,5
49303,8,9
49304,0,2
49305,6,7
49306,0,2
49307,3,5
49308,1,6
49309,4,4
49310,0,2
49311,0,2
49312,3,5
49313,9,3
49314,2,1
49315,7,4
49316,5,5
49317,1,6
49318,3,9
49319,9,4
49320,7,4
49321,3,5
49322,0,2
49323,8,9
49324,3,5
49325,4,3
49326,1,0
49327,7,4
49328,6,7
49329,3,9
49330,7,4
49331,0,2
49332,8,5
49333,9,4
49334,5,5
49335,9,8
49336,0,2
49337,6,7
49338,1,6
49339,1,6
49340,2,1
49341,4,3
49342,0,9
49343,5,9
49344,6,7
49345,4,3
49346,6,7
49347,6,7
49348,5,8
49349,2,1
49350,3,9
49351,0,2
49352,5,8
49353,6,7
49354,0,2
49355,1,6
49356,7,4
49357,1,6
49358,9,3
49359,1,6
49360,5,9
49361,7,4
49362,1,0
49363,2,1
49364,7,8
49365,7,4
49366,8,9
49367,5,9
49368,1,0
49369,2,1
49370,0,2
49371,9,8
49372,7,3
49373,4,8
49374,0,2
49375,5,4
49376,3,5
49377,8,4
49378,3,5
49379,4,3
49380,1,0
49381,2,1
49382,4,8
49383,9,3
49384,1,0
49385,7,4
49386,9,3
49387,0,2
49388,9,8
49389,0,2
49390,3,5
49391,7,4
49392,1,6
49393,5,9
49394,0,7
49395,1,1
49396,6,7
49397,1,6
49398,4,3
49399,7,4
49400,8,9
49401,6,7
49402,5,5
49403,6,7
49404,3,5
49405,6,7
49406,3,8
49407,8,9
49408,2,1
49409,2,1
49410,3,5
49411,2,1
49412,7,4
49413,7,3
49414,8,5
49415,7,4
49416,2,0
49417,4,3
49418,6,8
49419,0,2
49420,1,0
49421,2,1
49422,8,5
49423,4,4
49424,5,5
49425,2,7
49426,6,7
49427,5,9
49428,5,9
49429,0,2
49430,2,1
49431,3,5
49432,9,8
49433,3,5
49434,2,1
49435,3,5
49436,6,7
49437,1,6
49438,8,4
49439,8,9
49440,1,0
49441,1,6
49442,9,3
49443,0,2
49444,7,8
49445,5,5
49446,3,5
49447,9,3
49448,6,7
49449,6,7
49450,3,5
49451,9,4
49452,2,1
49453,8,9
49454,2,1
49455,5,5
49456,6,7
49457,8,9
49458,7,4
49459,0,2
49460,5,5
49461,3,1
49462,9,8
49463,0,2
49464,9,0
49465,8,9
49466,9,3
49467,3,9
49468,9,3
49469,9,4
49470,5,5
49471,0,9
49472,7,3
49473,1,6
49474,2,1
49475,2,1
49476,5,3
49477,3,9
49478,6,7
49479,4,4
49480,4,4
49481,5,9
49482,1,0
49483,6,7
49484,6,7
49485,7,4
49486,2,1
49487,8,9
49488,1,4
49489,9,9
49490,5,5
49491,7,4
49492,9,8
49493,8,9
49494,3,5
49495,9,4
49496,8,9
49497,0,9
49498,2,1
49499,1,9
49500,0,2
49501,4,1
49502,8,5
49503,5,9
49504,1,0
49505,6,7
49506,9,3
49507,7,4
49508,5,5
49509,8,9
49510,6,7
49511,9,4
49512,1,0
49513,4,4
49514,4,3
49515,2,1
49516,7,3
49517,6,9
49518,0,2
49519,1,1
49520,5,9
49521,1,1
49522,8,9
49523,7,4
49524,6,0
49525,8,9
49526,6,7
49527,5,1
49528,0,2
49529,3,9
49530,0,5
49531,7,4
49532,8,9
49533,0,2
49534,1,0
49535,0,2
49536,5,8
49537,2,2
49538,1,0
49539,6,7
49540,7,3
49541,9,4
49542,4,3
49543,8,9
49544,9,8
49545,8,9
49546,4,3
49547,9,4
49548,8,9
49549,9,4
49550,6,7
49551,7,4
49552,4,8
49553,7,4
49554,7,4
49555,2,8
49556,3,9
49557,1,6
49558,5,5
49559,1,6
49560,3,5
49561,0,9
49562,9,8
49563,8,9
49564,9,3
49565,9,4
49566,3,5
49567,2,1
49568,5,5
49569,1,1
49570,3,5
49571,7,4
49572,8,5
49573,2,8
49574,9,8
49575,0,9
49576,0,2
49577,6,9
49578,8,5
49579,8,9
49580,2,1
49581,5,9
49582,2,9
49583,0,2
49584,7,4
49585,3,9
49586,3,5
49587,4,9
49588,1,0
49589,3,9
49590,7,8
49591,9,4
49592,1,6
49593,6,7
49594,0,2
49595,0,2
49596,0,2
49597,6,1
49598,2,5
49599,9,4
49600,1,0
49601,0,2
49602,3,5
49603,1,6
49604,5,5
49605,2,1
49606,1,0
49607,3,7
49608,9,3
49609,4,3
49610,1,0
49611,5,9
49612,1,0
49613,6,7
49614,2,5
49615,7,4
49616,7,8
49617,8,9
49618,8,5
49619,9,3
49620,8,9
49621,0,9
49622,0,2
49623,1,6
49624,6,7
49625,2,1
49626,6,7
49627,3,5
49628,1,0
49629,4,3
49630,8,5
49631,5,9
49632,5,9
49633,6,2
49634,8,3
49635,7,4
49636,5,9
49637,8,9
49638,3,5
49639,0,2
49640,9,3
49641,1,6
49642,2,1
49643,2,1
49644,7,3
49645,3,5
49646,4,9
49647,4,4
49648,3,5
49649,5,9
49650,3,5
49651,6,7
49652,5,5
49653,9,4
49654,3,5
49655,5,9
49656,9,5
49657,0,9
49658,5,8
49659,6,7
49660,8,5
49661,8,9
49662,7,1
49663,9,4
49664,1,0
49665,4,4
49666,7,8
49667,1,6
49668,5,5
49669,9,4
49670,3,5
49671,5,9
49672,5,3
49673,3,5
49674,2,4
49675,0,2
49676,4,3
49677,8,9
49678,3,5
49679,9,4
49680,1,0
49681,1,6
49682,5,5
49683,4,4
49684,5,5
49685,0,2
49686,5,5
49687,5,9
49688,4,8
49689,5,9
49690,9,3
49691,7,4
49692,4,3
49693,6,2
49694,7,3
49695,0,2
49696,9,8
49697,1,6
49698,7,3
49699,6,7
49700,4,8
49701,8,9
49702,2,1
49703,9,4
49704,8,9
49705,5,9
49706,1,0
49707,4,4
49708,5,9
49709,7,4
49710,9,8
49711,6,7
49712,4,8
49713,0,9
49714,9,3
49715,8,9
49716,0,2
49717,1,6
49718,6,7
49719,7,4
49720,0,2
49721,7,4
49722,4,8
49723,1,6
49724,8,9
49725,3,5
49726,5,8
49727,2,1
49728,5,2
49729,3,5
49730,9,3
49731,1,6
49732,3,5
49733,4,3
49734,9,8
49735,2,1
49736,7,4
49737,0,2
49738,7,3
49739,0,2
49740,9,8
49741,4,4
49742,7,3
49743,6,7
49744,8,9
49745,4,4
49746,3,5
49747,9,3
49748,3,5
49749,3,5
49750,0,2
49751,8,9
49752,9,3
49753,4,3
49754,4,3
49755,7,4
49756,8,5
49757,2,1
49758,7,4
49759,5,5
49760,5,5
49761,6,1
49762,2,6
49763,3,5
49764,9,3
49765,6,1
49766,8,5
49767,9,4
49768,1,6
49769,6,2
49770,0,5
49771,3,5
49772,6,8
49773,2,1
49774,0,2
49775,2,1
49776,2,1
49777,4,6
49778,2,1
49779,6,2
49780,0,2
49781,2,1
49782,2,1
49783,5,5
49784,5,8
49785,5,9
49786,1,0
49787,1,0
49788,5,5
49789,3,5
49790,2,1
49791,3,5
49792,2,1
49793,9,4
49794,5,5
49795,2,1
49796,1,0
49797,5,9
49798,9,3
49799,7,4
49800,0,2
49801,9,3
49802,6,7
49803,8,9
49804,8,5
49805,2,1
49806,7,3
49807,1,6
49808,8,9
49809,3,7
49810,3,5
49811,1,6
49812,7,3
49813,3,7
49814,3,5
49815,0,2
49816,6,7
49817,1,0
49818,7,3
49819,2,5
49820,5,5
49821,3,5
49822,8,8
49823,4,8
49824,8,5
49825,5,5
49826,3,5
49827,6,7
49828,6,7
49829,7,8
49830,8,5
49831,8,5
49832,1,0
49833,9,8
49834,2,1
49835,0,2
49836,9,8
49837,1,0
49838,6,1
49839,2,1
49840,1,6
49841,3,7
49842,5,9
49843,4,8
49844,9,3
49845,5,5
49846,7,4
49847,6,7
49848,0,2
49849,7,8
49850,4,8
49851,8,9
49852,1,6
49853,0,2
49854,9,4
49855,1,0
49856,2,1
49857,2,1
49858,4,8
49859,3,7
49860,1,0
49861,4,8
49862,7,4
49863,5,5
49864,3,5
49865,6,7
49866,7,3
49867,7,8
49868,3,5
49869,8,5
49870,9,8
49871,9,8
49872,0,2
49873,2,1
49874,4,3
49875,2,1
49876,1,0
49877,7,8
49878,1,0
49879,6,7
49880,9,8
49881,4,3
49882,3,5
49883,0,2
49884,1,0
49885,5,5
49886,6,7
49887,8,5
49888,1,0
49889,0,9
49890,5,8
49891,7,8
49892,5,8
49893,3,7
49894,0,2
49895,5,5
49896,3,5
49897,4,8
49898,9,8
49899,1,0
49900,6,7
49901,8,5
49902,1,0
49903,0,7
49904,9,8
49905,5,5
49906,7,3
49907,2,1
49908,2,1
49909,7,8
49910,6,0
49911,2,1
49912,3,5
49913,3,5
49914,2,1
49915,6,7
49916,2,1
49917,2,1
49918,7,4
49919,1,0
49920,4,4
49921,7,8
49922,5,5
49923,7,8
49924,0,2
49925,9,3
49926,3,5
49927,1,0
49928,5,2
49929,2,1
49930,6,7
49931,6,7
49932,1,0
49933,7,8
49934,4,8
49935,5,5
49936,2,1
49937,4,8
49938,3,5
49939,0,2
49940,4,8
49941,1,0
49942,4,8
49943,1,0
49944,9,3
49945,9,3
49946,3,5
49947,8,5
49948,3,5
49949,0,2
49950,5,5
49951,2,1
49952,0,9
49953,0,2
49954,0,2
49955,3,7
49956,9,8
49957,5,5
49958,7,8
49959,6,7
49960,6,7
49961,1,0
49962,2,7
49963,8,5
49964,1,0
49965,6,7
49966,3,5
49967,4,8
49968,3,3
49969,6,8
49970,6,7
49971,0,2
49972,1,6
49973,9,8
49974,0,2
49975,2,1
49976,2,1
49977,6,7
49978,7,3
49979,4,3
49980,7,3
49981,3,1
49982,4,8
49983,9,8
49984,9,8
49985,3,7
49986,7,4
49987,0,7
49988,9,3
49989,0,2
49990,8,5
49991,5,5
49992,5,8
49993,2,1
49994,4,8
49995,5,5
49996,0,2
49997,8,5
49998,4,3
49999,8,5
50000,3,5
50001,8,5
50002,6,7
50003,9,8
50004,6,7
50005,4,3
50006,5,9
50007,3,5
50008,8,9
50009,4,3
50010,5,8
50011,2,1
50012,3,5
50013,8,5
50014,4,3
50015,8,9
50016,1,0
50017,5,5
50018,0,2
50019,5,5
50020,9,4
50021,7,3
50022,4,3
50023,1,0
50024,0,2
50025,3,5
50026,0,2
50027,6,7
50028,2,1
50029,9,8
50030,9,3
50031,4,8
50032,1,6
50033,3,5
50034,6,7
50035,8,5
50036,0,2
50037,7,3
50038,7,4
50039,6,7
50040,8,5
50041,9,8
50042,0,2
50043,3,5
50044,8,4
50045,3,5
50046,7,1
50047,7,3
50048,8,5
50049,4,3
50050,4,3
50051,1,0
50052,2,1
50053,9,8
50054,8,8
50055,1,0
50056,1,0
50057,0,2
50058,6,7
50059,6,1
50060,5,9
50061,0,2
50062,1,0
50063,1,0
50064,7,3
50065,2,1
50066,7,4
50067,3,5
50068,1,0
50069,4,8
50070,0,2
50071,5,9
50072,0,2
50073,6,7
50074,8,4
50075,7,6
50076,6,7
50077,8,9
50078,9,5
50079,9,3
50080,4,8
50081,0,2
50082,6,7
50083,1,6
50084,9,8
50085,2,1
50086,6,7
50087,3,9
50088,9,6
50089,4,8
50090,4,3
50091,5,9
50092,6,7
50093,6,7
50094,1,0
50095,7,4
50096,2,1
50097,8,9
50098,6,7
50099,9,3
50100,7,3
50101,0,2
50102,9,4
50103,1,0
50104,6,7
50105,2,1
50106,8,5
50107,3,5
50108,6,7
50109,4,7
50110,9,4
50111,5,9
50112,8,5
50113,6,7
50114,8,5
50115,7,4
50116,8,5
50117,8,9
50118,6,7
50119,9,3
50120,1,4
50121,7,3
50122,6,7
50123,0,2
50124,9,8
50125,6,7
50126,7,8
50127,0,2
50128,9,3
50129,7,3
50130,1,6
50131,3,5
50132,6,7
50133,8,9
50134,4,3
50135,6,9
50136,1,6
50137,7,4
50138,5,9
50139,1,0
50140,3,5
50141,3,5
50142,5,9
50143,7,3
50144,9,4
50145,9,3
50146,6,7
50147,7,3
50148,3,5
50149,4,1
50150,1,0
50151,0,2
50152,4,8
50153,2,1
50154,4,8
50155,5,9
50156,0,2
50157,0,2
50158,1,6
50159,6,7
50160,6,7
50161,4,8
50162,7,1
50163,9,3
50164,4,8
50165,6,7
50166,5,9
50167,2,1
50168,6,7
50169,9,3
50170,8,9
50171,8,9
50172,8,9
50173,5,9
50174,9,3
50175,3,5
50176,8,5
50177,9,3
50178,8,0
50179,8,9
50180,8,4
50181,3,1
50182,4,8
50183,4,3
50184,3,5
50185,0,2
50186,9,8
50187,5,9
50188,4,8
50189,4,3
50190,1,0
50191,8,9
50192,0,2
50193,6,7
50194,1,0
50195,3,5
50196,2,1
50197,0,2
50198,8,9
50199,6,7
50200,0,2
50201,3,9
50202,5,2
50203,4,3
50204,9,4
50205,0,2
50206,3,5
50207,1,0
50208,0,2
50209,9,3
50210,3,5
50211,2,1
50212,3,5
50213,3,5
50214,3,5
50215,7,4
50216,4,8
50217,9,3
50218,2,1
50219,1,6
50220,6,7
50221,2,1
50222,1,0
50223,5,8
50224,7,3
50225,1,0
50226,9,8
50227,7,4
50228,9,2
50229,2,4
50230,2,1
50231,8,4
50232,1,0
50233,7,8
50234,7,4
50235,0,9
50236,0,9
50237,1,0
50238,8,5
50239,9,2
50240,0,2
50241,6,7
50242,6,7
50243,4,4
50244,7,4
50245,9,3
50246,8,5
50247,2,6
50248,9,8
50249,1,0
50250,5,5
50251,2,1
50252,5,9
50253,3,5
50254,7,3
50255,7,4
50256,0,9
50257,0,2
50258,8,5
50259,2,1
50260,3,5
50261,1,6
50262,3,5
50263,5,5
50264,1,0
50265,3,5
50266,6,7
50267,4,8
50268,8,9
50269,7,8
50270,6,7
50271,2,1
50272,8,5
50273,1,0
50274,8,9
50275,6,7
50276,6,7
50277,8,9
50278,7,4
50279,5,8
50280,6,7
50281,0,2
50282,4,8
50283,8,9
50284,4,4
50285,9,3
50286,3,5
50287,2,1
50288,3,5
50289,6,7
50290,2,1
50291,0,2
50292,1,0
50293,1,0
50294,6,1
50295,2,1
50296,5,5
50297,3,5
50298,0,2
50299,4,8
50300,3,5
50301,5,9
50302,8,5
50303,6,7
50304,9,8
50305,7,3
50306,8,5
50307,8,9
50308,3,2
50309,9,3
50310,0,2
50311,0,2
50312,3,5
50313,1,6
50314,4,3
50315,2,1
50316,5,9
50317,3,5
50318,9,4
50319,4,8
50320,5,2
50321,5,9
50322,5,5
50323,6,7
50324,0,2
50325,7,3
50326,1,0
50327,8,9
50328,0,2
50329,9,3
50330,3,5
50331,0,2
50332,5,9
50333,1,6
50334,2,1
50335,2,1
50336,3,5
50337,3,5
50338,1,6
50339,4,4
50340,3,1
50341,5,9
50342,8,5
50343,6,9
50344,0,2
50345,7,3
50346,8,9
50347,8,9
50348,2,8
50349,9,4
50350,1,6
50351,7,8
50352,5,8
50353,0,9
50354,0,2
50355,6,6
50356,1,0
50357,0,9
50358,9,8
50359,7,6
50360,7,3
50361,3,5
50362,1,0
50363,8,9
50364,3,5
50365,7,3
50366,5,8
50367,1,6
50368,2,1
50369,3,3
50370,7,8
50371,7,2
50372,3,5
50373,9,3
50374,3,5
50375,7,3
50376,7,3
50377,4,3
50378,3,5
50379,0,2
50380,7,4
50381,2,1
50382,7,3
50383,5,9
50384,9,8
50385,0,2
50386,9,3
50387,6,9
50388,4,8
50389,4,8
50390,0,2
50391,9,8
50392,7,3
50393,8,9
50394,8,9
50395,5,9
50396,1,7
50397,1,6
50398,5,9
50399,5,9
50400,1,6
50401,3,9
50402,6,7
50403,3,8
50404,1,0
50405,4,4
50406,5,5
50407,0,2
50408,9,8
50409,5,9
50410,8,5
50411,4,4
50412,3,5
50413,8,9
50414,9,5
50415,6,7
50416,4,8
50417,3,9
50418,6,1
50419,4,4
50420,5,5
50421,8,9
50422,5,5
50423,0,2
50424,0,7
50425,6,9
50426,7,6
50427,4,4
50428,6,7
50429,8,9
50430,5,9
50431,3,3
50432,4,8
50433,4,4
50434,0,2
50435,0,2
50436,9,3
50437,1,6
50438,7,8
50439,9,3
50440,7,3
50441,2,1
50442,8,5
50443,7,2
50444,0,2
50445,9,3
50446,2,1
50447,1,6
50448,8,9
50449,2,1
50450,4,3
50451,5,9
50452,2,1
50453,1,0
50454,2,5
50455,7,3
50456,5,9
50457,2,1
50458,9,8
50459,8,1
50460,5,9
50461,7,2
50462,9,3
50463,0,2
50464,7,3
50465,1,6
50466,4,8
50467,9,8
50468,7,3
50469,6,9
50470,3,5
50471,4,4
50472,1,6
50473,9,3
50474,2,1
50475,2,1
50476,0,7
50477,1,6
50478,2,1
50479,2,1
50480,0,5
50481,3,5
50482,1,6
50483,7,3
50484,5,9
50485,0,2
50486,4,3
50487,2,1
50488,7,3
50489,1,6
50490,9,8
50491,3,5
50492,0,2
50493,1,6
50494,6,9
50495,2,1
50496,2,1
50497,5,9
50498,1,6
50499,8,9
50500,3,5
50501,1,6
50502,4,8
50503,6,7
50504,2,1
50505,8,9
50506,6,9
50507,5,9
50508,2,1
50509,6,9
50510,4,8
50511,0,2
50512,8,5
50513,8,9
50514,8,1
50515,9,3
50516,3,5
50517,4,4
50518,0,2
50519,9,4
50520,7,3
50521,2,1
50522,9,3
50523,0,2
50524,8,9
50525,1,0
50526,0,2
50527,2,1
50528,9,8
50529,3,5
50530,8,8
50531,4,8
50532,8,9
50533,5,5
50534,0,2
50535,8,5
50536,7,2
50537,9,8
50538,2,1
50539,0,2
50540,5,5
50541,1,0
50542,0,2
50543,2,1
50544,9,8
50545,3,5
50546,2,5
50547,4,8
50548,8,5
50549,5,5
50550,1,6
50551,6,7
50552,8,5
50553,7,3
50554,3,3
50555,8,5
50556,6,8
50557,9,8
50558,9,8
50559,0,2
50560,3,5
50561,1,0
50562,9,4
50563,2,1
50564,4,3
50565,3,5
50566,0,2
50567,4,8
50568,2,1
50569,5,5
50570,5,5
50571,8,8
50572,1,4
50573,5,5
50574,5,7
50575,2,1
50576,2,7
50577,1,0
50578,9,3
50579,7,3
50580,6,1
50581,2,1
50582,1,0
50583,4,3
50584,6,2
50585,1,0
50586,0,2
50587,4,3
50588,6,7
50589,1,0
50590,6,7
50591,4,3
50592,5,5
50593,9,8
50594,6,7
50595,6,7
50596,8,3
50597,8,5
50598,6,7
50599,4,8
50600,1,0
50601,5,5
50602,5,5
50603,3,5
50604,8,5
50605,7,3
50606,4,8
50607,8,3
50608,1,0
50609,4,8
50610,6,7
50611,3,5
50612,6,9
50613,3,5
50614,7,3
50615,5,5
50616,4,7
50617,0,2
50618,6,9
50619,6,7
50620,7,4
50621,1,0
50622,6,1
50623,6,7
50624,5,3
50625,8,5
50626,8,5
50627,7,3
50628,0,2
50629,0,2
50630,0,2
50631,1,0
50632,1,9
50633,5,5
50634,8,5
50635,6,7
50636,4,8
50637,0,2
50638,0,2
50639,8,4
50640,2,1
50641,5,5
50642,2,1
50643,0,2
50644,3,9
50645,6,7
50646,1,0
50647,1,0
50648,7,3
50649,5,5
50650,5,5
50651,8,5
50652,1,0
50653,4,3
50654,0,2
50655,7,3
50656,4,3
50657,6,7
50658,3,5
50659,9,8
50660,8,9
50661,1,0
50662,5,5
50663,9,8
50664,7,2
50665,7,3
50666,6,7
50667,1,0
50668,7,8
50669,2,1
50670,6,9
50671,3,5
50672,3,5
50673,4,8
50674,2,1
50675,5,5
50676,2,1
50677,5,5
50678,1,0
50679,3,5
50680,3,5
50681,7,3
50682,1,6
50683,3,5
50684,0,2
50685,1,0
50686,9,3
50687,8,8
50688,3,5
50689,2,1
50690,5,8
50691,2,8
50692,8,3
50693,3,5
50694,4,8
50695,2,2
50696,0,2
50697,7,3
50698,9,8
50699,4,3
50700,2,1
50701,9,8
50702,8,5
50703,9,8
50704,4,8
50705,2,1
50706,7,8
50707,8,5
50708,7,4
50709,1,0
50710,9,3
50711,8,5
50712,4,3
50713,3,5
50714,8,5
50715,8,5
50716,2,9
50717,3,5
50718,5,3
50719,6,8
50720,2,1
50721,7,3
50722,2,1
50723,0,2
50724,9,3
50725,4,3
50726,3,5
50727,0,2
50728,3,5
50729,0,5
50730,7,4
50731,1,0
50732,7,4
50733,2,1
50734,5,2
50735,3,5
50736,2,5
50737,4,3
50738,8,5
50739,5,5
50740,8,8
50741,6,7
50742,7,3
50743,7,6
50744,2,1
50745,8,5
50746,9,3
50747,9,3
50748,2,5
50749,0,2
50750,0,2
50751,1,0
50752,9,8
50753,2,1
50754,9,3
50755,3,5
50756,2,3
50757,4,3
50758,9,8
50759,5,5
50760,7,3
50761,6,7
50762,8,9
50763,7,4
50764,5,9
50765,8,5
50766,5,3
50767,9,3
50768,5,9
50769,0,2
50770,3,5
50771,1,0
50772,1,0
50773,2,5
50774,0,2
50775,3,5
50776,6,7
50777,4,3
50778,5,9
50779,5,5
50780,6,7
50781,6,7
50782,5,8
50783,7,4
50784,9,8
50785,8,5
50786,5,5
50787,9,3
50788,1,6
50789,1,0
50790,8,5
50791,8,5
50792,7,3
50793,6,7
50794,7,8
50795,7,3
50796,7,3
50797,1,0
50798,9,3
50799,1,0
50800,5,2
50801,4,3
50802,2,5
50803,3,5
50804,0,2
50805,7,6
50806,9,8
50807,9,3
50808,0,2
50809,3,5
50810,6,7
50811,6,7
50812,2,1
50813,0,7
50814,2,1
50815,3,5
50816,9,8
50817,6,7
50818,6,7
50819,4,3
50820,0,2
50821,8,3
50822,7,3
50823,6,7
50824,3,5
50825,0,7
50826,2,2
50827,1,0
50828,0,9
50829,1,0
50830,1,6
50831,5,5
50832,9,3
50833,9,3
50834,3,5
50835,4,3
50836,6,1
50837,3,7
50838,1,6
50839,0,2
50840,2,1
50841,4,3
50842,1,0
50843,6,7
50844,4,8
50845,9,3
50846,4,8
50847,1,0
50848,5,9
50849,7,4
50850,1,0
50851,9,3
50852,0,2
50853,5,9
50854,9,3
50855,1,0
50856,6,7
50857,1,0
50858,4,4
50859,9,3
50860,8,5
50861,8,5
50862,0,2
50863,6,7
50864,1,0
50865,6,7
50866,6,7
50867,9,3
50868,7,3
50869,8,5
50870,6,7
50871,8,5
50872,7,4
50873,8,3
50874,7,3
50875,2,1
50876,0,2
50877,7,3
50878,7,2
50879,4,3
50880,6,7
50881,5,5
50882,9,8
50883,8,5
50884,7,3
50885,3,5
50886,8,3
50887,5,5
50888,6,7
50889,4,3
50890,6,1
50891,7,4
50892,3,5
50893,6,7
50894,7,4
50895,5,5
50896,9,8
50897,2,1
50898,2,5
50899,2,1
50900,8,5
50901,2,1
50902,8,5
50903,7,3
50904,5,5
50905,7,6
50906,3,5
50907,1,0
50908,9,5
50909,0,9
50910,7,8
50911,1,6
50912,6,8
50913,2,1
50914,1,0
50915,3,5
50916,4,8
50917,4,3
50918,1,6
50919,5,9
50920,7,3
50921,6,7
50922,3,5
50923,7,3
50924,0,2
50925,8,9
50926,5,5
50927,9,3
50928,1,0
50929,0,2
50930,0,2
50931,1,6
50932,6,7
50933,2,1
50934,6,7
50935,3,5
50936,3,5
50937,4,3
50938,6,7
50939,5,9
50940,3,5
50941,6,7
50942,7,3
50943,7,4
50944,0,9
50945,8,9
50946,3,5
50947,9,3
50948,4,8
50949,0,2
50950,3,5
50951,1,6
50952,1,6
50953,2,1
50954,5,5
50955,3,5
50956,1,0
50957,4,4
50958,0,2
50959,5,9
50960,3,5
50961,6,7
50962,2,1
50963,7,3
50964,3,5
50965,8,9
50966,2,1
50967,9,3
50968,0,2
50969,3,5
50970,8,9
50971,2,1
50972,7,3
50973,9,3
50974,0,2
50975,3,5
50976,3,5
50977,2,1
50978,7,4
50979,1,6
50980,4,8
50981,4,0
50982,3,5
50983,5,9
50984,7,4
50985,5,9
50986,2,1
50987,2,1
50988,8,9
50989,3,5
50990,0,2
50991,2,1
50992,7,0
50993,1,6
50994,7,3
50995,3,5
50996,8,5
50997,9,4
50998,4,8
50999,7,4
51000,7,3
51001,2,1
51002,0,9
51003,1,6
51004,7,0
51005,1,6
51006,0,2
51007,8,9
51008,8,5
51009,8,9
51010,1,0
51011,7,3
51012,9,3
51013,8,9
51014,8,9
51015,1,6
51016,2,1
51017,0,9
51018,4,3
51019,0,9
51020,9,3
51021,6,7
51022,9,3
51023,7,3
51024,0,2
51025,7,4
51026,4,3
51027,5,9
51028,4,3
51029,0,2
51030,3,5
51031,6,7
51032,9,3
51033,1,6
51034,7,4
51035,1,6
51036,9,3
51037,2,1
51038,3,3
51039,5,9
51040,5,5
51041,0,2
51042,9,8
51043,7,4
51044,0,2
51045,0,9
51046,4,3
51047,4,3
51048,1,0
51049,4,3
51050,5,9
51051,1,6
51052,0,2
51053,8,9
51054,3,9
51055,6,7
51056,4,3
51057,0,9
51058,8,9
51059,0,2
51060,1,0
51061,0,9
51062,7,3
51063,3,5
51064,2,6
51065,7,4
51066,6,7
51067,1,6
51068,7,3
51069,6,7
51070,7,6
51071,4,3
51072,5,9
51073,2,9
51074,7,3
51075,6,7
51076,4,4
51077,4,3
51078,8,5
51079,5,9
51080,7,3
51081,4,3
51082,9,8
51083,1,6
51084,7,4
51085,3,5
51086,5,5
51087,8,9
51088,7,3
51089,6,7
51090,2,1
51091,3,5
51092,3,5
51093,9,3
51094,8,5
51095,9,3
51096,6,7
51097,5,9
51098,4,8
51099,9,3
51100,2,6
51101,3,5
51102,7,9
51103,7,3
51104,8,5
51105,8,9
51106,3,5
51107,5,9
51108,0,2
51109,6,7
51110,1,0
51111,4,3
51112,1,6
51113,7,4
51114,4,8
51115,6,7
51116,3,5
51117,2,1
51118,2,0
51119,2,1
51120,1,0
51121,0,2
51122,0,2
51123,9,3
51124,5,9
51125,4,4
51126,7,3
51127,0,2
51128,8,5
51129,1,6
51130,5,7
51131,2,1
51132,9,3
51133,3,9
51134,8,5
51135,4,8
51136,1,0
51137,5,9
51138,7,4
51139,6,7
51140,9,3
51141,7,4
51142,3,5
51143,8,9
51144,5,8
51145,9,4
51146,4,8
51147,0,2
51148,0,9
51149,1,6
51150,0,2
51151,2,1
51152,6,7
51153,3,1
51154,3,5
51155,4,8
51156,9,8
51157,5,9
51158,8,7
51159,6,7
51160,8,9
51161,7,4
51162,7,3
51163,8,9
51164,8,8
51165,9,4
51166,7,3
51167,0,2
51168,9,3
51169,1,6
51170,4,8
51171,2,1
51172,8,6
51173,3,1
51174,7,8
51175,4,8
51176,5,8
51177,5,9
51178,7,4
51179,6,7
51180,7,8
51181,7,4
51182,4,8
51183,8,9
51184,8,5
51185,9,4
51186,0,2
51187,1,6
51188,1,0
51189,8,9
51190,1,0
51191,6,7
51192,9,8
51193,7,4
51194,9,5
51195,1,6
51196,3,5
51197,1,6
51198,7,4
51199,4,4
51200,9,0
51201,3,9
51202,4,8
51203,7,4
51204,7,4
51205,7,4
51206,1,0
51207,8,9
51208,8,9
51209,9,4
51210,0,2
51211,3,1
51212,2,5
51213,6,7
51214,2,1
51215,0,2
51216,2,1
51217,3,1
51218,8,5
51219,6,7
51220,6,7
51221,4,8
51222,3,5
51223,8,9
51224,8,9
51225,4,4
51226,0,2
51227,5,9
51228,0,2
51229,7,4
51230,3,9
51231,5,9
51232,6,7
51233,6,7
51234,5,3
51235,0,2
51236,7,4
51237,3,9
51238,2,0
51239,9,4
51240,9,3
51241,2,1
51242,8,5
51243,8,9
51244,8,9
51245,3,1
51246,6,7
51247,1,6
51248,9,8
51249,1,6
51250,1,6
51251,5,9
51252,1,0
51253,9,4
51254,5,9
51255,4,4
51256,2,1
51257,3,9
51258,5,5
51259,0,2
51260,3,5
51261,4,9
51262,2,1
51263,4,7
51264,4,3
51265,0,2
51266,8,9
51267,9,4
51268,3,5
51269,6,7
51270,4,8
51271,9,4
51272,8,9
51273,2,1
51274,3,5
51275,2,1
51276,6,7
51277,1,6
51278,5,5
51279,7,4
51280,9,0
51281,9,4
51282,7,3
51283,5,9
51284,9,8
51285,1,6
51286,0,9
51287,1,6
51288,4,8
51289,9,4
51290,0,2
51291,8,9
51292,7,3
51293,6,7
51294,7,3
51295,6,7
51296,5,9
51297,9,3
51298,5,9
51299,0,2
51300,7,0
51301,0,2
51302,8,5
51303,0,2
51304,7,4
51305,1,6
51306,7,4
51307,8,9
51308,0,2
51309,4,4
51310,6,7
51311,6,7
51312,4,3
51313,8,9
51314,0,8
51315,8,6
51316,9,8
51317,2,1
51318,9,8
51319,6,7
51320,2,7
51321,3,1
51322,7,4
51323,2,1
51324,8,5
51325,4,4
51326,8,9
51327,0,2
51328,4,3
51329,9,4
51330,8,9
51331,0,2
51332,3,5
51333,3,9
51334,9,8
51335,7,4
51336,0,2
51337,4,1
51338,4,8
51339,5,9
51340,2,1
51341,8,9
51342,5,5
51343,3,1
51344,7,4
51345,5,9
51346,7,3
51347,8,9
51348,0,2
51349,5,9
51350,4,8
51351,4,4
51352,0,2
51353,7,4
51354,6,1
51355,6,7
51356,2,1
51357,2,1
51358,7,4
51359,2,1
51360,4,3
51361,7,4
51362,5,2
51363,7,4
51364,5,9
51365,0,2
51366,5,9
51367,5,9
51368,4,7
51369,1,6
51370,6,7
51371,5,9
51372,1,0
51373,3,1
51374,4,4
51375,0,2
51376,3,5
51377,1,0
51378,6,7
51379,2,1
51380,5,5
51381,3,5
51382,4,3
51383,4,8
51384,7,3
51385,5,5
51386,6,7
51387,6,7
51388,3,9
51389,7,3
51390,1,0
51391,8,9
51392,5,5
51393,9,8
51394,8,9
51395,0,2
51396,4,8
51397,1,0
51398,2,1
51399,2,1
51400,6,7
51401,3,5
51402,6,7
51403,4,8
51404,0,2
51405,5,5
51406,6,7
51407,6,1
51408,6,1
51409,7,3
51410,6,7
51411,8,9
51412,8,9
51413,9,3
51414,8,9
51415,0,2
51416,5,9
51417,1,0
51418,2,1
51419,2,1
51420,7,4
51421,3,5
51422,0,2
51423,4,8
51424,8,9
51425,5,5
51426,1,0
51427,6,1
51428,3,5
51429,7,3
51430,9,3
51431,8,9
51432,1,5
51433,5,5
51434,0,2
51435,2,5
51436,1,0
51437,8,5
51438,6,8
51439,1,0
51440,8,5
51441,7,4
51442,9,3
51443,2,1
51444,5,5
51445,4,8
51446,6,7
51447,1,0
51448,2,1
51449,4,8
51450,8,5
51451,1,0
51452,7,3
51453,4,3
51454,4,9
51455,9,8
51456,6,7
51457,6,1
51458,2,1
51459,8,9
51460,7,3
51461,5,5
51462,3,5
51463,3,5
51464,0,1
51465,7,8
51466,0,2
51467,8,9
51468,1,0
51469,3,5
51470,9,8
51471,3,5
51472,9,8
51473,5,5
51474,3,5
51475,6,7
51476,6,7
51477,7,3
51478,0,2
51479,0,2
51480,6,7
51481,6,7
51482,4,8
51483,1,0
51484,8,5
51485,6,7
51486,3,5
51487,8,5
51488,8,9
51489,7,3
51490,0,2
51491,0,2
51492,5,5
51493,1,0
51494,5,5
51495,5,5
51496,7,3
51497,6,1
51498,5,5
51499,0,2
51500,7,3
51501,8,9
51502,7,3
51503,5,5
51504,8,9
51505,0,2
51506,2,1
51507,6,1
51508,6,0
51509,1,0
51510,8,5
51511,5,5
51512,9,8
51513,8,9
51514,6,7
51515,4,8
51516,9,3
51517,2,1
51518,6,7
51519,3,5
51520,0,2
51521,9,8
51522,3,3
51523,7,8
51524,5,5
51525,6,7
51526,7,4
51527,9,3
51528,6,7
51529,1,0
51530,2,3
51531,9,8
51532,7,3
51533,0,2
51534,3,5
51535,6,7
51536,3,5
51537,7,3
51538,6,7
51539,1,0
51540,1,6
51541,2,1
51542,2,5
51543,3,5
51544,1,5
51545,9,3
51546,0,2
51547,2,1
51548,1,0
51549,4,3
51550,2,1
51551,5,5
51552,9,8
51553,5,5
51554,1,0
51555,3,5
51556,1,0
51557,7,8
51558,7,4
51559,5,5
51560,7,3
51561,3,5
51562,5,5
51563,1,0
51564,1,0
51565,8,9
51566,1,0
51567,2,1
51568,7,3
51569,2,1
51570,6,1
51571,3,5
51572,5,5
51573,0,2
51574,9,3
51575,2,1
51576,8,5
51577,9,3
51578,3,5
51579,4,3
51580,2,1
51581,9,3
51582,9,3
51583,7,3
51584,9,8
51585,0,2
51586,7,4
51587,0,2
51588,8,5
51589,2,1
51590,9,3
51591,7,3
51592,9,4
51593,4,8
51594,1,0
51595,9,8
51596,6,7
51597,9,8
51598,0,2
51599,2,1
51600,4,8
51601,8,5
51602,6,7
51603,1,0
51604,4,3
51605,5,5
51606,1,0
51607,6,7
51608,2,1
51609,9,3
51610,5,5
51611,8,5
51612,8,5
51613,3,5
51614,2,1
51615,8,5
51616,3,5
51617,3,5
51618,0,7
51619,6,7
51620,6,1
51621,7,3
51622,4,8
51623,0,2
51624,6,7
51625,4,8
51626,5,5
51627,0,2
51628,6,2
51629,0,2
51630,2,5
51631,1,6
51632,9,8
51633,2,1
51634,7,3
51635,3,5
51636,7,4
51637,4,4
51638,0,2
51639,5,9
51640,3,5
51641,6,7
51642,2,1
51643,7,4
51644,9,3
51645,8,9
51646,5,9
51647,9,4
51648,2,1
51649,0,9
51650,7,3
51651,1,6
51652,4,3
51653,2,1
51654,9,4
51655,3,5
51656,8,9
51657,4,4
51658,2,1
51659,5,9
51660,2,1
51661,6,7
51662,6,7
51663,7,4
51664,6,7
51665,8,9
51666,1,0
51667,9,4
51668,8,5
51669,0,2
51670,8,9
51671,1,6
51672,1,0
51673,2,1
51674,5,5
51675,3,3
51676,6,7
51677,4,4
51678,4,8
51679,5,9
51680,0,2
51681,6,9
51682,2,1
51683,7,4
51684,4,4
51685,0,2
51686,3,5
51687,6,7
51688,9,3
51689,4,4
51690,6,7
51691,7,4
51692,5,5
51693,4,4
51694,4,8
51695,3,5
51696,6,7
51697,6,7
51698,2,3
51699,2,1
51700,6,7
51701,3,9
51702,2,1
51703,4,4
51704,7,8
51705,8,9
51706,3,5
51707,7,4
51708,9,8
51709,8,9
51710,1,0
51711,6,7
51712,4,8
51713,9,4
51714,1,0
51715,8,9
51716,9,3
51717,3,9
51718,5,5
51719,2,1
51720,8,9
51721,2,1
51722,4,9
51723,4,4
51724,1,0
51725,8,9
51726,2,1
51727,5,9
51728,6,8
51729,6,7
51730,9,8
51731,5,9
51732,8,5
51733,0,2
51734,6,7
51735,2,1
51736,5,7
51737,0,2
51738,2,1
51739,1,6
51740,5,4
51741,1,6
51742,1,6
51743,2,1
51744,5,5
51745,6,7
51746,8,9
51747,8,9
51748,2,1
51749,1,6
51750,1,0
51751,2,1
51752,7,3
51753,0,9
51754,8,9
51755,6,7
51756,3,5
51757,9,4
51758,0,2
51759,3,9
51760,2,1
51761,9,8
51762,5,5
51763,3,9
51764,5,1
51765,7,4
51766,7,3
51767,1,6
51768,3,5
51769,8,9
51770,9,8
51771,3,9
51772,1,0
51773,8,9
51774,0,2
51775,5,9
51776,3,5
51777,0,2
51778,6,7
51779,1,6
51780,4,3
51781,1,6
51782,2,1
51783,9,4
51784,1,0
51785,8,9
51786,2,1
51787,2,1
51788,6,7
51789,0,2
51790,3,5
51791,4,4
51792,5,5
51793,5,9
51794,5,4
51795,5,9
51796,9,3
51797,0,2
51798,3,5
51799,3,9
51800,5,3
51801,1,6
51802,7,3
51803,8,6
51804,6,1
51805,6,7
51806,7,3
51807,9,4
51808,2,1
51809,0,2
51810,2,1
51811,3,5
51812,9,8
51813,1,6
51814,4,8
51815,0,2
51816,3,5
51817,4,4
51818,0,2
51819,7,2
51820,4,8
51821,5,9
51822,5,5
51823,4,4
51824,0,2
51825,7,4
51826,0,2
51827,9,4
51828,0,5
51829,7,3
51830,8,5
51831,0,2
51832,7,6
51833,1,6
51834,0,2
51835,2,1
51836,1,0
51837,3,5
51838,4,3
51839,7,3
51840,9,4
51841,8,9
51842,9,8
51843,9,4
51844,5,9
51845,0,2
51846,8,5
51847,1,6
51848,3,5
51849,2,1
51850,8,5
51851,3,5
51852,5,3
51853,4,4
51854,5,8
51855,5,9
51856,7,1
51857,6,7
51858,7,4
51859,7,3
51860,4,8
51861,8,9
51862,7,3
51863,9,4
51864,8,5
51865,0,2
51866,0,2
51867,1,6
51868,4,3
51869,2,1
51870,2,1
51871,3,5
51872,6,9
51873,4,4
51874,5,9
51875,5,9
51876,1,0
51877,6,7
51878,8,9
51879,7,3
51880,8,9
51881,8,5
51882,1,0
51883,0,2
51884,2,1
51885,7,4
51886,5,9
51887,5,9
51888,1,0
51889,0,2
51890,3,5
51891,8,9
51892,0,9
51893,4,4
51894,4,8
51895,1,6
51896,3,5
51897,8,9
51898,2,1
51899,8,9
51900,1,6
51901,1,6
51902,4,8
51903,3,5
51904,8,5
51905,1,0
51906,8,5
51907,8,9
51908,1,0
51909,3,5
51910,9,8
51911,7,3
51912,6,7
51913,9,3
51914,7,4
51915,3,1
51916,7,4
51917,0,2
51918,3,5
51919,9,3
51920,6,7
51921,4,4
51922,2,1
51923,4,3
51924,6,9
51925,0,2
51926,4,8
51927,7,4
51928,5,5
51929,4,8
51930,9,3
51931,2,1
51932,1,6
51933,8,9
51934,3,5
51935,7,4
51936,1,0
51937,2,1
51938,9,8
51939,4,4
51940,3,5
51941,7,3
51942,9,3
51943,8,9
51944,4,3
51945,9,3
51946,3,5
51947,3,1
51948,8,5
51949,1,6
51950,5,5
51951,4,8
51952,1,0
51953,6,7
51954,8,3
51955,5,7
51956,9,8
51957,2,1
51958,7,6
51959,2,1
51960,0,7
51961,2,1
51962,4,3
51963,5,7
51964,8,4
51965,6,7
51966,4,8
51967,7,4
51968,8,5
51969,8,5
51970,3,9
51971,7,3
51972,5,5
51973,5,9
51974,7,8
51975,1,6
51976,2,1
51977,6,7
51978,0,2
51979,4,8
51980,0,2
51981,9,4
51982,9,8
51983,2,1
51984,7,4
51985,9,4
51986,2,2
51987,3,1
51988,7,3
51989,5,9
51990,5,5
51991,3,9
51992,0,2
51993,6,7
51994,5,5
51995,6,7
51996,7,3
51997,0,2
51998,3,5
51999,0,2
52000,6,7
52001,2,1
52002,1,0
52003,5,9
52004,6,2
52005,6,7
52006,2,2
52007,4,4
52008,7,3
52009,9,3
52010,7,3
52011,2,1
52012,8,5
52013,7,3
52014,3,9
52015,4,4
52016,2,1
52017,9,3
52018,9,3
52019,5,9
52020,1,0
52021,0,9
52022,3,5
52023,2,1
52024,4,8
52025,2,1
52026,5,9
52027,3,5
52028,0,2
52029,6,7
52030,9,8
52031,1,6
52032,1,0
52033,8,9
52034,9,3
52035,3,1
52036,0,2
52037,8,9
52038,3,5
52039,0,7
52040,5,9
52041,3,5
52042,1,0
52043,5,9
52044,8,5
52045,0,2
52046,1,0
52047,0,2
52048,0,2
52049,6,7
52050,8,9
52051,1,6
52052,7,8
52053,6,1
52054,6,7
52055,9,3
52056,1,6
52057,5,9
52058,1,6
52059,3,1
52060,9,3
52061,9,3
52062,6,0
52063,4,4
52064,0,2
52065,5,9
52066,6,7
52067,8,9
52068,2,1
52069,6,7
52070,8,0
52071,7,3
52072,8,9
52073,1,6
52074,4,8
52075,1,6
52076,6,7
52077,7,3
52078,1,0
52079,0,2
52080,8,5
52081,1,6
52082,1,0
52083,2,8
52084,1,0
52085,3,9
52086,5,8
52087,4,7
52088,1,0
52089,7,9
52090,8,5
52091,8,9
52092,7,8
52093,9,4
52094,9,8
52095,0,2
52096,3,5
52097,1,1
52098,3,5
52099,2,8
52100,6,7
52101,3,9
52102,6,7
52103,4,4
52104,3,5
52105,0,2
52106,5,2
52107,1,9
52108,5,8
52109,2,8
52110,7,4
52111,3,9
52112,4,3
52113,7,9
52114,0,2
52115,8,9
52116,3,5
52117,9,9
52118,2,1
52119,1,6
52120,1,0
52121,5,1
52122,5,9
52123,9,4
52124,7,3
52125,6,9
52126,0,9
52127,9,4
52128,4,8
52129,3,1
52130,0,2
52131,5,9
52132,2,5
52133,0,4
52134,3,9
52135,0,2
52136,1,0
52137,7,4
52138,9,3
52139,9,4
52140,4,4
52141,6,7
52142,2,5
52143,1,6
52144,2,8
52145,6,7
52146,7,8
52147,7,4
52148,9,8
52149,7,4
52150,6,9
52151,9,4
52152,2,4
52153,2,1
52154,0,9
52155,4,4
52156,6,7
52157,8,9
52158,4,4
52159,8,9
52160,3,5
52161,0,2
52162,7,4
52163,6,9
52164,3,5
52165,4,4
52166,7,3
52167,1,1
52168,3,5
52169,2,8
52170,5,5
52171,8,9
52172,5,9
52173,7,9
52174,1,0
52175,1,6
52176,7,4
52177,1,6
52178,7,4
52179,0,2
52180,9,3
52181,7,4
52182,0,2
52183,6,7
52184,9,8
52185,0,2
52186,2,5
52187,1,6
52188,2,7
52189,2,1
52190,5,5
52191,3,9
52192,5,5
52193,4,4
52194,6,7
52195,5,9
52196,7,3
52197,6,6
52198,6,7
52199,7,4
52200,4,8
52201,8,9
52202,0,2
52203,9,4
52204,0,2
52205,1,6
52206,6,1
52207,2,1
52208,2,1
52209,3,5
52210,5,3
52211,4,4
52212,6,7
52213,5,9
52214,9,3
52215,6,7
52216,7,8
52217,7,4
52218,8,7
52219,8,9
52220,1,6
52221,0,9
52222,4,8
52223,1,6
52224,2,1
52225,2,9
52226,0,2
52227,3,5
52228,0,5
52229,4,4
52230,9,3
52231,5,9
52232,9,4
52233,6,9
52234,1,0
52235,7,4
52236,9,8
52237,8,9
52238,0,2
52239,9,3
52240,3,5
52241,8,3
52242,2,5
52243,4,9
52244,1,0
52245,0,9
52246,4,3
52247,0,9
52248,1,0
52249,7,3
52250,8,5
52251,2,1
52252,3,5
52253,6,7
52254,1,0
52255,5,9
52256,7,3
52257,5,9
52258,9,8
52259,3,9
52260,4,3
52261,7,4
52262,1,6
52263,6,7
52264,5,5
52265,6,9
52266,5,9
52267,4,4
52268,1,6
52269,3,9
52270,9,3
52271,2,1
52272,3,5
52273,6,7
52274,4,8
52275,6,6
52276,0,2
52277,4,3
52278,1,0
52279,4,6
52280,8,4
52281,3,1
52282,6,7
52283,8,9
52284,5,9
52285,8,9
52286,9,8
52287,3,1
52288,0,2
52289,0,2
52290,8,0
52291,1,6
52292,8,3
52293,4,4
52294,0,1
52295,5,9
52296,8,5
52297,6,7
52298,3,5
52299,4,8
52300,3,5
52301,7,3
52302,7,4
52303,8,9
52304,9,4
52305,0,2
52306,8,1
52307,3,5
52308,4,8
52309,1,6
52310,5,5
52311,9,3
52312,0,2
52313,0,2
52314,5,5
52315,9,3
52316,2,1
52317,1,6
52318,0,2
52319,2,1
52320,0,2
52321,7,4
52322,7,8
52323,0,2
52324,9,3
52325,1,6
52326,5,2
52327,3,5
52328,9,3
52329,8,9
52330,7,3
52331,2,1
52332,5,5
52333,9,4
52334,1,6
52335,2,1
52336,0,2
52337,7,4
52338,6,7
52339,7,3
52340,9,3
52341,9,3
52342,1,0
52343,4,9
52344,4,3
52345,2,1
52346,4,8
52347,5,9
52348,4,8
52349,8,9
52350,3,5
52351,6,7
52352,8,5
52353,5,9
52354,0,2
52355,9,4
52356,9,8
52357,9,3
52358,2,8
52359,1,6
52360,1,6
52361,1,6
52362,1,0
52363,7,4
52364,5,9
52365,6,7
52366,2,1
52367,9,3
52368,1,0
52369,1,6
52370,2,1
52371,3,1
52372,9,8
52373,2,1
52374,6,7
52375,3,5
52376,1,0
52377,4,8
52378,3,5
52379,3,9
52380,6,7
52381,1,6
52382,1,0
52383,9,4
52384,4,8
52385,3,5
52386,3,5
52387,6,7
52388,5,5
52389,8,9
52390,8,5
52391,7,3
52392,1,3
52393,0,2
52394,3,5
52395,1,6
52396,0,7
52397,0,2
52398,8,9
52399,5,1
52400,2,1
52401,8,9
52402,4,8
52403,2,1
52404,3,5
52405,7,4
52406,9,3
52407,7,3
52408,2,1
52409,0,2
52410,2,1
52411,1,0
52412,6,7
52413,2,1
52414,4,3
52415,3,5
52416,1,0
52417,4,3
52418,1,6
52419,5,8
52420,6,7
52421,6,7
52422,2,5
52423,7,3
52424,4,8
52425,8,9
52426,6,7
52427,9,8
52428,0,2
52429,0,2
52430,8,5
52431,1,0
52432,3,5
52433,2,1
52434,6,7
52435,3,5
52436,7,3
52437,4,8
52438,0,2
52439,5,4
52440,2,1
52441,6,7
52442,4,8
52443,7,8
52444,1,0
52445,8,5
52446,3,5
52447,9,3
52448,4,8
52449,0,2
52450,1,6
52451,1,0
52452,5,5
52453,2,1
52454,1,0
52455,3,5
52456,2,1
52457,4,8
52458,5,9
52459,5,5
52460,7,6
52461,6,7
52462,9,8
52463,7,4
52464,3,1
52465,8,5
52466,7,4
52467,9,3
52468,8,9
52469,8,9
52470,0,2
52471,7,3
52472,6,7
52473,4,4
52474,5,5
52475,7,3
52476,3,5
52477,7,4
52478,9,5
52479,3,5
52480,7,4
52481,9,3
52482,6,7
52483,8,9
52484,7,4
52485,8,9
52486,7,4
52487,3,5
52488,2,1
52489,1,6
52490,7,3
52491,5,9
52492,1,6
52493,8,9
52494,6,7
52495,2,1
52496,8,5
52497,7,3
52498,1,0
52499,4,4
52500,9,8
52501,2,1
52502,6,7
52503,6,7
52504,6,7
52505,1,6
52506,9,8
52507,5,9
52508,0,2
52509,5,9
52510,9,3
52511,8,9
52512,2,1
52513,6,7
52514,6,1
52515,4,4
52516,6,7
52517,4,4
52518,6,7
52519,4,4
52520,0,2
52521,1,6
52522,4,8
52523,8,9
52524,7,4
52525,7,3
52526,0,2
52527,5,9
52528,7,4
52529,5,9
52530,1,0
52531,1,6
52532,4,8
52533,8,9
52534,6,7
52535,9,3
52536,8,8
52537,1,0
52538,9,8
52539,3,5
52540,5,9
52541,6,7
52542,6,7
52543,3,5
52544,6,1
52545,3,5
52546,9,3
52547,2,1
52548,2,0
52549,2,1
52550,2,5
52551,6,7
52552,1,0
52553,9,3
52554,0,2
52555,9,3
52556,9,8
52557,6,7
52558,0,2
52559,5,9
52560,6,1
52561,5,9
52562,1,0
52563,3,5
52564,4,8
52565,3,5
52566,4,8
52567,8,9
52568,7,3
52569,1,6
52570,9,3
52571,6,7
52572,4,3
52573,8,9
52574,2,1
52575,1,0
52576,9,3
52577,9,8
52578,6,8
52579,7,3
52580,4,8
52581,6,7
52582,2,7
52583,8,9
52584,6,7
52585,3,5
52586,1,0
52587,7,4
52588,7,3
52589,4,3
52590,3,5
52591,7,3
52592,8,3
52593,0,2
52594,7,4
52595,9,3
52596,0,2
52597,0,2
52598,6,7
52599,0,2
52600,4,8
52601,3,5
52602,2,1
52603,7,4
52604,4,3
52605,9,3
52606,7,3
52607,3,9
52608,5,8
52609,0,2
52610,5,9
52611,2,1
52612,8,9
52613,0,2
52614,1,0
52615,1,6
52616,1,6
52617,0,2
52618,9,3
52619,1,6
52620,6,7
52621,0,2
52622,1,0
52623,4,4
52624,1,5
52625,0,2
52626,6,7
52627,1,6
52628,0,2
52629,0,2
52630,2,1
52631,4,8
52632,8,0
52633,7,4
52634,2,1
52635,9,3
52636,3,5
52637,2,1
52638,9,3
52639,0,2
52640,6,7
52641,6,7
52642,4,8
52643,2,1
52644,7,6
52645,6,7
52646,9,3
52647,2,1
52648,1,0
52649,2,1
52650,5,2
52651,9,3
52652,4,8
52653,9,3
52654,1,0
52655,0,2
52656,2,1
52657,1,6
52658,4,8
52659,2,1
52660,2,1
52661,3,9
52662,8,5
52663,4,4
52664,3,9
52665,5,9
52666,7,8
52667,6,7
52668,1,0
52669,7,4
52670,7,4
52671,8,6
52672,9,8
52673,0,2
52674,6,9
52675,1,6
52676,3,5
52677,2,1
52678,6,7
52679,3,9
52680,7,4
52681,4,4
52682,4,8
52683,5,9
52684,2,1
52685,6,7
52686,5,8
52687,7,6
52688,6,7
52689,8,9
52690,3,5
52691,0,9
52692,3,5
52693,1,6
52694,2,1
52695,2,1
52696,0,2
52697,3,5
52698,0,9
52699,8,6
52700,3,5
52701,7,4
52702,3,5
52703,4,4
52704,4,8
52705,7,4
52706,5,9
52707,7,4
52708,4,8
52709,9,4
52710,1,0
52711,8,9
52712,9,8
52713,3,1
52714,9,8
52715,1,6
52716,0,7
52717,5,9
52718,9,8
52719,8,6
52720,0,2
52721,4,7
52722,8,5
52723,2,1
52724,6,7
52725,6,7
52726,2,1
52727,4,7
52728,0,2
52729,4,4
52730,7,3
52731,1,6
52732,7,3
52733,8,9
52734,4,3
52735,7,6
52736,7,3
52737,5,9
52738,1,1
52739,5,9
52740,3,3
52741,1,6
52742,6,7
52743,9,4
52744,7,0
52745,1,6
52746,8,9
52747,3,9
52748,4,8
52749,6,7
52750,7,4
52751,3,1
52752,7,8
52753,3,1
52754,6,9
52755,2,1
52756,4,3
52757,2,1
52758,1,0
52759,6,7
52760,7,3
52761,9,4
52762,2,6
52763,9,4
52764,8,9
52765,6,7
52766,0,9
52767,5,9
52768,6,7
52769,5,9
52770,9,8
52771,3,2
52772,9,3
52773,3,5
52774,2,1
52775,8,9
52776,5,9
52777,1,6
52778,5,5
52779,7,4
52780,1,0
52781,6,7
52782,2,5
52783,8,9
52784,2,1
52785,3,2
52786,7,3
52787,7,4
52788,6,7
52789,4,4
52790,3,5
52791,7,6
52792,5,5
52793,0,9
52794,3,5
52795,9,3
52796,2,1
52797,0,9
52798,5,5
52799,0,2
52800,9,5
52801,2,1
52802,2,0
52803,7,4
52804,0,2
52805,9,7
52806,6,0
52807,1,6
52808,8,1
52809,0,9
52810,3,5
52811,1,6
52812,2,4
52813,0,9
52814,9,5
52815,4,4
52816,3,5
52817,0,4
52818,3,5
52819,1,6
52820,6,9
52821,0,2
52822,1,6
52823,4,4
52824,7,3
52825,7,4
52826,5,9
52827,9,3
52828,3,0
52829,2,1
52830,8,8
52831,0,9
52832,0,2
52833,6,7
52834,2,6
52835,2,1
52836,0,2
52837,6,7
52838,4,8
52839,2,1
52840,2,1
52841,2,1
52842,7,6
52843,9,4
52844,6,7
52845,9,3
52846,9,3
52847,0,2
52848,8,5
52849,1,6
52850,1,6
52851,2,1
52852,4,8
52853,3,5
52854,1,6
52855,4,8
52856,6,7
52857,5,9
52858,6,7
52859,6,7
52860,8,5
52861,7,3
52862,8,8
52863,8,5
52864,3,5
52865,0,2
52866,7,8
52867,1,6
52868,1,0
52869,2,4
52870,5,4
52871,3,5
52872,1,0
52873,4,5
52874,2,1
52875,5,9
52876,4,3
52877,6,7
52878,1,0
52879,7,4
52880,6,7
52881,8,9
52882,1,0
52883,9,3
52884,8,0
52885,0,2
52886,7,3
52887,1,6
52888,1,0
52889,2,1
52890,8,9
52891,3,9
52892,8,5
52893,4,4
52894,2,6
52895,5,9
52896,5,8
52897,6,7
52898,2,1
52899,7,1
52900,8,5
52901,8,9
52902,5,5
52903,9,3
52904,3,9
52905,8,9
52906,1,0
52907,3,9
52908,6,7
52909,4,8
52910,9,2
52911,7,4
52912,6,7
52913,8,5
52914,5,5
52915,6,7
52916,1,0
52917,3,5
52918,6,1
52919,4,8
52920,4,8
52921,0,2
52922,3,3
52923,9,8
52924,3,5
52925,7,4
52926,7,3
52927,1,0
52928,0,9
52929,9,3
52930,0,2
52931,3,5
52932,8,1
52933,8,9
52934,0,2
52935,4,8
52936,3,5
52937,7,4
52938,2,4
52939,3,9
52940,3,9
52941,0,2
52942,2,1
52943,9,8
52944,8,5
52945,4,4
52946,6,7
52947,5,9
52948,9,8
52949,4,3
52950,8,5
52951,6,7
52952,7,9
52953,2,9
52954,8,9
52955,0,2
52956,2,1
52957,6,7
52958,4,8
52959,2,4
52960,7,3
52961,1,0
52962,5,5
52963,1,6
52964,7,4
52965,1,6
52966,3,5
52967,1,6
52968,8,1
52969,7,4
52970,5,9
52971,2,4
52972,3,5
52973,4,3
52974,3,5
52975,2,9
52976,6,7
52977,9,3
52978,0,5
52979,4,4
52980,8,5
52981,5,9
52982,2,1
52983,8,9
52984,1,0
52985,4,4
52986,6,1
52987,2,1
52988,4,3
52989,9,3
52990,1,0
52991,7,3
52992,7,3
52993,0,2
52994,3,5
52995,0,2
52996,4,4
52997,7,4
52998,7,8
52999,5,9
53000,5,9
53001,1,6
53002,8,9
53003,7,4
53004,1,6
53005,6,7
53006,8,1
53007,6,7
53008,2,1
53009,6,7
53010,9,3
53011,8,9
53012,1,0
53013,2,1
53014,0,2
53015,5,9
53016,1,0
53017,2,9
53018,1,0
53019,2,4
53020,9,8
53021,7,3
53022,9,8
53023,7,4
53024,5,5
53025,4,8
53026,2,1
53027,0,2
53028,8,9
53029,2,4
53030,0,2
53031,4,8
53032,4,3
53033,2,1
53034,2,1
53035,3,9
53036,8,9
53037,3,8
53038,0,2
53039,3,5
53040,1,0
53041,1,6
53042,3,5
53043,8,9
53044,9,5
53045,9,4
53046,5,5
53047,6,7
53048,3,5
53049,1,6
53050,5,5
53051,0,2
53052,4,3
53053,5,9
53054,5,9
53055,9,3
53056,2,1
53057,6,7
53058,1,0
53059,9,3
53060,7,4
53061,8,9
53062,4,7
53063,5,9
53064,8,5
53065,8,9
53066,7,4
53067,5,9
53068,6,7
53069,5,9
53070,9,8
53071,8,9
53072,2,1
53073,0,2
53074,7,4
53075,3,9
53076,2,1
53077,0,2
53078,4,4
53079,8,9
53080,1,0
53081,6,7
53082,8,5
53083,3,5
53084,3,5
53085,0,2
53086,5,9
53087,1,6
53088,2,1
53089,2,1
53090,8,9
53091,3,9
53092,8,9
53093,4,4
53094,7,4
53095,6,7
53096,5,9
53097,7,4
53098,1,0
53099,8,9
53100,5,5
53101,0,2
53102,7,8
53103,1,6
53104,3,5
53105,2,1
53106,6,7
53107,3,9
53108,3,5
53109,4,4
53110,8,9
53111,6,7
53112,8,9
53113,7,4
53114,5,5
53115,8,4
53116,0,8
53117,0,2
53118,0,2
53119,1,6
53120,5,8
53121,2,1
53122,5,9
53123,3,9
53124,0,7
53125,4,4
53126,9,8
53127,6,7
53128,8,9
53129,7,4
53130,4,8
53131,8,9
53132,2,1
53133,8,9
53134,4,4
53135,1,6
53136,3,5
53137,7,4
53138,2,1
53139,2,1
53140,1,0
53141,4,4
53142,9,8
53143,1,6
53144,4,4
53145,4,4
53146,9,3
53147,1,6
53148,6,6
53149,4,4
53150,8,5
53151,9,4
53152,5,7
53153,6,7
53154,9,3
53155,8,9
53156,3,8
53157,4,4
53158,3,9
53159,7,4
53160,1,0
53161,8,9
53162,1,0
53163,4,8
53164,7,3
53165,3,9
53166,9,3
53167,3,9
53168,1,3
53169,6,7
53170,8,8
53171,7,4
53172,5,5
53173,0,2
53174,0,2
53175,6,7
53176,1,0
53177,1,6
53178,1,0
53179,6,7
53180,1,0
53181,8,9
53182,3,5
53183,7,4
53184,8,5
53185,0,2
53186,8,9
53187,1,6
53188,7,4
53189,0,2
53190,9,3
53191,8,9
53192,4,8
53193,5,9
53194,1,0
53195,0,2
53196,9,0
53197,6,7
53198,6,7
53199,1,6
53200,5,9
53201,5,9
53202,9,3
53203,8,9
53204,9,8
53205,4,8
53206,1,0
53207,2,1
53208,8,9
53209,3,9
53210,7,3
53211,9,4
53212,0,2
53213,7,4
53214,7,3
53215,6,7
53216,9,2
53217,9,4
53218,2,1
53219,0,2
53220,6,7
53221,6,7
53222,4,3
53223,3,9
53224,2,1
53225,3,9
53226,4,3
53227,7,4
53228,6,7
53229,5,9
53230,6,7
53231,3,9
53232,7,3
53233,1,6
53234,7,3
53235,8,9
53236,8,3
53237,2,1
53238,9,8
53239,2,1
53240,8,9
53241,3,9
53242,7,2
53243,0,2
53244,5,3
53245,2,9
53246,3,9
53247,9,4
53248,8,4
53249,4,9
53250,9,4
53251,9,4
53252,3,5
53253,7,4
53254,4,3
53255,0,2
53256,0,2
53257,0,2
53258,7,8
53259,2,1
53260,4,3
53261,7,4
53262,3,5
53263,4,4
53264,2,8
53265,9,4
53266,2,0
53267,9,4
53268,5,9
53269,2,1
53270,0,2
53271,8,9
53272,5,9
53273,1,6
53274,7,3
53275,5,9
53276,9,3
53277,6,7
53278,4,3
53279,9,4
53280,9,8
53281,8,9
53282,3,5
53283,3,9
53284,2,1
53285,8,9
53286,8,5
53287,3,9
53288,4,4
53289,6,7
53290,0,2
53291,7,4
53292,5,5
53293,0,2
53294,8,9
53295,4,1
53296,5,5
53297,0,2
53298,0,2
53299,0,2
53300,4,8
53301,1,6
53302,7,4
53303,2,1
53304,1,0
53305,3,5
53306,5,5
53307,4,8
53308,1,0
53309,5,8
53310,1,0
53311,6,7
53312,8,9
53313,7,3
53314,1,0
53315,8,9
53316,5,7
53317,9,3
53318,6,7
53319,0,2
53320,6,9
53321,1,6
53322,2,1
53323,2,1
53324,9,3
53325,3,5
53326,1,0
53327,4,8
53328,0,2
53329,5,8
53330,1,0
53331,6,7
53332,3,5
53333,7,4
53334,7,8
53335,8,9
53336,6,7
53337,9,3
53338,7,4
53339,0,2
53340,2,1
53341,1,6
53342,9,8
53343,2,1
53344,0,2
53345,3,5
53346,4,3
53347,4,8
53348,1,0
53349,9,3
53350,0,2
53351,1,6
53352,5,5
53353,0,2
53354,0,2
53355,0,2
53356,5,9
53357,3,5
53358,3,5
53359,6,7
53360,0,2
53361,1,6
53362,4,8
53363,4,8
53364,4,3
53365,3,5
53366,2,1
53367,2,1
53368,7,3
53369,9,3
53370,9,8
53371,1,6
53372,7,3
53373,2,1
53374,3,5
53375,1,6
53376,3,5
53377,2,1
53378,4,8
53379,9,8
53380,0,2
53381,0,9
53382,3,5
53383,1,6
53384,4,3
53385,3,5
53386,9,8
53387,0,2
53388,2,1
53389,6,7
53390,2,1
53391,2,1
53392,7,8
53393,9,3
53394,1,0
53395,1,0
53396,9,3
53397,9,3
53398,6,8
53399,0,9
53400,8,9
53401,0,7
53402,3,5
53403,0,2
53404,0,5
53405,1,6
53406,6,7
53407,0,2
53408,5,5
53409,1,6
53410,5,9
53411,4,4
53412,3,5
53413,5,5
53414,5,9
53415,7,3
53416,6,7
53417,8,9
53418,7,4
53419,3,5
53420,8,5
53421,4,3
53422,6,7
53423,7,8
53424,0,5
53425,1,6
53426,4,8
53427,1,0
53428,5,5
53429,0,2
53430,2,1
53431,7,3
53432,0,2
53433,5,8
53434,2,1
53435,9,3
53436,1,0
53437,9,3
53438,9,3
53439,4,3
53440,8,9
53441,7,8
53442,9,3
53443,5,5
53444,0,2
53445,8,9
53446,4,3
53447,3,5
53448,1,6
53449,4,3
53450,4,3
53451,4,8
53452,4,8
53453,3,5
53454,0,2
53455,2,1
53456,9,8
53457,3,5
53458,4,8
53459,4,4
53460,0,2
53461,5,3
53462,8,3
53463,6,7
53464,8,5
53465,7,4
53466,5,5
53467,1,0
53468,1,0
53469,0,2
53470,5,4
53471,1,6
53472,6,7
53473,2,2
53474,3,5
53475,3,5
53476,4,3
53477,4,4
53478,7,0
53479,5,9
53480,3,5
53481,6,7
53482,3,9
53483,7,3
53484,1,0
53485,8,9
53486,8,5
53487,0,2
53488,3,5
53489,1,6
53490,7,3
53491,2,8
53492,4,8
53493,3,5
53494,2,1
53495,4,4
53496,9,3
53497,5,4
53498,1,0
53499,6,7
53500,2,1
53501,7,4
53502,0,2
53503,0,2
53504,2,1
53505,9,8
53506,8,9
53507,5,3
53508,8,9
53509,0,7
53510,7,4
53511,9,3
53512,2,1
53513,8,5
53514,3,5
53515,9,3
53516,6,7
53517,8,5
53518,1,6
53519,4,8
53520,8,5
53521,1,0
53522,2,2
53523,7,3
53524,0,2
53525,7,3
53526,6,7
53527,3,5
53528,4,8
53529,5,4
53530,9,8
53531,1,6
53532,9,8
53533,0,2
53534,6,7
53535,0,2
53536,0,2
53537,0,2
53538,5,9
53539,1,6
53540,6,7
53541,2,1
53542,3,5
53543,6,7
53544,9,8
53545,3,5
53546,4,3
53547,3,8
53548,7,4
53549,7,4
53550,9,8
53551,4,4
53552,5,5
53553,6,7
53554,3,3
53555,6,7
53556,8,5
53557,6,7
53558,3,8
53559,4,4
53560,3,5
53561,9,4
53562,0,2
53563,1,6
53564,4,6
53565,9,3
53566,3,5
53567,5,5
53568,5,5
53569,8,9
53570,3,8
53571,2,1
53572,5,5
53573,0,2
53574,8,5
53575,0,2
53576,4,8
53577,1,6
53578,6,5
53579,7,4
53580,8,9
53581,6,7
53582,4,3
53583,3,5
53584,3,9
53585,2,8
53586,3,5
53587,1,6
53588,6,7
53589,7,3
53590,5,3
53591,3,3
53592,9,8
53593,1,6
53594,1,6
53595,3,5
53596,4,3
53597,9,4
53598,5,5
53599,1,6
53600,7,0
53601,7,4
53602,4,8
53603,6,7
53604,1,6
53605,8,9
53606,6,7
53607,4,8
53608,2,1
53609,3,9
53610,1,0
53611,1,6
53612,7,8
53613,4,8
53614,7,3
53615,0,2
53616,9,3
53617,5,4
53618,4,8
53619,3,5
53620,5,9
53621,6,7
53622,4,8
53623,9,4
53624,7,4
53625,6,7
53626,5,5
53627,1,6
53628,2,1
53629,7,4
53630,3,5
53631,4,8
53632,0,2
53633,4,8
53634,5,5
53635,7,4
53636,8,9
53637,2,1
53638,5,5
53639,2,1
53640,8,9
53641,5,4
53642,5,5
53643,7,4
53644,2,1
53645,9,4
53646,6,7
53647,5,9
53648,8,5
53649,4,4
53650,2,1
53651,8,9
53652,6,7
53653,8,5
53654,4,3
53655,4,4
53656,2,8
53657,0,2
53658,2,1
53659,8,9
53660,8,9
53661,9,3
53662,1,0
53663,8,5
53664,1,0
53665,0,2
53666,7,8
53667,1,6
53668,2,5
53669,2,1
53670,0,2
53671,3,5
53672,8,9
53673,4,3
53674,4,8
53675,5,9
53676,9,8
53677,6,7
53678,0,2
53679,7,4
53680,9,3
53681,8,9
53682,9,8
53683,9,3
53684,0,2
53685,0,2
53686,8,5
53687,1,6
53688,3,5
53689,2,1
53690,5,5
53691,3,5
53692,2,1
53693,4,8
53694,7,4
53695,5,9
53696,5,5
53697,6,7
53698,9,3
53699,7,4
53700,9,3
53701,8,9
53702,7,3
53703,9,3
53704,3,5
53705,0,2
53706,6,7
53707,1,6
53708,2,1
53709,2,1
53710,4,8
53711,3,5
53712,3,5
53713,4,3
53714,1,6
53715,5,9
53716,3,5
53717,6,7
53718,5,5
53719,7,3
53720,2,1
53721,8,9
53722,3,5
53723,9,4
53724,3,5
53725,7,3
53726,1,0
53727,2,1
53728,8,5
53729,9,3
53730,8,5
53731,4,8
53732,5,5
53733,2,1
53734,0,2
53735,9,3
53736,9,6
53737,8,9
53738,4,8
53739,4,3
53740,3,5
53741,5,2
53742,2,1
53743,8,9
53744,2,1
53745,8,9
53746,1,0
53747,0,2
53748,2,1
53749,3,5
53750,1,0
53751,5,9
53752,9,3
53753,4,8
53754,6,9
53755,3,5
53756,8,5
53757,3,5
53758,3,5
53759,5,9
53760,4,3
53761,1,6
53762,2,1
53763,7,3
53764,9,3
53765,8,9
53766,7,3
53767,4,3
53768,4,8
53769,5,5
53770,7,8
53771,7,3
53772,2,1
53773,2,1
53774,8,9
53775,6,7
53776,4,8
53777,6,7
53778,9,3
53779,7,4
53780,1,0
53781,7,3
53782,8,5
53783,7,4
53784,9,3
53785,0,2
53786,8,9
53787,1,6
53788,0,2
53789,0,2
53790,2,6
53791,1,6
53792,1,0
53793,6,2
53794,5,9
53795,5,9
53796,5,5
53797,5,9
53798,6,7
53799,2,1
53800,0,2
53801,9,4
53802,5,5
53803,3,5
53804,1,0
53805,1,6
53806,8,4
53807,4,3
53808,4,3
53809,8,9
53810,9,8
53811,8,9
53812,5,5
53813,7,4
53814,0,2
53815,3,5
53816,1,0
53817,8,9
53818,6,7
53819,2,1
53820,4,4
53821,9,8
53822,5,4
53823,1,6
53824,1,6
53825,2,1
53826,5,5
53827,6,7
53828,6,7
53829,5,9
53830,6,7
53831,9,3
53832,7,6
53833,1,6
53834,4,3
53835,2,1
53836,7,3
53837,2,1
53838,3,5
53839,7,4
53840,6,7
53841,9,3
53842,1,6
53843,7,4
53844,5,2
53845,9,8
53846,3,5
53847,9,3
53848,8,5
53849,1,6
53850,4,8
53851,0,2
53852,7,3
53853,9,3
53854,8,8
53855,7,4
53856,4,4
53857,0,2
53858,7,3
53859,5,9
53860,8,8
53861,0,2
53862,2,1
53863,3,5
53864,8,9
53865,8,9
53866,7,8
53867,4,3
53868,9,8
53869,6,7
53870,1,0
53871,1,6
53872,8,8
53873,4,3
53874,3,9
53875,3,5
53876,2,1
53877,6,7
53878,2,1
53879,2,1
53880,0,2
53881,0,2
53882,9,8
53883,4,3
53884,2,1
53885,8,9
53886,7,4
53887,1,6
53888,4,3
53889,3,5
53890,2,1
53891,1,6
53892,6,7
53893,0,2
53894,0,2
53895,9,4
53896,1,0
53897,0,2
53898,4,8
53899,1,6
53900,6,9
53901,2,1
53902,4,3
53903,3,9
53904,1,0
53905,4,4
53906,8,9
53907,5,9
53908,1,0
53909,6,2
53910,2,7
53911,7,4
53912,4,1
53913,8,9
53914,4,3
53915,9,4
53916,0,2
53917,0,2
53918,6,7
53919,1,6
53920,5,9
53921,2,1
53922,5,8
53923,3,5
53924,0,2
53925,4,4
53926,2,1
53927,5,9
53928,0,9
53929,6,7
53930,1,0
53931,7,4
53932,0,2
53933,8,9
53934,0,2
53935,9,4
53936,0,2
53937,0,9
53938,3,5
53939,1,6
53940,0,9
53941,2,1
53942,5,5
53943,3,5
53944,7,3
53945,4,4
53946,5,5
53947,5,9
53948,9,8
53949,6,7
53950,9,3
53951,9,4
53952,8,9
53953,8,9
53954,3,5
53955,4,4
53956,7,8
53957,0,2
53958,3,5
53959,0,2
53960,3,5
53961,7,4
53962,7,4
53963,2,1
53964,9,8
53965,4,4
53966,1,0
53967,2,1
53968,5,4
53969,6,7
53970,8,9
53971,5,9
53972,2,1
53973,5,9
53974,4,3
53975,3,5
53976,9,2
53977,7,4
53978,5,9
53979,8,9
53980,1,0
53981,6,7
53982,0,2
53983,6,7
53984,2,7
53985,4,4
53986,7,3
53987,3,5
53988,4,4
53989,2,1
53990,4,8
53991,6,7
53992,5,9
53993,6,7
53994,0,2
53995,3,5
53996,8,9
53997,8,9
53998,9,3
53999,8,9
54000,5,5
54001,3,9
54002,5,2
54003,0,2
54004,0,2
54005,1,6
54006,8,5
54007,4,9
54008,3,5
54009,4,4
54010,0,7
54011,7,1
54012,0,2
54013,3,5
54014,3,5
54015,5,9
54016,3,5
54017,4,4
54018,6,7
54019,1,6
54020,3,5
54021,9,4
54022,7,4
54023,1,6
54024,5,5
54025,2,1
54026,9,8
54027,1,6
54028,3,9
54029,3,5
54030,8,3
54031,9,4
54032,6,7
54033,2,1
54034,8,8
54035,7,4
54036,9,3
54037,7,4
54038,9,8
54039,9,4
54040,8,5
54041,4,4
54042,4,8
54043,2,1
54044,5,5
54045,5,9
54046,4,8
54047,8,9
54048,9,8
54049,6,7
54050,9,4
54051,5,9
54052,2,1
54053,5,9
54054,8,4
54055,9,4
54056,8,5
54057,9,4
54058,2,1
54059,1,6
54060,3,5
54061,1,6
54062,3,5
54063,5,9
54064,9,8
54065,7,1
54066,7,8
54067,6,9
54068,6,7
54069,9,4
54070,1,5
54071,1,6
54072,7,3
54073,3,5
54074,3,2
54075,2,1
54076,9,3
54077,3,9
54078,2,1
54079,1,6
54080,0,2
54081,9,8
54082,8,8
54083,0,2
54084,3,5
54085,9,4
54086,6,7
54087,1,6
54088,3,5
54089,0,2
54090,2,1
54091,5,9
54092,5,9
54093,8,9
54094,1,6
54095,2,1
54096,7,3
54097,7,4
54098,9,3
54099,7,4
54100,7,0
54101,0,2
54102,0,2
54103,1,6
54104,0,9
54105,2,1
54106,7,3
54107,3,5
54108,0,2
54109,4,3
54110,2,1
54111,5,5
54112,4,4
54113,6,7
54114,7,3
54115,7,3
54116,4,8
54117,8,5
54118,7,3
54119,9,8
54120,8,5
54121,0,2
54122,5,9
54123,1,0
54124,6,7
54125,2,1
54126,3,5
54127,3,5
54128,2,1
54129,4,4
54130,4,3
54131,5,9
54132,8,9
54133,6,7
54134,2,7
54135,7,4
54136,8,5
54137,8,5
54138,9,8
54139,9,8
54140,3,5
54141,0,2
54142,5,8
54143,1,0
54144,9,3
54145,2,1
54146,9,8
54147,3,5
54148,7,3
54149,4,8
54150,6,7
54151,5,5
54152,7,4
54153,6,7
54154,9,8
54155,7,3
54156,4,3
54157,8,5
54158,4,8
54159,5,9
54160,2,1
54161,2,7
54162,8,5
54163,8,9
54164,1,0
54165,1,6
54166,9,8
54167,7,3
54168,2,1
54169,2,1
54170,9,3
54171,4,8
54172,6,7
54173,1,6
54174,3,5
54175,4,8
54176,7,4
54177,1,6
54178,8,4
54179,4,4
54180,8,5
54181,9,4
54182,1,0
54183,6,7
54184,5,5
54185,8,5
54186,7,6
54187,4,4
54188,6,9
54189,5,9
54190,8,3
54191,3,9
54192,8,9
54193,7,4
54194,7,2
54195,8,5
54196,6,7
54197,4,8
54198,8,5
54199,3,5
54200,6,7
54201,3,5
54202,5,8
54203,5,5
54204,6,7
54205,6,7
54206,6,7
54207,7,4
54208,3,5
54209,0,2
54210,1,0
54211,6,7
54212,7,8
54213,1,6
54214,0,2
54215,6,7
54216,8,9
54217,8,9
54218,7,3
54219,7,4
54220,2,1
54221,0,2
54222,9,8
54223,1,6
54224,6,7
54225,5,5
54226,8,9
54227,6,7
54228,3,5
54229,0,2
54230,5,5
54231,8,9
54232,0,2
54233,5,5
54234,4,3
54235,0,2
54236,1,0
54237,6,7
54238,2,1
54239,1,0
54240,2,0
54241,5,5
54242,3,5
54243,8,9
54244,9,3
54245,4,3
54246,5,9
54247,2,1
54248,3,5
54249,3,5
54250,3,9
54251,9,3
54252,6,7
54253,7,4
54254,1,0
54255,6,7
54256,7,3
54257,9,3
54258,3,9
54259,1,6
54260,5,5
54261,9,4
54262,2,1
54263,0,2
54264,4,0
54265,6,7
54266,9,8
54267,7,4
54268,8,5
54269,1,0
54270,3,5
54271,2,1
54272,0,2
54273,3,5
54274,7,3
54275,9,3
54276,4,4
54277,2,1
54278,7,8
54279,4,3
54280,8,5
54281,5,9
54282,5,9
54283,5,5
54284,0,3
54285,3,5
54286,2,1
54287,7,4
54288,6,1
54289,5,5
54290,0,2
54291,3,5
54292,2,1
54293,1,6
54294,4,4
54295,8,9
54296,3,5
54297,2,1
54298,6,7
54299,2,1
54300,9,3
54301,3,5
54302,5,9
54303,0,2
54304,3,5
54305,2,1
54306,2,1
54307,9,3
54308,8,9
54309,4,8
54310,1,0
54311,9,4
54312,9,8
54313,0,2
54314,2,5
54315,2,1
54316,6,7
54317,7,3
54318,2,1
54319,4,3
54320,0,2
54321,9,3
54322,3,5
54323,9,3
54324,4,4
54325,2,1
54326,2,1
54327,8,9
54328,0,2
54329,1,6
54330,2,1
54331,5,5
54332,6,7
54333,6,7
54334,9,3
54335,9,3
54336,8,5
54337,8,9
54338,2,1
54339,3,5
54340,1,0
54341,8,9
54342,1,0
54343,3,5
54344,8,5
54345,6,7
54346,8,9
54347,4,4
54348,6,7
54349,0,9
54350,2,5
54351,0,2
54352,8,9
54353,1,0
54354,0,2
54355,2,1
54356,0,2
54357,3,5
54358,4,3
54359,4,8
54360,6,1
54361,5,5
54362,8,0
54363,6,7
54364,7,4
54365,7,3
54366,5,5
54367,8,9
54368,0,2
54369,9,4
54370,6,7
54371,0,2
54372,7,3
54373,1,0
54374,4,4
54375,2,1
54376,4,8
54377,3,8
54378,7,0
54379,4,8
54380,1,6
54381,5,5
54382,9,8
54383,6,7
54384,1,0
54385,7,3
54386,9,3
54387,8,9
54388,1,0
54389,9,3
54390,6,7
54391,0,2
54392,0,2
54393,1,0
54394,8,9
54395,2,7
54396,7,3
54397,3,5
54398,3,5
54399,4,8
54400,5,5
54401,5,5
54402,3,3
54403,6,8
54404,0,2
54405,7,3
54406,3,5
54407,8,9
54408,2,1
54409,6,7
54410,4,4
54411,0,9
54412,4,3
54413,3,5
54414,0,2
54415,4,8
54416,1,0
54417,1,0
54418,1,0
54419,4,8
54420,6,7
54421,0,2
54422,4,8
54423,8,3
54424,2,1
54425,6,8
54426,7,3
54427,4,8
54428,1,0
54429,5,5
54430,3,5
54431,4,8
54432,2,1
54433,0,7
54434,1,6
54435,7,4
54436,3,5
54437,8,9
54438,1,6
54439,7,3
54440,2,1
54441,7,3
54442,5,9
54443,9,3
54444,3,5
54445,0,2
54446,5,5
54447,4,3
54448,2,5
54449,9,3
54450,8,9
54451,9,3
54452,4,0
54453,7,4
54454,2,1
54455,4,8
54456,2,1
54457,2,1
54458,1,0
54459,0,2
54460,3,5
54461,5,5
54462,6,7
54463,8,9
54464,0,2
54465,5,5
54466,4,8
54467,9,3
54468,1,0
54469,8,5
54470,5,9
54471,8,9
54472,7,8
54473,4,8
54474,0,2
54475,0,7
54476,3,5
54477,7,3
54478,7,3
54479,1,0
54480,2,1
54481,3,1
54482,7,3
54483,5,5
54484,2,1
54485,1,0
54486,0,2
54487,3,5
54488,8,5
54489,1,0
54490,6,7
54491,5,5
54492,8,5
54493,3,5
54494,7,3
54495,8,9
54496,6,7
54497,7,4
54498,8,3
54499,3,5
54500,5,5
54501,1,6
54502,0,2
54503,6,7
54504,9,3
54505,8,9
54506,1,1
54507,5,5
54508,9,4
54509,9,8
54510,5,4
54511,2,1
54512,0,2
54513,2,1
54514,0,5
54515,0,2
54516,3,5
54517,9,3
54518,6,7
54519,2,1
54520,9,5
54521,4,4
54522,7,3
54523,6,7
54524,3,5
54525,5,5
54526,3,5
54527,2,1
54528,5,5
54529,7,3
54530,3,9
54531,3,5
54532,7,4
54533,1,0
54534,3,5
54535,3,5
54536,7,8
54537,6,7
54538,9,8
54539,6,7
54540,7,3
54541,2,1
54542,7,3
54543,1,0
54544,1,6
54545,2,1
54546,9,3
54547,6,1
54548,9,3
54549,0,2
54550,8,5
54551,2,9
54552,1,0
54553,2,1
54554,8,6
54555,7,3
54556,2,7
54557,1,6
54558,7,4
54559,3,5
54560,3,5
54561,7,3
54562,5,5
54563,4,4
54564,8,9
54565,7,4
54566,5,5
54567,4,4
54568,3,5
54569,8,5
54570,6,7
54571,9,8
54572,6,7
54573,2,1
54574,2,7
54575,9,3
54576,1,0
54577,5,5
54578,9,8
54579,1,0
54580,1,0
54581,5,5
54582,4,3
54583,6,7
54584,9,8
54585,8,9
54586,9,9
54587,3,5
54588,4,8
54589,5,5
54590,8,6
54591,6,7
54592,9,8
54593,8,9
54594,8,5
54595,0,2
54596,8,5
54597,0,2
54598,5,5
54599,9,3
54600,0,2
54601,9,3
54602,6,9
54603,3,5
54604,5,5
54605,1,0
54606,7,4
54607,1,0
54608,0,2
54609,0,2
54610,6,7
54611,1,0
54612,8,8
54613,2,1
54614,1,0
54615,3,5
54616,3,5
54617,4,3
54618,6,7
54619,5,9
54620,0,2
54621,6,7
54622,3,5
54623,7,3
54624,8,5
54625,8,3
54626,8,5
54627,9,3
54628,4,0
54629,0,2
54630,6,7
54631,1,0
54632,7,4
54633,2,1
54634,4,8
54635,3,5
54636,8,9
54637,4,3
54638,7,3
54639,5,9
54640,5,5
54641,6,7
54642,0,2
54643,7,4
54644,7,4
54645,8,9
54646,6,1
54647,9,3
54648,3,5
54649,0,2
54650,4,3
54651,1,0
54652,6,7
54653,2,1
54654,8,9
54655,3,5
54656,8,3
54657,4,3
54658,3,5
54659,5,9
54660,3,5
54661,6,7
54662,6,7
54663,7,3
54664,1,0
54665,8,9
54666,9,3
54667,9,3
54668,4,8
54669,7,3
54670,5,9
54671,5,9
54672,4,8
54673,5,9
54674,2,5
54675,1,6
54676,2,1
54677,9,3
54678,7,3
54679,9,3
54680,2,1
54681,7,3
54682,2,5
54683,1,6
54684,8,5
54685,0,9
54686,4,8
54687,9,4
54688,7,3
54689,0,2
54690,0,2
54691,7,3
54692,1,6
54693,1,6
54694,3,9
54695,7,4
54696,7,3
54697,3,5
54698,9,8
54699,6,7
54700,3,5
54701,8,4
54702,9,8
54703,0,9
54704,3,5
54705,8,9
54706,3,5
54707,3,5
54708,1,6
54709,2,1
54710,4,8
54711,0,9
54712,8,9
54713,9,3
54714,2,1
54715,0,2
54716,1,6
54717,6,7
54718,4,3
54719,1,0
54720,1,6
54721,7,3
54722,3,5
54723,5,9
54724,3,5
54725,8,5
54726,8,9
54727,3,9
54728,0,2
54729,4,8
54730,3,5
54731,7,4
54732,7,3
54733,6,7
54734,7,3
54735,3,5
54736,3,5
54737,2,1
54738,9,5
54739,3,5
54740,7,4
54741,8,9
54742,4,3
54743,9,3
54744,5,9
54745,4,3
54746,3,5
54747,8,9
54748,4,8
54749,8,9
54750,5,9
54751,7,3
54752,1,0
54753,1,6
54754,2,1
54755,0,9
54756,2,1
54757,8,8
54758,2,6
54759,7,3
54760,7,3
54761,7,3
54762,2,8
54763,9,4
54764,0,2
54765,2,1
54766,9,8
54767,3,5
54768,2,1
54769,4,4
54770,4,8
54771,6,7
54772,3,5
54773,1,6
54774,5,9
54775,1,6
54776,5,7
54777,4,3
54778,4,7
54779,5,9
54780,3,5
54781,5,9
54782,3,1
54783,0,2
54784,1,6
54785,4,3
54786,1,0
54787,8,9
54788,6,1
54789,7,3
54790,2,1
54791,4,4
54792,7,3
54793,9,3
54794,2,0
54795,2,1
54796,2,1
54797,3,5
54798,3,5
54799,6,7
54800,0,2
54801,4,3
54802,6,1
54803,1,0
54804,0,2
54805,2,1
54806,2,1
54807,4,3
54808,0,2
54809,1,6
54810,0,5
54811,5,9
54812,0,2
54813,4,8
54814,4,1
54815,2,1
54816,1,0
54817,0,2
54818,7,3
54819,4,3
54820,6,7
54821,8,9
54822,0,2
54823,6,7
54824,1,0
54825,1,6
54826,4,3
54827,9,4
54828,5,5
54829,3,5
54830,6,7
54831,2,1
54832,0,2
54833,0,2
54834,2,1
54835,0,9
54836,0,9
54837,2,1
54838,2,1
54839,5,9
54840,2,1
54841,6,7
54842,8,9
54843,9,3
54844,0,2
54845,3,5
54846,8,9
54847,6,7
54848,2,7
54849,3,9
54850,9,3
54851,6,7
54852,4,4
54853,0,2
54854,2,1
54855,1,6
54856,3,5
54857,2,1
54858,3,5
54859,3,9
54860,9,8
54861,4,9
54862,5,5
54863,7,4
54864,1,0
54865,0,9
54866,2,1
54867,3,9
54868,5,5
54869,4,4
54870,8,5
54871,7,4
54872,1,0
54873,0,2
54874,9,3
54875,1,6
54876,1,0
54877,2,1
54878,4,3
54879,3,9
54880,5,8
54881,4,7
54882,7,8
54883,5,6
54884,8,5
54885,6,1
54886,1,0
54887,7,4
54888,3,9
54889,8,9
54890,7,4
54891,7,4
54892,3,5
54893,2,1
54894,2,1
54895,4,4
54896,8,4
54897,1,6
54898,3,3
54899,4,9
54900,0,9
54901,1,6
54902,5,5
54903,4,4
54904,5,9
54905,9,4
54906,4,8
54907,6,7
54908,2,1
54909,8,9
54910,3,5
54911,4,9
54912,7,3
54913,5,6
54914,5,9
54915,3,9
54916,8,8
54917,7,6
54918,4,3
54919,8,1
54920,8,9
54921,4,4
54922,0,2
54923,6,9
54924,2,1
54925,7,4
54926,8,9
54927,0,2
54928,5,3
54929,6,7
54930,3,5
54931,1,1
54932,5,7
54933,6,1
54934,5,5
54935,8,9
54936,4,3
54937,7,4
54938,5,9
54939,0,2
54940,7,8
54941,0,2
54942,0,5
54943,0,9
54944,9,8
54945,6,7
54946,1,0
54947,1,1
54948,6,1
54949,5,6
54950,8,5
54951,2,1
54952,3,5
54953,3,9
54954,8,1
54955,9,4
54956,2,1
54957,7,4
54958,8,4
54959,6,7
54960,4,1
54961,9,4
54962,9,3
54963,1,6
54964,7,3
54965,9,4
54966,7,8
54967,0,2
54968,1,0
54969,6,7
54970,5,8
54971,7,4
54972,3,5
54973,2,1
54974,1,0
54975,5,6
54976,3,5
54977,3,9
54978,2,1
54979,1,6
54980,0,2
54981,2,8
54982,0,2
54983,3,9
54984,9,3
54985,0,2
54986,8,5
54987,2,1
54988,5,5
54989,9,4
54990,8,9
54991,4,4
54992,4,7
54993,9,4
54994,6,8
54995,7,4
54996,3,3
54997,0,2
54998,4,3
54999,0,2
55000,1,6
55001,2,1
55002,8,5
55003,7,4
55004,4,3
55005,4,9
55006,0,2
55007,9,4
55008,3,5
55009,9,4
55010,5,9
55011,2,8
55012,6,7
55013,9,4
55014,1,6
55015,8,9
55016,6,7
55017,3,9
55018,6,7
55019,6,1
55020,8,9
55021,7,4
55022,8,5
55023,0,2
55024,4,8
55025,4,9
55026,8,9
55027,0,2
55028,3,5
55029,0,2
55030,0,2
55031,1,0
55032,2,1
55033,2,1
55034,7,4
55035,3,5
55036,1,0
55037,4,8
55038,3,5
55039,6,7
55040,2,1
55041,7,3
55042,5,5
55043,8,5
55044,2,0
55045,0,2
55046,1,6
55047,1,0
55048,0,2
55049,2,1
55050,3,5
55051,3,5
55052,7,0
55053,4,8
55054,3,5
55055,5,9
55056,0,2
55057,6,7
55058,5,9
55059,7,3
55060,5,5
55061,8,9
55062,3,5
55063,9,3
55064,9,8
55065,0,2
55066,6,7
55067,1,6
55068,9,8
55069,2,1
55070,2,1
55071,3,5
55072,9,8
55073,4,8
55074,4,8
55075,5,9
55076,5,5
55077,6,7
55078,7,8
55079,7,4
55080,1,0
55081,8,9
55082,7,4
55083,1,6
55084,7,3
55085,4,8
55086,7,4
55087,4,3
55088,7,3
55089,2,1
55090,7,1
55091,3,5
55092,9,3
55093,3,5
55094,7,4
55095,0,2
55096,6,7
55097,9,8
55098,4,3
55099,5,9
55100,2,1
55101,4,8
55102,9,8
55103,3,1
55104,3,5
55105,0,2
55106,3,5
55107,8,9
55108,5,3
55109,4,8
55110,0,2
55111,6,9
55112,6,7
55113,7,4
55114,9,4
55115,0,2
55116,3,7
55117,7,4
55118,8,9
55119,7,3
55120,9,8
55121,1,0
55122,8,5
55123,6,7
55124,4,8
55125,9,3
55126,9,4
55127,1,6
55128,8,2
55129,2,1
55130,0,2
55131,9,3
55132,8,9
55133,3,9
55134,6,7
55135,6,7
55136,4,8
55137,2,1
55138,6,7
55139,3,5
55140,1,6
55141,4,3
55142,1,0
55143,6,7
55144,3,5
55145,8,5
55146,8,9
55147,7,4
55148,5,9
55149,2,1
55150,1,0
55151,3,9
55152,0,2
55153,8,4
55154,6,7
55155,1,6
55156,8,5
55157,2,1
55158,2,1
55159,9,8
55160,4,8
55161,5,9
55162,6,7
55163,8,1
55164,5,5
55165,8,9
55166,6,7
55167,7,4
55168,6,7
55169,1,6
55170,2,5
55171,7,4
55172,2,1
55173,1,6
55174,7,3
55175,1,6
55176,2,1
55177,0,2
55178,4,8
55179,3,9
55180,7,4
55181,4,4
55182,8,9
55183,2,1
55184,5,3
55185,6,7
55186,2,1
55187,4,4
55188,2,2
55189,7,4
55190,3,9
55191,4,3
55192,8,5
55193,2,1
55194,3,1
55195,7,4
55196,6,7
55197,4,4
55198,3,5
55199,2,1
55200,9,8
55201,9,3
55202,2,1
55203,2,1
55204,5,5
55205,7,4
55206,4,7
55207,9,3
55208,5,9
55209,2,1
55210,7,4
55211,8,9
55212,5,5
55213,6,7
55214,1,6
55215,1,6
55216,7,4
55217,0,2
55218,8,9
55219,6,7
55220,2,1
55221,8,9
55222,1,0
55223,5,9
55224,9,3
55225,5,9
55226,6,7
55227,0,2
55228,2,1
55229,5,9
55230,6,9
55231,3,5
55232,1,0
55233,5,9
55234,8,5
55235,9,3
55236,1,0
55237,7,4
55238,7,4
55239,4,7
55240,9,3
55241,8,9
55242,0,2
55243,9,4
55244,7,8
55245,6,7
55246,0,2
55247,9,3
55248,5,5
55249,3,9
55250,8,5
55251,0,2
55252,6,7
55253,0,2
55254,0,2
55255,6,7
55256,8,5
55257,3,5
55258,4,3
55259,0,2
55260,5,9
55261,5,9
55262,1,0
55263,8,1
55264,8,6
55265,9,3
55266,7,3
55267,1,6
55268,8,5
55269,8,9
55270,7,3
55271,1,6
55272,8,5
55273,6,7
55274,6,9
55275,0,2
55276,7,3
55277,0,2
55278,0,1
55279,1,6
55280,4,8
55281,2,1
55282,4,8
55283,3,9
55284,8,9
55285,4,8
55286,1,0
55287,5,9
55288,0,2
55289,6,7
55290,0,2
55291,7,4
55292,3,5
55293,8,4
55294,4,8
55295,9,3
55296,9,9
55297,0,7
55298,5,3
55299,1,6
55300,2,1
55301,3,9
55302,0,2
55303,4,4
55304,2,0
55305,5,9
55306,1,0
55307,6,7
55308,2,5
55309,7,4
55310,1,3
55311,8,4
55312,3,9
55313,9,3
55314,6,7
55315,0,2
55316,2,1
55317,1,6
55318,4,7
55319,2,1
55320,4,8
55321,3,9
55322,5,5
55323,4,4
55324,1,6
55325,5,9
55326,2,1
55327,6,7
55328,4,3
55329,7,8
55330,8,2
55331,8,9
55332,4,8
55333,9,3
55334,3,5
55335,1,0
55336,3,5
55337,4,3
55338,1,0
55339,4,3
55340,4,0
55341,3,5
55342,5,9
55343,3,5
55344,7,4
55345,0,2
55346,7,3
55347,9,4
55348,0,7
55349,5,9
55350,6,7
55351,4,3
55352,2,1
55353,3,9
55354,0,2
55355,0,2
55356,5,5
55357,8,9
55358,1,0
55359,4,4
55360,2,1
55361,0,2
55362,6,7
55363,7,4
55364,9,8
55365,7,4
55366,0,9
55367,6,7
55368,8,6
55369,9,3
55370,9,3
55371,1,0
55372,6,7
55373,2,1
55374,7,3
55375,9,3
55376,5,5
55377,3,9
55378,3,5
55379,6,7
55380,1,6
55381,2,1
55382,6,7
55383,3,9
55384,7,3
55385,4,4
55386,1,6
55387,6,7
55388,5,5
55389,5,9
55390,6,7
55391,2,1
55392,8,5
55393,3,9
55394,5,5
55395,8,9
55396,5,9
55397,1,6
55398,0,5
55399,2,1
55400,0,2
55401,9,3
55402,0,2
55403,5,9
55404,2,1
55405,8,9
55406,9,3
55407,8,9
55408,0,2
55409,7,3
55410,0,2
55411,1,0
55412,1,6
55413,7,4
55414,5,5
55415,1,6
55416,4,8
55417,1,6
55418,4,3
55419,3,9
55420,6,7
55421,4,4
55422,7,3
55423,4,3
55424,4,3
55425,7,3
55426,7,3
55427,4,4
55428,5,5
55429,2,9
55430,8,9
55431,7,4
55432,3,5
55433,2,1
55434,5,5
55435,9,3
55436,8,5
55437,2,1
55438,8,8
55439,7,4
55440,3,5
55441,9,3
55442,5,5
55443,2,1
55444,7,3
55445,8,9
55446,7,4
55447,6,7
55448,7,4
55449,1,6
55450,5,8
55451,8,9
55452,7,3
55453,5,9
55454,9,3
55455,5,9
55456,6,7
55457,0,2
55458,6,8
55459,5,9
55460,5,5
55461,3,9
55462,8,9
55463,5,9
55464,9,8
55465,9,3
55466,7,3
55467,7,3
55468,9,8
55469,4,3
55470,3,5
55471,8,9
55472,3,5
55473,9,8
55474,3,5
55475,6,0
55476,7,3
55477,9,3
55478,1,0
55479,0,2
55480,7,3
55481,0,9
55482,3,5
55483,6,7
55484,0,9
55485,3,9
55486,7,4
55487,0,2
55488,3,3
55489,5,9
55490,4,8
55491,8,9
55492,7,8
55493,9,3
55494,7,4
55495,1,6
55496,9,2
55497,8,9
55498,5,9
55499,1,6
55500,1,0
55501,0,2
55502,1,0
55503,0,2
55504,2,1
55505,1,6
55506,5,9
55507,2,1
55508,2,1
55509,3,9
55510,9,8
55511,4,4
55512,6,7
55513,5,2
55514,7,8
55515,6,7
55516,4,8
55517,7,4
55518,7,8
55519,8,9
55520,6,7
55521,0,2
55522,4,8
55523,1,6
55524,1,0
55525,2,1
55526,2,5
55527,3,9
55528,2,1
55529,4,4
55530,8,5
55531,5,9
55532,4,3
55533,6,7
55534,8,5
55535,7,4
55536,6,7
55537,8,9
55538,4,3
55539,9,3
55540,2,5
55541,0,2
55542,2,1
55543,1,6
55544,7,4
55545,2,7
55546,4,8
55547,3,9
55548,3,5
55549,4,8
55550,3,5
55551,6,7
55552,4,8
55553,7,3
55554,5,5
55555,8,5
55556,0,2
55557,8,9
55558,6,7
55559,2,1
55560,7,3
55561,6,7
55562,7,3
55563,9,3
55564,4,8
55565,6,7
55566,3,5
55567,1,6
55568,9,3
55569,9,3
55570,9,8
55571,9,3
55572,5,5
55573,9,3
55574,1,0
55575,4,8
55576,0,2
55577,4,8
55578,8,0
55579,3,9
55580,3,5
55581,8,9
55582,0,2
55583,1,6
55584,6,7
55585,4,3
55586,8,3
55587,1,6
55588,0,9
55589,2,1
55590,6,7
55591,5,1
55592,3,5
55593,0,2
55594,1,0
55595,9,3
55596,1,0
55597,4,3
55598,4,3
55599,9,3
55600,9,8
55601,1,6
55602,5,9
55603,7,3
55604,8,3
55605,4,3
55606,8,9
55607,4,8
55608,7,3
55609,1,6
55610,8,9
55611,8,9
55612,9,5
55613,7,3
55614,8,9
55615,6,7
55616,6,8
55617,0,2
55618,8,9
55619,8,9
55620,8,9
55621,1,6
55622,0,2
55623,8,9
55624,0,2
55625,2,1
55626,6,2
55627,6,7
55628,3,3
55629,2,1
55630,4,8
55631,0,2
55632,8,3
55633,9,8
55634,1,0
55635,1,6
55636,9,3
55637,2,1
55638,6,7
55639,5,1
55640,3,5
55641,4,4
55642,9,8
55643,5,9
55644,1,0
55645,6,7
55646,0,2
55647,7,4
55648,9,1
55649,3,9
55650,8,9
55651,0,2
55652,9,3
55653,2,1
55654,4,8
55655,2,1
55656,0,2
55657,2,1
55658,4,4
55659,7,3
55660,6,7
55661,5,9
55662,2,1
55663,0,2
55664,0,2
55665,3,9
55666,0,2
55667,5,9
55668,7,4
55669,2,1
55670,6,7
55671,1,6
55672,5,5
55673,4,7
55674,8,9
55675,4,8
55676,4,3
55677,3,9
55678,2,1
55679,0,2
55680,0,2
55681,0,2
55682,0,2
55683,8,3
55684,4,3
55685,5,9
55686,1,0
55687,4,4
55688,3,5
55689,7,3
55690,4,4
55691,9,3
55692,2,1
55693,7,4
55694,3,5
55695,8,9
55696,8,5
55697,8,9
55698,3,5
55699,7,4
55700,7,3
55701,9,4
55702,9,3
55703,6,7
55704,2,1
55705,3,9
55706,8,9
55707,1,6
55708,5,9
55709,7,4
55710,1,0
55711,9,3
55712,5,5
55713,6,7
55714,1,0
55715,3,9
55716,1,0
55717,3,9
55718,5,9
55719,1,6
55720,6,2
55721,0,2
55722,5,9
55723,2,1
55724,7,3
55725,6,7
55726,3,5
55727,0,2
55728,5,5
55729,5,9
55730,9,8
55731,6,7
55732,3,5
55733,8,9
55734,5,5
55735,7,4
55736,4,8
55737,3,9
55738,6,1
55739,5,1
55740,1,0
55741,8,9
55742,6,7
55743,3,9
55744,7,3
55745,0,2
55746,3,5
55747,1,0
55748,5,8
55749,2,1
55750,7,4
55751,3,5
55752,0,5
55753,4,4
55754,6,8
55755,5,9
55756,7,3
55757,6,7
55758,3,0
55759,7,4
55760,6,9
55761,8,9
55762,8,9
55763,9,3
55764,8,5
55765,0,2
55766,8,5
55767,1,0
55768,1,0
55769,2,1
55770,6,7
55771,3,5
55772,8,5
55773,4,4
55774,4,8
55775,5,9
55776,4,8
55777,6,7
55778,9,8
55779,7,3
55780,9,3
55781,8,9
55782,2,1
55783,9,3
55784,1,0
55785,0,2
55786,1,0
55787,1,0
55788,4,8
55789,2,1
55790,8,9
55791,3,5
55792,9,5
55793,4,4
55794,5,5
55795,5,9
55796,3,5
55797,6,7
55798,6,7
55799,7,4
55800,5,5
55801,8,5
55802,7,3
55803,9,3
55804,5,8
55805,0,2
55806,0,2
55807,8,3
55808,2,1
55809,7,3
55810,4,8
55811,8,5
55812,4,8
55813,9,3
55814,9,4
55815,9,3
55816,2,1
55817,0,2
55818,5,5
55819,1,6
55820,6,9
55821,4,4
55822,0,2
55823,5,9
55824,6,7
55825,1,6
55826,7,3
55827,6,7
55828,4,3
55829,7,4
55830,0,9
55831,3,5
55832,1,6
55833,2,1
55834,9,9
55835,9,3
55836,2,1
55837,0,2
55838,5,3
55839,5,9
55840,0,2
55841,6,7
55842,7,3
55843,7,4
55844,3,9
55845,3,9
55846,1,0
55847,9,3
55848,7,3
55849,9,3
55850,9,4
55851,3,5
55852,8,9
55853,8,5
55854,7,3
55855,1,6
55856,9,3
55857,2,1
55858,3,5
55859,9,4
55860,4,8
55861,6,7
55862,2,1
55863,7,3
55864,3,5
55865,5,9
55866,3,5
55867,6,7
55868,8,9
55869,3,5
55870,1,1
55871,5,9
55872,4,4
55873,0,2
55874,3,5
55875,5,2
55876,3,5
55877,4,4
55878,5,9
55879,0,2
55880,8,5
55881,3,2
55882,7,3
55883,4,4
55884,9,8
55885,7,4
55886,5,5
55887,7,4
55888,1,0
55889,9,3
55890,0,2
55891,4,9
55892,0,2
55893,3,1
55894,5,5
55895,7,4
55896,7,1
55897,6,7
55898,4,8
55899,2,1
55900,6,7
55901,1,6
55902,5,5
55903,5,9
55904,6,7
55905,5,5
55906,2,9
55907,0,2
55908,5,9
55909,5,9
55910,5,9
55911,0,2
55912,2,1
55913,6,7
55914,3,5
55915,7,4
55916,7,3
55917,0,2
55918,7,3
55919,2,1
55920,1,0
55921,9,4
55922,0,2
55923,3,5
55924,4,8
55925,4,4
55926,3,5
55927,4,4
55928,7,3
55929,8,9
55930,4,8
55931,1,6
55932,3,5
55933,2,1
55934,7,3
55935,2,1
55936,6,7
55937,3,5
55938,9,3
55939,1,6
55940,8,5
55941,3,5
55942,6,7
55943,6,7
55944,4,4
55945,7,3
55946,8,5
55947,3,1
55948,4,3
55949,9,4
55950,2,1
55951,6,7
55952,2,1
55953,5,9
55954,4,8
55955,1,6
55956,6,7
55957,9,3
55958,5,5
55959,8,5
55960,3,5
55961,1,6
55962,3,5
55963,1,0
55964,4,8
55965,5,9
55966,3,5
55967,0,2
55968,8,4
55969,2,1
55970,9,8
55971,7,4
55972,2,1
55973,8,9
55974,3,9
55975,6,7
55976,4,8
55977,6,7
55978,9,3
55979,8,9
55980,5,5
55981,4,4
55982,2,1
55983,4,4
55984,6,7
55985,2,1
55986,0,2
55987,2,1
55988,1,6
55989,8,9
55990,4,8
55991,0,2
55992,9,8
55993,0,2
55994,6,7
55995,1,6
55996,2,1
55997,2,1
55998,3,5
55999,3,5
56000,1,6
56001,8,9
56002,5,5
56003,9,3
56004,8,8
56005,0,2
56006,3,9
56007,1,6
56008,3,5
56009,2,1
56010,1,6
56011,4,4
56012,3,5
56013,5,9
56014,5,9
56015,6,7
56016,1,6
56017,7,4
56018,9,8
56019,8,9
56020,1,0
56021,9,3
56022,6,7
56023,0,2
56024,5,3
56025,1,6
56026,8,5
56027,2,1
56028,7,3
56029,3,5
56030,7,3
56031,4,4
56032,5,5
56033,5,9
56034,7,4
56035,6,7
56036,5,5
56037,7,4
56038,5,5
56039,8,9
56040,2,1
56041,9,4
56042,7,3
56043,3,5
56044,6,7
56045,5,5
56046,1,0
56047,3,5
56048,1,0
56049,2,1
56050,0,7
56051,9,3
56052,7,8
56053,3,5
56054,5,8
56055,2,1
56056,8,3
56057,1,6
56058,7,8
56059,4,4
56060,4,8
56061,5,9
56062,9,8
56063,5,9
56064,7,8
56065,2,1
56066,7,0
56067,3,5
56068,8,5
56069,2,1
56070,8,0
56071,1,6
56072,4,8
56073,3,9
56074,7,3
56075,9,3
56076,7,0
56077,7,4
56078,9,8
56079,2,1
56080,4,8
56081,1,6
56082,8,0
56083,2,1
56084,4,4
56085,8,9
56086,7,8
56087,9,4
56088,2,1
56089,1,6
56090,9,3
56091,8,9
56092,9,3
56093,8,9
56094,4,8
56095,7,4
56096,7,3
56097,8,9
56098,6,1
56099,1,6
56100,2,1
56101,0,2
56102,9,8
56103,0,9
56104,2,1
56105,6,7
56106,4,9
56107,7,3
56108,5,5
56109,7,4
56110,1,0
56111,7,4
56112,7,3
56113,5,9
56114,1,0
56115,6,7
56116,5,8
56117,1,6
56118,9,3
56119,5,5
56120,2,1
56121,7,4
56122,4,3
56123,1,6
56124,0,2
56125,2,1
56126,8,9
56127,5,9
56128,5,5
56129,0,2
56130,6,7
56131,7,4
56132,7,3
56133,9,4
56134,3,0
56135,9,4
56136,3,5
56137,0,2
56138,1,0
56139,3,5
56140,0,2
56141,8,9
56142,4,8
56143,4,3
56144,6,7
56145,8,9
56146,4,4
56147,4,4
56148,6,7
56149,1,6
56150,4,8
56151,8,9
56152,9,4
56153,6,7
56154,2,5
56155,5,9
56156,9,8
56157,9,4
56158,0,2
56159,0,2
56160,7,4
56161,0,2
56162,6,0
56163,0,2
56164,3,5
56165,3,5
56166,9,4
56167,7,4
56168,2,5
56169,1,6
56170,8,5
56171,6,7
56172,6,9
56173,4,9
56174,0,2
56175,2,1
56176,0,2
56177,6,7
56178,9,8
56179,6,7
56180,8,5
56181,0,2
56182,6,7
56183,4,9
56184,4,8
56185,5,9
56186,6,7
56187,4,4
56188,2,7
56189,1,6
56190,4,8
56191,3,9
56192,1,0
56193,8,9
56194,8,5
56195,6,7
56196,7,3
56197,3,5
56198,3,5
56199,9,9
56200,5,5
56201,9,4
56202,5,9
56203,5,9
56204,3,9
56205,9,4
56206,5,5
56207,3,9
56208,1,0
56209,7,4
56210,6,8
56211,6,7
56212,9,8
56213,2,2
56214,5,9
56215,2,1
56216,9,3
56217,0,2
56218,7,0
56219,0,2
56220,7,8
56221,1,0
56222,2,1
56223,2,1
56224,5,5
56225,3,5
56226,1,0
56227,4,8
56228,3,5
56229,5,9
56230,9,8
56231,6,7
56232,6,7
56233,7,8
56234,3,5
56235,8,4
56236,0,2
56237,9,3
56238,9,3
56239,0,2
56240,6,7
56241,1,0
56242,9,4
56243,2,1
56244,4,8
56245,3,5
56246,5,9
56247,4,8
56248,0,2
56249,5,5
56250,8,9
56251,6,7
56252,1,0
56253,7,3
56254,8,4
56255,8,9
56256,0,2
56257,9,3
56258,4,8
56259,0,2
56260,3,9
56261,1,0
56262,5,5
56263,2,7
56264,2,1
56265,3,5
56266,7,3
56267,4,8
56268,4,8
56269,5,5
56270,9,8
56271,9,9
56272,7,8
56273,1,0
56274,7,4
56275,3,5
56276,4,8
56277,5,5
56278,1,6
56279,9,9
56280,4,8
56281,4,3
56282,2,1
56283,1,0
56284,8,9
56285,7,3
56286,8,8
56287,7,3
56288,3,5
56289,2,1
56290,8,9
56291,1,0
56292,9,0
56293,4,8
56294,7,3
56295,8,9
56296,8,5
56297,3,5
56298,2,1
56299,8,9
56300,9,8
56301,2,1
56302,4,7
56303,9,9
56304,9,8
56305,3,5
56306,5,9
56307,8,9
56308,1,0
56309,5,9
56310,5,9
56311,4,4
56312,2,1
56313,8,3
56314,5,9
56315,8,9
56316,4,3
56317,9,3
56318,0,2
56319,4,3
56320,4,3
56321,3,5
56322,8,9
56323,9,3
56324,3,5
56325,2,1
56326,1,6
56327,5,9
56328,1,6
56329,7,3
56330,4,3
56331,4,4
56332,0,2
56333,1,0
56334,4,8
56335,2,1
56336,1,0
56337,3,5
56338,1,0
56339,5,9
56340,2,1
56341,9,8
56342,6,7
56343,1,6
56344,5,5
56345,6,7
56346,7,3
56347,0,7
56348,9,8
56349,1,0
56350,4,8
56351,0,7
56352,0,9
56353,0,7
56354,7,3
56355,2,1
56356,7,4
56357,8,9
56358,6,7
56359,7,3
56360,5,9
56361,2,1
56362,0,2
56363,5,9
56364,4,3
56365,1,0
56366,5,8
56367,1,0
56368,5,9
56369,8,9
56370,5,9
56371,5,9
56372,2,5
56373,6,7
56374,1,0
56375,4,3
56376,4,3
56377,0,2
56378,8,9
56379,4,0
56380,4,3
56381,7,3
56382,7,3
56383,3,5
56384,1,0
56385,6,7
56386,8,9
56387,8,9
56388,0,2
56389,0,2
56390,7,3
56391,3,5
56392,7,6
56393,7,3
56394,2,1
56395,4,3
56396,8,9
56397,0,5
56398,3,5
56399,6,7
56400,4,3
56401,9,8
56402,8,9
56403,2,1
56404,0,2
56405,6,7
56406,4,8
56407,5,9
56408,9,8
56409,8,9
56410,7,4
56411,6,7
56412,8,3
56413,9,3
56414,9,8
56415,0,2
56416,7,8
56417,4,3
56418,7,4
56419,0,2
56420,3,5
56421,6,7
56422,4,8
56423,1,6
56424,0,2
56425,9,4
56426,7,3
56427,2,7
56428,8,9
56429,0,2
56430,8,5
56431,9,3
56432,7,4
56433,5,5
56434,3,5
56435,1,0
56436,0,5
56437,3,5
56438,7,3
56439,7,3
56440,4,8
56441,6,7
56442,9,3
56443,9,3
56444,0,2
56445,4,3
56446,6,7
56447,8,9
56448,3,5
56449,3,5
56450,0,2
56451,7,8
56452,4,6
56453,7,4
56454,0,2
56455,6,7
56456,1,6
56457,3,3
56458,9,3
56459,0,2
56460,0,9
56461,5,9
56462,7,3
56463,6,7
56464,9,5
56465,2,1
56466,9,3
56467,2,1
56468,5,9
56469,0,2
56470,1,0
56471,1,0
56472,7,3
56473,2,1
56474,3,5
56475,3,5
56476,5,5
56477,4,8
56478,9,8
56479,5,5
56480,9,5
56481,6,7
56482,7,3
56483,7,8
56484,4,8
56485,8,9
56486,9,3
56487,9,5
56488,3,5
56489,0,2
56490,1,0
56491,1,5
56492,3,5
56493,2,1
56494,9,4
56495,3,8
56496,4,4
56497,4,8
56498,2,1
56499,5,5
56500,7,8
56501,6,7
56502,8,5
56503,7,8
56504,3,5
56505,8,9
56506,1,0
56507,9,8
56508,2,1
56509,0,2
56510,7,3
56511,1,0
56512,0,2
56513,2,1
56514,2,2
56515,3,5
56516,4,8
56517,5,5
56518,7,3
56519,6,7
56520,6,7
56521,7,3
56522,0,2
56523,8,5
56524,3,5
56525,8,9
56526,6,7
56527,9,8
56528,3,5
56529,5,5
56530,0,5
56531,7,8
56532,4,8
56533,0,2
56534,7,3
56535,3,5
56536,8,9
56537,1,0
56538,1,0
56539,4,8
56540,2,1
56541,1,0
56542,7,3
56543,7,8
56544,8,5
56545,6,7
56546,7,4
56547,5,5
56548,6,7
56549,6,7
56550,4,8
56551,4,8
56552,6,7
56553,2,1
56554,5,5
56555,7,8
56556,0,2
56557,8,9
56558,2,1
56559,1,0
56560,8,9
56561,3,5
56562,6,7
56563,4,8
56564,4,8
56565,3,5
56566,5,9
56567,7,8
56568,6,7
56569,2,1
56570,0,2
56571,5,8
56572,1,6
56573,0,2
56574,3,5
56575,1,0
56576,1,0
56577,9,3
56578,3,5
56579,2,1
56580,9,3
56581,3,5
56582,6,7
56583,2,1
56584,1,0
56585,3,5
56586,5,9
56587,5,5
56588,7,4
56589,5,5
56590,2,0
56591,7,8
56592,6,8
56593,8,9
56594,8,8
56595,4,8
56596,4,3
56597,9,8
56598,2,1
56599,9,3
56600,8,6
56601,7,8
56602,1,0
56603,1,0
56604,7,3
56605,1,0
56606,0,2
56607,9,3
56608,0,2
56609,0,2
56610,1,0
56611,7,3
56612,2,1
56613,8,9
56614,2,2
56615,3,5
56616,3,5
56617,8,5
56618,9,3
56619,6,7
56620,4,8
56621,3,5
56622,9,8
56623,8,5
56624,3,5
56625,0,2
56626,0,2
56627,9,8
56628,8,9
56629,6,7
56630,5,5
56631,2,1
56632,6,7
56633,1,0
56634,9,8
56635,0,2
56636,8,5
56637,1,0
56638,7,3
56639,0,2
56640,7,3
56641,6,1
56642,4,3
56643,2,7
56644,1,6
56645,3,7
56646,4,9
56647,8,5
56648,4,8
56649,9,8
56650,7,3
56651,0,2
56652,7,3
56653,7,8
56654,3,5
56655,2,3
56656,1,0
56657,3,5
56658,5,5
56659,4,3
56660,1,6
56661,5,5
56662,0,2
56663,5,5
56664,2,8
56665,2,1
56666,5,9
56667,8,5
56668,1,0
56669,5,5
56670,7,3
56671,4,8
56672,8,0
56673,6,1
56674,0,2
56675,6,7
56676,4,8
56677,6,7
56678,6,7
56679,7,8
56680,7,4
56681,9,8
56682,2,5
56683,1,0
56684,9,8
56685,8,5
56686,0,2
56687,2,1
56688,1,0
56689,1,0
56690,9,8
56691,2,1
56692,6,7
56693,6,7
56694,7,8
56695,5,5
56696,1,0
56697,3,5
56698,4,8
56699,4,8
56700,4,8
56701,7,8
56702,9,3
56703,9,8
56704,0,2
56705,4,8
56706,6,7
56707,0,2
56708,9,3
56709,0,2
56710,8,9
56711,5,5
56712,5,9
56713,9,8
56714,1,0
56715,0,2
56716,8,5
56717,1,0
56718,6,7
56719,2,1
56720,5,9
56721,3,5
56722,7,3
56723,4,3
56724,0,7
56725,5,9
56726,9,8
56727,6,7
56728,1,0
56729,7,3
56730,3,5
56731,8,5
56732,5,5
56733,9,8
56734,1,0
56735,0,2
56736,6,7
56737,1,0
56738,3,5
56739,2,5
56740,4,3
56741,3,5
56742,9,8
56743,4,8
56744,1,0
56745,5,5
56746,6,7
56747,6,7
56748,5,3
56749,7,4
56750,1,6
56751,8,9
56752,2,5
56753,9,8
56754,3,5
56755,0,2
56756,7,4
56757,1,0
56758,4,3
56759,2,1
56760,9,8
56761,3,5
56762,2,1
56763,4,8
56764,1,0
56765,5,9
56766,0,2
56767,6,7
56768,1,0
56769,7,3
56770,4,8
56771,8,5
56772,1,0
56773,9,3
56774,9,3
56775,0,7
56776,3,5
56777,0,9
56778,0,2
56779,1,0
56780,7,3
56781,0,2
56782,5,9
56783,1,0
56784,4,3
56785,2,1
56786,5,9
56787,7,3
56788,9,8
56789,5,9
56790,6,5
56791,3,5
56792,9,8
56793,4,8
56794,7,4
56795,2,1
56796,6,7
56797,4,8
56798,7,4
56799,4,3
56800,9,5
56801,0,2
56802,4,8
56803,0,2
56804,5,5
56805,6,7
56806,7,8
56807,9,3
56808,4,3
56809,6,7
56810,1,6
56811,6,7
56812,5,5
56813,5,1
56814,7,3
56815,7,3
56816,7,3
56817,3,5
56818,4,3
56819,2,1
56820,3,5
56821,2,1
56822,7,3
56823,3,5
56824,2,1
56825,4,8
56826,4,8
56827,4,3
56828,7,8
56829,9,8
56830,6,7
56831,1,0
56832,7,8
56833,4,8
56834,1,0
56835,0,2
56836,1,0
56837,7,3
56838,5,5
56839,9,8
56840,6,7
56841,7,4
56842,8,5
56843,5,9
56844,7,3
56845,6,7
56846,7,4
56847,2,7
56848,2,1
56849,3,5
56850,7,3
56851,1,0
56852,5,5
56853,4,3
56854,6,7
56855,4,3
56856,4,8
56857,0,7
56858,8,5
56859,9,3
56860,5,9
56861,9,8
56862,6,7
56863,6,7
56864,2,1
56865,1,0
56866,8,8
56867,8,5
56868,0,2
56869,3,5
56870,1,0
56871,3,5
56872,8,5
56873,7,3
56874,8,4
56875,3,5
56876,2,8
56877,9,8
56878,6,9
56879,8,5
56880,7,4
56881,8,9
56882,1,6
56883,9,3
56884,9,8
56885,6,7
56886,4,8
56887,8,5
56888,7,8
56889,8,9
56890,5,5
56891,8,5
56892,7,3
56893,4,3
56894,8,5
56895,7,3
56896,9,8
56897,7,3
56898,5,9
56899,6,7
56900,7,8
56901,2,1
56902,1,6
56903,1,0
56904,6,7
56905,9,8
56906,9,3
56907,8,5
56908,0,2
56909,7,3
56910,1,6
56911,8,5
56912,1,0
56913,8,9
56914,0,3
56915,7,4
56916,6,7
56917,2,1
56918,6,7
56919,2,1
56920,7,3
56921,3,5
56922,2,5
56923,9,3
56924,7,3
56925,3,5
56926,2,1
56927,3,5
56928,5,5
56929,0,2
56930,9,8
56931,7,3
56932,7,3
56933,9,8
56934,3,5
56935,5,9
56936,6,7
56937,6,7
56938,5,5
56939,5,1
56940,0,7
56941,0,2
56942,0,2
56943,6,7
56944,9,3
56945,1,0
56946,4,8
56947,5,9
56948,9,8
56949,0,2
56950,0,2
56951,4,8
56952,8,3
56953,1,0
56954,0,2
56955,1,0
56956,8,5
56957,2,1
56958,4,8
56959,8,5
56960,1,0
56961,2,1
56962,5,7
56963,6,7
56964,6,7
56965,1,0
56966,3,5
56967,5,9
56968,0,2
56969,0,2
56970,4,8
56971,1,6
56972,6,7
56973,2,1
56974,3,5
56975,3,9
56976,8,9
56977,4,4
56978,8,5
56979,5,9
56980,1,0
56981,6,7
56982,5,5
56983,7,4
56984,0,2
56985,8,9
56986,1,6
56987,9,4
56988,6,9
56989,0,2
56990,5,3
56991,1,6
56992,7,1
56993,2,1
56994,3,5
56995,3,5
56996,9,3
56997,4,4
56998,2,1
56999,5,7
57000,0,2
57001,8,9
57002,4,8
57003,0,2
57004,3,8
57005,1,6
57006,9,3
57007,2,1
57008,9,3
57009,3,5
57010,6,7
57011,4,4
57012,6,9
57013,5,9
57014,1,0
57015,6,9
57016,3,5
57017,7,4
57018,9,3
57019,8,9
57020,0,2
57021,8,6
57022,1,0
57023,6,7
57024,9,3
57025,5,9
57026,4,8
57027,0,2
57028,5,5
57029,6,7
57030,8,9
57031,8,9
57032,7,3
57033,9,3
57034,0,7
57035,4,4
57036,6,9
57037,1,6
57038,8,5
57039,9,4
57040,3,9
57041,0,4
57042,8,7
57043,4,4
57044,7,8
57045,8,9
57046,1,0
57047,9,3
57048,7,8
57049,1,6
57050,9,8
57051,4,4
57052,9,8
57053,0,9
57054,8,5
57055,5,9
57056,3,5
57057,1,6
57058,1,6
57059,4,4
57060,8,9
57061,0,2
57062,8,5
57063,7,4
57064,0,2
57065,6,7
57066,7,8
57067,0,2
57068,0,2
57069,1,6
57070,8,5
57071,7,4
57072,9,3
57073,0,2
57074,7,4
57075,6,7
57076,4,0
57077,8,9
57078,7,4
57079,9,4
57080,8,9
57081,5,9
57082,4,3
57083,7,4
57084,8,9
57085,9,4
57086,2,1
57087,8,9
57088,5,5
57089,6,7
57090,8,8
57091,0,9
57092,0,2
57093,8,9
57094,1,6
57095,1,6
57096,2,1
57097,7,3
57098,7,4
57099,7,4
57100,9,8
57101,1,6
57102,4,3
57103,3,9
57104,2,1
57105,2,1
57106,5,9
57107,3,5
57108,8,5
57109,1,6
57110,7,3
57111,4,4
57112,2,1
57113,2,1
57114,4,3
57115,0,2
57116,8,4
57117,0,2
57118,8,3
57119,7,3
57120,0,2
57121,8,9
57122,6,7
57123,4,4
57124,5,5
57125,6,7
57126,4,4
57127,4,8
57128,5,9
57129,9,3
57130,2,1
57131,3,5
57132,5,9
57133,8,9
57134,7,8
57135,4,4
57136,5,9
57137,7,4
57138,6,7
57139,2,1
57140,6,7
57141,3,5
57142,2,1
57143,6,7
57144,4,8
57145,9,4
57146,4,4
57147,6,7
57148,9,8
57149,3,5
57150,7,3
57151,2,1
57152,9,3
57153,2,1
57154,0,2
57155,4,4
57156,5,8
57157,6,7
57158,6,7
57159,9,8
57160,1,6
57161,0,2
57162,0,2
57163,2,1
57164,8,5
57165,5,9
57166,3,5
57167,5,9
57168,5,5
57169,1,6
57170,1,0
57171,3,9
57172,3,5
57173,3,9
57174,8,5
57175,9,3
57176,0,2
57177,7,3
57178,7,4
57179,8,9
57180,5,8
57181,7,4
57182,5,5
57183,2,1
57184,4,8
57185,2,1
57186,0,2
57187,9,4
57188,7,6
57189,8,9
57190,1,0
57191,2,1
57192,1,0
57193,1,6
57194,3,9
57195,3,9
57196,7,3
57197,1,6
57198,6,1
57199,3,5
57200,8,9
57201,0,2
57202,0,7
57203,1,6
57204,7,4
57205,2,1
57206,9,3
57207,3,9
57208,4,3
57209,4,3
57210,8,5
57211,5,9
57212,8,9
57213,6,7
57214,0,2
57215,7,2
57216,8,3
57217,8,9
57218,6,2
57219,9,3
57220,1,6
57221,0,2
57222,1,0
57223,1,6
57224,4,8
57225,2,1
57226,6,1
57227,3,5
57228,4,3
57229,4,4
57230,7,3
57231,5,9
57232,5,5
57233,6,7
57234,5,9
57235,7,2
57236,9,8
57237,8,9
57238,8,9
57239,9,4
57240,5,5
57241,0,2
57242,5,5
57243,1,6
57244,8,0
57245,2,1
57246,9,3
57247,3,5
57248,5,5
57249,4,8
57250,1,6
57251,5,9
57252,0,2
57253,6,7
57254,6,2
57255,7,2
57256,5,7
57257,8,9
57258,9,4
57259,9,4
57260,6,7
57261,0,9
57262,2,5
57263,8,9
57264,3,5
57265,3,5
57266,1,6
57267,9,4
57268,1,0
57269,5,9
57270,2,5
57271,5,9
57272,1,0
57273,2,1
57274,9,3
57275,6,7
57276,8,9
57277,8,9
57278,3,5
57279,4,4
57280,7,2
57281,9,4
57282,7,3
57283,1,6
57284,2,1
57285,7,4
57286,7,4
57287,1,6
57288,0,7
57289,2,1
57290,9,8
57291,3,9
57292,7,4
57293,5,9
57294,9,3
57295,9,8
57296,0,2
57297,6,7
57298,0,2
57299,9,4
57300,3,5
57301,1,6
57302,5,7
57303,1,6
57304,8,9
57305,1,6
57306,3,5
57307,2,9
57308,3,5
57309,9,4
57310,1,0
57311,5,9
57312,3,5
57313,6,7
57314,6,7
57315,8,9
57316,8,9
57317,1,6
57318,8,9
57319,2,4
57320,5,9
57321,0,2
57322,1,0
57323,7,3
57324,8,5
57325,7,4
57326,0,2
57327,5,9
57328,4,8
57329,8,9
57330,5,5
57331,2,1
57332,8,9
57333,9,4
57334,7,3
57335,8,9
57336,3,5
57337,7,4
57338,2,5
57339,1,6
57340,1,0
57341,3,9
57342,2,1
57343,4,4
57344,7,3
57345,5,9
57346,6,5
57347,6,7
57348,8,9
57349,0,2
57350,7,8
57351,3,9
57352,8,5
57353,6,7
57354,4,8
57355,8,9
57356,0,2
57357,7,2
57358,2,1
57359,0,2
57360,6,7
57361,4,4
57362,1,0
57363,2,1
57364,0,2
57365,7,4
57366,2,5
57367,7,4
57368,4,8
57369,5,9
57370,4,8
57371,4,4
57372,7,4
57373,3,9
57374,9,3
57375,4,3
57376,7,3
57377,2,1
57378,1,0
57379,8,9
57380,7,8
57381,1,6
57382,4,8
57383,5,9
57384,0,2
57385,1,6
57386,7,8
57387,2,1
57388,2,1
57389,4,4
57390,0,2
57391,3,9
57392,8,5
57393,0,2
57394,2,1
57395,0,2
57396,3,7
57397,0,2
57398,2,0
57399,3,5
57400,1,6
57401,3,5
57402,3,5
57403,5,9
57404,8,5
57405,7,4
57406,9,8
57407,0,9
57408,0,2
57409,6,2
57410,1,0
57411,8,9
57412,1,0
57413,6,7
57414,7,3
57415,3,9
57416,2,1
57417,4,4
57418,1,6
57419,6,7
57420,0,2
57421,9,4
57422,4,8
57423,9,4
57424,3,5
57425,8,9
57426,3,5
57427,2,1
57428,9,3
57429,7,4
57430,1,0
57431,7,4
57432,9,3
57433,1,6
57434,8,5
57435,0,9
57436,1,0
57437,1,6
57438,6,7
57439,2,1
57440,1,0
57441,3,9
57442,2,1
57443,4,4
57444,9,8
57445,7,4
57446,2,1
57447,8,9
57448,2,1
57449,9,4
57450,8,8
57451,0,2
57452,9,3
57453,1,6
57454,1,0
57455,2,9
57456,6,7
57457,3,9
57458,7,4
57459,4,6
57460,1,0
57461,5,9
57462,5,2
57463,6,7
57464,1,0
57465,7,4
57466,4,8
57467,8,9
57468,3,5
57469,9,4
57470,5,5
57471,0,2
57472,3,5
57473,1,6
57474,3,8
57475,2,1
57476,9,4
57477,3,9
57478,2,1
57479,7,4
57480,5,3
57481,8,9
57482,4,8
57483,9,4
57484,8,5
57485,7,4
57486,0,9
57487,9,4
57488,3,5
57489,5,9
57490,6,7
57491,0,9
57492,3,5
57493,8,9
57494,0,2
57495,3,9
57496,2,1
57497,5,9
57498,6,7
57499,4,4
57500,2,1
57501,8,9
57502,7,4
57503,2,7
57504,7,4
57505,1,6
57506,2,9
57507,0,9
57508,6,7
57509,2,1
57510,5,9
57511,5,9
57512,7,4
57513,8,9
57514,6,1
57515,8,9
57516,1,5
57517,1,6
57518,6,7
57519,6,7
57520,2,1
57521,1,6
57522,3,5
57523,3,9
57524,4,7
57525,0,2
57526,7,3
57527,3,9
57528,5,9
57529,6,7
57530,4,8
57531,9,4
57532,8,8
57533,3,9
57534,7,3
57535,7,4
57536,0,2
57537,4,4
57538,4,8
57539,9,4
57540,7,1
57541,7,4
57542,0,2
57543,0,2
57544,4,3
57545,9,4
57546,7,3
57547,7,4
57548,4,8
57549,7,4
57550,7,3
57551,9,4
57552,1,0
57553,5,9
57554,6,7
57555,7,4
57556,7,3
57557,6,7
57558,0,2
57559,4,4
57560,7,8
57561,8,9
57562,8,5
57563,9,4
57564,7,3
57565,6,7
57566,5,5
57567,9,4
57568,3,5
57569,4,4
57570,7,4
57571,1,6
57572,7,4
57573,2,1
57574,2,1
57575,0,9
57576,7,8
57577,6,7
57578,6,7
57579,1,6
57580,8,3
57581,7,4
57582,4,3
57583,2,1
57584,3,5
57585,4,8
57586,0,2
57587,6,7
57588,2,1
57589,4,4
57590,9,8
57591,6,7
57592,2,1
57593,5,9
57594,3,5
57595,0,2
57596,8,5
57597,2,1
57598,3,5
57599,1,6
57600,7,4
57601,0,9
57602,8,9
57603,1,6
57604,2,1
57605,2,1
57606,2,1
57607,1,6
57608,3,5
57609,7,4
57610,5,9
57611,8,9
57612,3,9
57613,1,6
57614,1,0
57615,2,1
57616,8,5
57617,8,9
57618,8,9
57619,2,1
57620,2,1
57621,7,4
57622,6,7
57623,9,4
57624,2,9
57625,3,9
57626,2,1
57627,9,4
57628,2,5
57629,0,2
57630,4,8
57631,1,6
57632,2,1
57633,2,1
57634,0,2
57635,3,5
57636,9,3
57637,4,3
57638,9,8
57639,5,9
57640,8,5
57641,6,7
57642,0,7
57643,7,4
57644,1,0
57645,0,2
57646,7,3
57647,1,6
57648,8,5
57649,2,1
57650,0,2
57651,3,5
57652,7,4
57653,7,4
57654,2,5
57655,8,9
57656,6,7
57657,9,4
57658,2,1
57659,0,9
57660,3,5
57661,1,6
57662,5,7
57663,7,4
57664,8,9
57665,8,9
57666,8,9
57667,9,4
57668,8,9
57669,2,1
57670,9,8
57671,5,5
57672,7,2
57673,1,6
57674,9,3
57675,6,7
57676,7,3
57677,4,3
57678,8,9
57679,3,9
57680,3,5
57681,9,3
57682,0,2
57683,9,5
57684,1,6
57685,0,2
57686,0,7
57687,4,9
57688,9,3
57689,3,5
57690,4,8
57691,6,7
57692,7,3
57693,0,2
57694,2,1
57695,0,7
57696,8,5
57697,8,5
57698,3,5
57699,9,3
57700,0,2
57701,8,9
57702,7,8
57703,7,4
57704,4,4
57705,0,2
57706,4,8
57707,0,2
57708,4,8
57709,4,4
57710,5,3
57711,1,6
57712,4,8
57713,4,4
57714,1,0
57715,1,6
57716,2,1
57717,3,5
57718,7,6
57719,6,7
57720,0,2
57721,4,3
57722,1,0
57723,7,3
57724,4,3
57725,7,3
57726,2,0
57727,0,2
57728,9,5
57729,9,4
57730,0,7
57731,8,9
57732,9,5
57733,4,8
57734,3,9
57735,3,5
57736,8,5
57737,8,9
57738,1,0
57739,3,5
57740,1,0
57741,8,9
57742,6,7
57743,5,9
57744,9,3
57745,8,9
57746,0,2
57747,4,4
57748,7,4
57749,1,6
57750,3,5
57751,7,4
57752,2,6
57753,9,4
57754,6,7
57755,2,4
57756,6,7
57757,0,2
57758,6,7
57759,9,3
57760,0,2
57761,1,6
57762,3,5
57763,7,2
57764,6,7
57765,3,5
57766,3,5
57767,8,9
57768,5,5
57769,0,2
57770,6,9
57771,3,5
57772,8,9
57773,8,9
57774,7,3
57775,1,6
57776,9,8
57777,6,7
57778,1,6
57779,4,3
57780,1,0
57781,3,9
57782,9,3
57783,6,7
57784,0,2
57785,1,6
57786,9,3
57787,5,9
57788,3,5
57789,5,9
57790,2,1
57791,6,7
57792,7,3
57793,5,5
57794,9,3
57795,0,2
57796,9,3
57797,1,0
57798,0,2
57799,2,1
57800,8,5
57801,3,5
57802,6,7
57803,4,8
57804,3,5
57805,5,5
57806,3,5
57807,6,7
57808,2,8
57809,7,3
57810,0,2
57811,0,2
57812,5,5
57813,1,0
57814,5,5
57815,2,1
57816,1,0
57817,3,5
57818,5,5
57819,4,8
57820,3,5
57821,5,5
57822,0,9
57823,6,7
57824,5,5
57825,7,3
57826,8,5
57827,0,2
57828,7,3
57829,1,0
57830,1,0
57831,2,1
57832,8,9
57833,3,5
57834,1,0
57835,4,8
57836,7,4
57837,5,5
57838,2,1
57839,7,8
57840,4,8
57841,4,8
57842,6,7
57843,0,2
57844,4,4
57845,4,3
57846,6,7
57847,0,2
57848,5,8
57849,1,0
57850,6,9
57851,7,3
57852,5,5
57853,5,5
57854,9,8
57855,1,0
57856,3,5
57857,4,3
57858,7,4
57859,2,1
57860,6,7
57861,4,3
57862,4,8
57863,3,5
57864,3,5
57865,1,0
57866,7,4
57867,7,3
57868,3,5
57869,8,3
57870,8,9
57871,2,1
57872,3,5
57873,4,8
57874,9,3
57875,4,3
57876,2,1
57877,3,5
57878,2,1
57879,3,5
57880,9,8
57881,6,7
57882,0,8
57883,6,7
57884,7,3
57885,7,8
57886,3,5
57887,0,2
57888,1,0
57889,2,1
57890,2,1
57891,6,7
57892,4,3
57893,3,5
57894,2,3
57895,9,8
57896,9,3
57897,3,5
57898,8,5
57899,2,1
57900,5,5
57901,8,5
57902,5,5
57903,1,0
57904,2,1
57905,7,8
57906,1,6
57907,0,2
57908,2,5
57909,3,5
57910,2,5
57911,2,1
57912,0,2
57913,9,8
57914,3,5
57915,4,3
57916,0,5
57917,0,2
57918,8,9
57919,3,5
57920,3,5
57921,7,3
57922,8,3
57923,7,8
57924,0,2
57925,7,8
57926,5,5
57927,7,8
57928,2,1
57929,1,0
57930,2,1
57931,1,0
57932,3,5
57933,2,1
57934,4,3
57935,6,7
57936,2,1
57937,4,8
57938,4,8
57939,2,1
57940,4,8
57941,3,5
57942,5,5
57943,6,8
57944,5,9
57945,6,8
57946,4,4
57947,5,5
57948,1,0
57949,7,3
57950,4,3
57951,5,5
57952,3,5
57953,2,2
57954,6,6
57955,8,3
57956,2,1
57957,1,0
57958,7,4
57959,6,7
57960,1,0
57961,1,0
57962,0,2
57963,0,2
57964,2,1
57965,4,8
57966,2,0
57967,3,5
57968,1,0
57969,1,0
57970,7,3
57971,6,7
57972,4,8
57973,1,0
57974,3,5
57975,9,8
57976,2,4
57977,0,2
57978,7,3
57979,1,6
57980,7,3
57981,2,1
57982,5,5
57983,3,5
57984,8,5
57985,4,8
57986,9,3
57987,5,5
57988,8,9
57989,6,7
57990,3,9
57991,7,3
57992,2,1
57993,8,5
57994,6,5
57995,0,2
57996,7,4
57997,1,6
57998,1,0
57999,2,1
58000,2,5
58001,3,5
58002,0,2
58003,4,3
58004,9,8
58005,5,9
58006,9,4
58007,6,7
58008,1,0
58009,7,4
58010,6,7
58011,8,9
58012,0,2
58013,9,4
58014,0,9
58015,0,2
58016,6,7
58017,1,6
58018,4,8
58019,2,1
58020,8,9
58021,3,5
58022,1,0
58023,4,3
58024,8,9
58025,5,5
58026,2,5
58027,6,7
58028,8,5
58029,7,3
58030,2,1
58031,8,9
58032,2,1
58033,1,6
58034,9,3
58035,0,2
58036,0,5
58037,4,3
58038,0,2
58039,5,9
58040,5,5
58041,6,7
58042,7,4
58043,6,7
58044,2,6
58045,3,5
58046,8,9
58047,4,3
58048,3,5
58049,4,4
58050,6,5
58051,1,6
58052,1,0
58053,0,2
58054,9,3
58055,6,7
58056,1,0
58057,4,3
58058,8,9
58059,9,4
58060,2,1
58061,7,4
58062,0,2
58063,2,1
58064,3,5
58065,3,5
58066,4,8
58067,3,5
58068,2,1
58069,9,4
58070,8,5
58071,2,1
58072,1,7
58073,0,2
58074,0,9
58075,9,4
58076,9,8
58077,3,5
58078,7,3
58079,3,5
58080,3,5
58081,9,4
58082,1,6
58083,1,6
58084,3,5
58085,5,9
58086,3,3
58087,2,1
58088,9,3
58089,3,5
58090,7,4
58091,1,6
58092,7,3
58093,6,7
58094,7,8
58095,7,4
58096,9,8
58097,3,5
58098,2,5
58099,7,4
58100,8,9
58101,4,6
58102,0,2
58103,2,1
58104,2,1
58105,4,6
58106,7,4
58107,8,9
58108,0,2
58109,7,4
58110,0,2
58111,6,7
58112,9,4
58113,3,5
58114,2,1
58115,6,7
58116,0,2
58117,5,5
58118,7,4
58119,5,9
58120,1,6
58121,0,2
58122,8,9
58123,1,6
58124,6,7
58125,7,4
58126,2,1
58127,9,4
58128,7,4
58129,9,9
58130,5,9
58131,8,9
58132,9,4
58133,6,7
58134,5,9
58135,2,1
58136,6,7
58137,2,1
58138,8,9
58139,1,6
58140,7,4
58141,5,9
58142,5,5
58143,7,4
58144,3,5
58145,5,9
58146,0,2
58147,1,6
58148,1,6
58149,3,5
58150,8,9
58151,4,4
58152,9,4
58153,4,4
58154,5,9
58155,1,6
58156,8,9
58157,6,7
58158,8,9
58159,9,9
58160,0,2
58161,1,0
58162,2,1
58163,3,5
58164,4,3
58165,5,5
58166,6,1
58167,7,3
58168,8,4
58169,9,8
58170,0,2
58171,1,0
58172,2,1
58173,3,5
58174,4,8
58175,5,2
58176,6,7
58177,7,3
58178,8,9
58179,9,8
58180,0,2
58181,1,0
58182,2,1
58183,3,5
58184,4,8
58185,7,3
58186,8,9
58187,9,3
58188,7,3
58189,1,0
58190,5,2
58191,6,7
58192,2,1
58193,5,5
58194,4,8
58195,8,9
58196,1,0
58197,7,8
58198,1,0
58199,8,5
58200,3,5
58201,8,9
58202,7,4
58203,1,6
58204,7,3
58205,7,3
58206,0,2
58207,1,0
58208,4,3
58209,4,8
58210,4,8
58211,4,3
58212,4,8
58213,9,8
58214,7,4
58215,2,1
58216,6,1
58217,5,9
58218,4,8
58219,3,5
58220,8,5
58221,7,3
58222,9,8
58223,0,2
58224,6,7
58225,4,4
58226,6,2
58227,3,5
58228,7,4
58229,0,2
58230,1,6
58231,4,8
58232,8,9
58233,8,9
58234,1,0
58235,2,1
58236,9,8
58237,3,5
58238,1,0
58239,8,5
58240,4,8
58241,2,1
58242,9,8
58243,9,8
58244,2,1
58245,9,8
58246,6,1
58247,0,2
58248,5,5
58249,3,5
58250,3,5
58251,6,7
58252,3,5
58253,1,0
58254,2,1
58255,5,2
58256,0,2
58257,3,5
58258,7,8
58259,6,1
58260,1,0
58261,5,2
58262,5,5
58263,9,8
58264,9,3
58265,0,2
58266,1,6
58267,2,1
58268,3,5
58269,4,4
58270,5,9
58271,6,7
58272,7,4
58273,8,9
58274,9,3
58275,0,2
58276,1,6
58277,2,1
58278,3,9
58279,4,4
58280,5,9
58281,6,7
58282,7,4
58283,8,9
58284,9,3
58285,0,9
58286,1,6
58287,2,1
58288,3,5
58289,4,4
58290,5,9
58291,6,7
58292,7,4
58293,8,9
58294,9,4
58295,6,7
58296,8,9
58297,2,1
58298,3,5
58299,7,4
58300,4,4
58301,6,7
58302,8,9
58303,6,9
58304,6,7
58305,8,9
58306,0,9
58307,1,6
58308,7,4
58309,1,6
58310,7,4
58311,3,9
58312,5,9
58313,0,9
58314,2,1
58315,2,1
58316,0,9
58317,2,1
58318,5,9
58319,4,4
58320,1,6
58321,5,9
58322,1,6
58323,2,1
58324,3,9
58325,4,4
58326,8,9
58327,3,9
58328,3,9
58329,6,7
58330,5,9
58331,9,4
58332,9,4
58333,3,9
58334,8,9
58335,1,6
58336,3,5
58337,7,4
58338,9,4
58339,3,9
58340,4,4
58341,1,6
58342,7,4
58343,3,9
58344,9,9
58345,6,7
58346,7,4
58347,4,4
58348,9,4
58349,7,4
58350,0,2
58351,9,4
58352,6,7
58353,0,2
58354,6,9
58355,1,6
58356,0,2
58357,5,9
58358,8,9
58359,5,5
58360,0,2
58361,1,6
58362,0,2
58363,9,4
58364,4,4
58365,5,9
58366,9,4
58367,7,4
58368,1,6
58369,9,4
58370,6,7
58371,8,9
58372,9,4
58373,2,1
58374,8,9
58375,5,9
58376,0,2
58377,1,0
58378,2,1
58379,3,3
58380,4,8
58381,5,4
58382,6,1
58383,7,3
58384,8,9
58385,9,8
58386,0,2
58387,1,0
58388,2,9
58389,3,5
58390,4,1
58391,5,9
58392,6,1
58393,7,4
58394,8,1
58395,9,8
58396,0,2
58397,1,6
58398,2,1
58399,3,5
58400,4,4
58401,9,8
58402,0,2
58403,5,9
58404,6,7
58405,8,9
58406,3,5
58407,9,3
58408,0,2
58409,2,9
58410,3,5
58411,3,5
58412,3,5
58413,9,5
58414,5,4
58415,6,7
58416,4,8
58417,4,8
58418,2,5
58419,5,9
58420,4,4
58421,3,5
58422,9,8
58423,6,7
58424,8,5
58425,7,4
58426,9,8
58427,1,0
58428,5,9
58429,2,1
58430,6,2
58431,3,5
58432,4,3
58433,4,3
58434,1,0
58435,6,1
58436,4,4
58437,9,8
58438,6,7
58439,5,9
58440,1,6
58441,2,5
58442,6,1
58443,6,7
58444,7,4
58445,8,9
58446,8,9
58447,1,0
58448,8,5
58449,3,5
58450,7,4
58451,1,6
58452,2,1
58453,7,4
58454,0,2
58455,7,4
58456,5,9
58457,0,2
58458,0,2
58459,1,6
58460,5,9
58461,0,2
58462,0,2
58463,4,8
58464,8,7
58465,3,5
58466,1,6
58467,8,5
58468,2,9
58469,9,8
58470,9,7
58471,5,9
58472,2,1
58473,6,1
58474,4,4
58475,8,5
58476,2,1
58477,5,9
58478,4,8
58479,1,6
58480,7,4
58481,1,6
58482,4,4
58483,3,5
58484,9,8
58485,7,3
58486,1,6
58487,2,1
58488,6,7
58489,0,2
58490,7,4
58491,3,5
58492,0,2
58493,1,0
58494,2,1
58495,3,5
58496,4,8
58497,7,3
58498,8,9
58499,9,4
58500,0,2
58501,1,0
58502,2,1
58503,3,5
58504,4,3
58505,5,9
58506,6,7
58507,7,3
58508,8,9
58509,9,3
58510,0,2
58511,1,6
58512,2,1
58513,3,5
58514,4,3
58515,5,9
58516,6,7
58517,7,3
58518,8,4
58519,9,8
58520,7,8
58521,0,2
58522,6,7
58523,0,2
58524,7,4
58525,3,5
58526,7,3
58527,3,5
58528,7,3
58529,9,8
58530,7,4
58531,4,8
58532,0,2
58533,2,1
58534,6,7
58535,5,7
58536,6,7
58537,5,7
58538,2,1
58539,9,8
58540,5,9
58541,3,5
58542,9,3
58543,8,4
58544,3,5
58545,4,4
58546,0,2
58547,5,9
58548,4,4
58549,6,7
58550,3,9
58551,4,4
58552,8,5
58553,0,9
58554,6,7
58555,4,8
58556,8,3
58557,1,0
58558,3,5
58559,4,8
58560,0,5
58561,1,6
58562,9,3
58563,2,1
58564,3,5
58565,7,3
58566,9,8
58567,1,6
58568,2,1
58569,5,9
58570,1,0
58571,7,3
58572,2,1
58573,8,3
58574,7,3
58575,0,2
58576,1,0
58577,9,8
58578,6,7
58579,4,3
58580,1,6
58581,2,1
58582,3,5
58583,7,2
58584,0,9
58585,2,1
58586,1,6
58587,3,5
58588,1,0
58589,7,3
58590,2,1
58591,1,6
58592,6,7
58593,8,5
58594,0,2
58595,8,4
58596,9,8
58597,1,6
58598,6,7
58599,0,9
58600,1,0
58601,2,1
58602,3,5
58603,4,3
58604,5,9
58605,6,7
58606,7,3
58607,8,9
58608,9,3
58609,0,9
58610,1,0
58611,2,1
58612,3,5
58613,4,4
58614,7,4
58615,8,4
58616,9,3
58617,0,9
58618,1,6
58619,2,1
58620,3,5
58621,4,3
58622,5,9
58623,6,7
58624,7,3
58625,8,9
58626,6,7
58627,4,3
58628,2,1
58629,6,7
58630,4,4
58631,7,4
58632,5,5
58633,5,9
58634,4,3
58635,7,3
58636,8,9
58637,9,3
58638,2,1
58639,9,3
58640,3,5
58641,9,3
58642,3,5
58643,8,9
58644,2,1
58645,0,9
58646,5,9
58647,0,9
58648,7,0
58649,0,9
58650,4,3
58651,2,1
58652,6,7
58653,5,9
58654,3,5
58655,5,5
58656,3,5
58657,8,9
58658,0,9
58659,0,9
58660,3,5
58661,4,9
58662,1,6
58663,5,3
58664,3,5
58665,0,9
58666,8,9
58667,3,5
58668,0,2
58669,6,7
58670,2,1
58671,7,3
58672,1,6
58673,1,0
58674,8,9
58675,1,6
58676,7,3
58677,1,6
58678,3,5
58679,8,9
58680,9,3
58681,7,3
58682,6,7
58683,7,3
58684,4,3
58685,1,6
58686,6,7
58687,7,4
58688,5,5
58689,1,6
58690,7,3
58691,1,6
58692,9,4
58693,8,9
58694,0,9
58695,6,7
58696,9,3
58697,4,4
58698,9,4
58699,9,3
58700,3,5
58701,7,3
58702,1,6
58703,9,3
58704,2,1
58705,2,1
58706,5,8
58707,3,5
58708,7,4
58709,8,9
58710,2,1
58711,3,5
58712,4,3
58713,5,9
58714,6,7
58715,7,3
58716,8,9
58717,9,4
58718,0,2
58719,1,6
58720,2,1
58721,3,5
58722,4,3
58723,5,5
58724,6,7
58725,7,4
58726,0,2
58727,1,6
58728,2,1
58729,3,5
58730,4,3
58731,5,5
58732,6,7
58733,7,4
58734,8,9
58735,9,4
58736,8,9
58737,1,0
58738,0,2
58739,5,5
58740,5,5
58741,1,6
58742,9,4
58743,0,2
58744,4,4
58745,1,6
58746,9,3
58747,3,5
58748,8,9
58749,4,8
58750,7,4
58751,7,3
58752,8,9
58753,5,9
58754,0,2
58755,6,7
58756,5,5
58757,5,9
58758,3,5
58759,3,5
58760,3,5
58761,9,4
58762,8,9
58763,1,6
58764,4,4
58765,0,2
58766,6,7
58767,1,6
58768,0,2
58769,0,2
58770,6,7
58771,2,1
58772,1,6
58773,1,6
58774,3,9
58775,2,8
58776,8,9
58777,8,9
58778,7,4
58779,8,9
58780,4,4
58781,6,7
58782,0,2
58783,2,1
58784,0,2
58785,3,5
58786,6,7
58787,8,9
58788,7,4
58789,1,6
58790,5,9
58791,9,8
58792,9,4
58793,3,9
58794,2,9
58795,4,8
58796,9,3
58797,4,4
58798,6,7
58799,5,9
58800,3,1
58801,2,1
58802,5,9
58803,5,5
58804,9,4
58805,4,4
58806,1,6
58807,6,7
58808,5,9
58809,0,2
58810,1,0
58811,2,1
58812,3,5
58813,4,8
58814,5,5
58815,6,7
58816,7,8
58817,8,5
58818,9,8
58819,0,2
58820,1,0
58821,2,1
58822,3,5
58823,4,8
58824,5,5
58825,6,7
58826,7,8
58827,8,5
58828,9,3
58829,0,2
58830,1,0
58831,2,1
58832,3,3
58833,4,8
58834,5,5
58835,6,7
58836,7,8
58837,8,5
58838,9,3
58839,6,7
58840,4,8
58841,2,1
58842,6,7
58843,4,8
58844,7,8
58845,5,5
58846,5,5
58847,4,8
58848,7,8
58849,8,5
58850,9,3
58851,2,1
58852,9,3
58853,3,5
58854,9,3
58855,3,5
58856,8,5
58857,2,1
58858,0,2
58859,9,3
58860,8,5
58861,0,2
58862,5,5
58863,6,7
58864,0,2
58865,1,0
58866,0,2
58867,4,8
58868,2,1
58869,6,7
58870,5,9
58871,5,8
58872,5,5
58873,4,3
58874,3,5
58875,4,8
58876,1,0
58877,5,5
58878,3,5
58879,0,2
58880,8,5
58881,3,5
58882,0,2
58883,6,7
58884,2,1
58885,7,8
58886,1,0
58887,1,0
58888,8,5
58889,1,6
58890,7,3
58891,1,6
58892,3,5
58893,8,5
58894,5,5
58895,4,8
58896,2,1
58897,0,2
58898,9,8
58899,7,8
58900,6,7
58901,7,3
58902,4,8
58903,1,6
58904,6,7
58905,8,5
58906,4,8
58907,7,8
58908,5,5
58909,1,0
58910,2,1
58911,6,7
58912,7,3
58913,1,6
58914,9,8
58915,8,5
58916,0,2
58917,6,7
58918,9,8
58919,4,8
58920,9,3
58921,9,3
58922,6,7
58923,2,1
58924,3,5
58925,7,8
58926,1,0
58927,9,3
58928,2,1
58929,2,1
58930,5,5
58931,3,5
58932,7,3
58933,8,5
58934,0,2
58935,1,6
58936,2,1
58937,3,5
58938,4,3
58939,5,9
58940,6,7
58941,7,3
58942,8,9
58943,0,2
58944,1,0
58945,2,1
58946,3,5
58947,4,8
58948,5,5
58949,6,7
58950,7,3
58951,8,9
58952,0,2
58953,1,6
58954,2,1
58955,3,5
58956,4,8
58957,5,9
58958,6,7
58959,7,3
58960,8,9
58961,9,4
58962,2,1
58963,1,6
58964,2,1
58965,1,6
58966,3,5
58967,9,4
58968,9,3
58969,8,9
58970,5,9
58971,3,9
58972,7,4
58973,0,2
58974,7,3
58975,7,3
58976,5,9
58977,7,3
58978,9,3
58979,9,3
58980,4,6
58981,7,4
58982,0,2
58983,3,5
58984,4,4
58985,1,6
58986,4,3
58987,4,3
58988,7,4
58989,5,9
58990,8,9
58991,1,6
58992,4,4
58993,8,9
58994,4,4
58995,1,6
58996,8,9
58997,6,7
58998,6,7
58999,4,4
59000,6,7
59001,3,5
59002,5,9
59003,7,4
59004,2,1
59005,5,9
59006,9,3
59007,2,1
59008,6,1
59009,2,1
59010,1,6
59011,2,1
59012,0,2
59013,8,9
59014,3,9
59015,8,9
59016,3,9
59017,0,2
59018,8,9
59019,7,4
59020,4,4
59021,9,4
59022,5,9
59023,0,2
59024,9,3
59025,7,3
59026,4,3
59027,9,3
59028,1,0
59029,6,7
59030,2,1
59031,7,3
59032,6,7
59033,1,6
59034,8,9
59035,6,7
59036,1,0
59037,0,2
59038,3,5
59039,6,7
59040,2,1
59041,1,0
59042,4,3
59043,0,2
59044,1,6
59045,2,1
59046,3,5
59047,4,3
59048,7,4
59049,8,9
59050,9,4
59051,0,2
59052,1,6
59053,2,1
59054,3,5
59055,4,8
59056,7,4
59057,8,9
59058,9,4
59059,0,2
59060,1,6
59061,2,1
59062,3,9
59063,4,8
59064,5,4
59065,6,7
59066,7,4
59067,8,9
59068,7,4
59069,4,3
59070,3,5
59071,1,6
59072,8,9
59073,6,7
59074,1,6
59075,9,4
59076,2,1
59077,4,4
59078,0,2
59079,9,4
59080,9,4
59081,3,9
59082,7,4
59083,7,3
59084,9,4
59085,1,6
59086,8,9
59087,4,3
59088,7,4
59089,5,4
59090,8,9
59091,5,9
59092,3,5
59093,2,1
59094,2,1
59095,0,2
59096,5,9
59097,8,9
59098,6,7
59099,0,2
59100,3,5
59101,8,8
59102,1,6
59103,0,2
59104,3,5
59105,0,2
59106,4,3
59107,7,4
59108,4,3
59109,9,4
59110,2,1
59111,9,4
59112,1,6
59113,2,8
59114,1,6
59115,7,4
59116,1,6
59117,6,7
59118,7,3
59119,3,5
59120,3,5
59121,6,7
59122,2,1
59123,8,9
59124,7,4
59125,6,7
59126,4,8
59127,9,3
59128,8,4
59129,8,9
59130,2,1
59131,9,3
59132,6,7
59133,5,9
59134,5,9
59135,9,4
59136,5,9
59137,3,5
59138,7,4
59139,4,4
59140,7,4
59141,6,7
59142,0,2
59143,0,2
59144,4,3
59145,6,7
59146,6,7
59147,9,4
59148,0,2
59149,1,6
59150,1,6
59151,3,5
59152,2,1
59153,1,6
59154,0,2
59155,0,2
59156,1,6
59157,2,1
59158,3,5
59159,4,4
59160,5,9
59161,6,8
59162,7,3
59163,8,9
59164,9,4
59165,0,2
59166,1,6
59167,2,1
59168,3,1
59169,4,4
59170,5,9
59171,6,7
59172,7,3
59173,8,9
59174,9,4
59175,0,2
59176,1,6
59177,2,1
59178,3,5
59179,4,4
59180,5,9
59181,6,7
59182,7,4
59183,8,9
59184,9,4
59185,4,4
59186,2,1
59187,0,2
59188,2,1
59189,1,6
59190,5,9
59191,9,4
59192,6,7
59193,5,9
59194,9,3
59195,3,9
59196,5,9
59197,0,7
59198,7,4
59199,1,6
59200,1,6
59201,5,9
59202,3,1
59203,0,2
59204,7,4
59205,9,4
59206,6,7
59207,1,6
59208,6,7
59209,7,4
59210,4,4
59211,9,3
59212,5,5
59213,7,4
59214,9,4
59215,8,9
59216,5,9
59217,6,7
59218,2,1
59219,4,4
59220,8,9
59221,9,3
59222,2,1
59223,2,1
59224,8,9
59225,0,2
59226,6,7
59227,4,4
59228,3,1
59229,3,1
59230,1,6
59231,2,1
59232,4,4
59233,1,6
59234,5,9
59235,8,9
59236,9,3
59237,6,7
59238,9,4
59239,3,1
59240,4,4
59241,0,2
59242,3,5
59243,9,3
59244,0,2
59245,2,1
59246,7,3
59247,1,6
59248,1,6
59249,0,2
59250,7,4
59251,6,7
59252,2,1
59253,2,1
59254,7,4
59255,6,7
59256,0,2
59257,6,1
59258,9,4
59259,4,4
59260,8,9
59261,4,4
59262,3,5
59263,3,5
59264,7,3
59265,8,9
59266,1,6
59267,0,2
59268,4,4
59269,5,9
59270,8,9
59271,3,1
59272,0,2
59273,6,1
59274,8,9
59275,3,1
59276,7,3
59277,8,9
59278,5,2
59279,7,4
59280,8,9
59281,2,1
59282,3,5
59283,4,9
59284,6,7
59285,7,4
59286,8,7
59287,9,9
59288,0,2
59289,1,9
59290,2,1
59291,5,9
59292,6,7
59293,7,4
59294,8,2
59295,9,4
59296,0,2
59297,1,6
59298,2,1
59299,3,9
59300,4,4
59301,5,9
59302,6,7
59303,8,9
59304,7,4
59305,5,9
59306,7,4
59307,3,5
59308,3,5
59309,8,2
59310,6,7
59311,5,9
59312,4,9
59313,0,2
59314,9,9
59315,3,9
59316,2,1
59317,2,1
59318,3,5
59319,0,2
59320,6,7
59321,4,9
59322,3,9
59323,7,4
59324,6,7
59325,9,4
59326,2,1
59327,2,1
59328,3,5
59329,5,9
59330,5,9
59331,0,2
59332,7,4
59333,2,1
59334,3,5
59335,4,9
59336,0,2
59337,0,2
59338,5,9
59339,1,6
59340,8,9
59341,9,9
59342,0,2
59343,8,9
59344,9,9
59345,6,7
59346,5,9
59347,6,7
59348,7,4
59349,5,9
59350,3,5
59351,5,9
59352,3,9
59353,0,2
59354,1,5
59355,2,1
59356,3,5
59357,4,8
59358,5,5
59359,6,7
59360,7,8
59361,8,8
59362,9,8
59363,0,2
59364,1,0
59365,2,1
59366,3,5
59367,4,8
59368,5,5
59369,6,7
59370,7,8
59371,9,8
59372,0,2
59373,1,0
59374,2,1
59375,3,5
59376,4,8
59377,5,5
59378,6,7
59379,7,3
59380,8,5
59381,9,8
59382,1,0
59383,3,5
59384,5,5
59385,9,8
59386,4,8
59387,1,0
59388,7,8
59389,7,8
59390,2,7
59391,1,0
59392,4,8
59393,8,5
59394,3,5
59395,8,2
59396,2,1
59397,9,8
59398,3,5
59399,8,7
59400,5,5
59401,4,3
59402,8,5
59403,8,5
59404,9,8
59405,7,3
59406,5,5
59407,4,8
59408,3,5
59409,9,8
59410,2,1
59411,5,5
59412,7,3
59413,4,8
59414,1,0
59415,2,1
59416,3,5
59417,6,8
59418,0,8
59419,1,0
59420,0,5
59421,0,5
59422,2,1
59423,8,5
59424,7,3
59425,2,1
59426,5,5
59427,1,0
59428,1,0
59429,8,5
59430,5,5
59431,6,7
59432,4,8
59433,0,8
59434,4,8
59435,7,3
59436,3,5
59437,6,7
59438,8,5
59439,0,2
59440,3,5
59441,7,3
59442,6,7
59443,9,8
59444,2,1
59445,6,7
59446,5,8
59447,8,5
59448,6,7
59449,9,8
59450,0,2
59451,4,8
59452,0,2
59453,6,1
59454,1,0
59455,9,8
59456,2,1
59457,0,2
59458,9,8
59459,5,5
59460,1,0
59461,3,5
59462,7,8
59463,6,7
59464,9,8
59465,4,8
59466,8,5
59467,3,5
59468,7,8
59469,7,3
59470,6,7
59471,3,5
59472,0,2
59473,5,5
59474,6,7
59475,2,1
59476,2,1
59477,0,2
59478,1,0
59479,2,1
59480,3,5
59481,4,3
59482,5,5
59483,6,7
59484,7,4
59485,8,9
59486,9,3
59487,0,2
59488,1,6
59489,2,1
59490,3,9
59491,4,3
59492,5,9
59493,6,7
59494,7,4
59495,8,9
59496,9,3
59497,0,2
59498,1,6
59499,2,1
59500,3,5
59501,4,3
59502,5,5
59503,6,7
59504,7,4
59505,8,9
59506,9,3
59507,5,5
59508,6,7
59509,6,7
59510,0,2
59511,8,9
59512,3,5
59513,7,4
59514,9,3
59515,4,4
59516,7,4
59517,1,6
59518,9,3
59519,1,6
59520,7,4
59521,1,6
59522,4,4
59523,1,0
59524,7,4
59525,5,9
59526,7,4
59527,1,6
59528,3,5
59529,3,5
59530,1,6
59531,6,7
59532,9,4
59533,7,4
59534,4,3
59535,3,9
59536,0,2
59537,2,1
59538,5,5
59539,2,1
59540,6,7
59541,0,2
59542,8,9
59543,4,4
59544,8,9
59545,1,6
59546,5,9
59547,0,2
59548,6,7
59549,6,7
59550,3,9
59551,4,4
59552,7,4
59553,5,9
59554,7,4
59555,2,1
59556,2,1
59557,0,2
59558,0,2
59559,1,6
59560,7,3
59561,7,4
59562,9,3
59563,5,9
59564,9,3
59565,8,9
59566,9,4
59567,6,7
59568,8,9
59569,3,5
59570,6,7
59571,1,6
59572,2,1
59573,9,3
59574,5,9
59575,2,1
59576,5,2
59577,2,1
59578,6,7
59579,2,1
59580,4,8
59581,8,9
59582,4,4
59583,6,7
59584,5,9
59585,0,2
59586,1,0
59587,2,1
59588,3,5
59589,4,4
59590,5,9
59591,6,7
59592,7,3
59593,8,9
59594,9,4
59595,0,2
59596,1,6
59597,2,1
59598,3,5
59599,4,3
59600,5,9
59601,6,7
59602,7,4
59603,8,9
59604,9,3
59605,0,2
59606,1,6
59607,2,5
59608,4,8
59609,5,5
59610,6,7
59611,7,3
59612,8,9
59613,0,9
59614,4,4
59615,0,2
59616,1,6
59617,7,4
59618,5,9
59619,1,6
59620,4,4
59621,2,1
59622,8,9
59623,4,2
59624,3,5
59625,1,6
59626,7,4
59627,8,9
59628,2,1
59629,4,4
59630,3,5
59631,3,5
59632,6,9
59633,9,3
59634,9,3
59635,5,9
59636,8,9
59637,6,9
59638,7,4
59639,0,2
59640,6,7
59641,2,1
59642,6,7
59643,3,5
59644,9,8
59645,1,6
59646,7,3
59647,4,4
59648,8,9
59649,8,9
59650,9,3
59651,0,2
59652,3,1
59653,0,4
59654,5,9
59655,2,1
59656,9,8
59657,4,9
59658,1,6
59659,0,2
59660,3,9
59661,7,4
59662,5,9
59663,8,9
59664,7,4
59665,7,3
59666,8,9
59667,2,1
59668,9,4
59669,5,5
59670,5,5
59671,1,6
59672,2,1
59673,6,7
59674,4,4
59675,2,1
59676,5,5
59677,2,1
59678,3,5
59679,6,2
59680,0,2
59681,0,1
59682,7,4
59683,5,9
59684,2,1
59685,8,9
59686,1,6
59687,6,7
59688,1,6
59689,0,2
59690,4,4
59691,3,5
59692,1,6
59693,6,7
59694,1,6
59695,9,3
59696,0,2
59697,1,6
59698,2,1
59699,3,5
59700,4,4
59701,5,7
59702,6,7
59703,7,3
59704,0,2
59705,1,6
59706,2,1
59707,3,5
59708,4,4
59709,6,7
59710,7,4
59711,8,9
59712,0,9
59713,1,6
59714,2,1
59715,3,5
59716,4,4
59717,7,4
59718,8,9
59719,9,9
59720,2,9
59721,2,1
59722,4,6
59723,0,9
59724,7,4
59725,3,5
59726,5,1
59727,4,4
59728,1,6
59729,8,9
59730,0,9
59731,5,1
59732,2,1
59733,7,3
59734,2,8
59735,3,9
59736,6,7
59737,2,7
59738,1,6
59739,7,4
59740,7,4
59741,9,4
59742,2,1
59743,4,4
59744,6,7
59745,7,4
59746,7,4
59747,5,1
59748,9,3
59749,9,4
59750,1,6
59751,8,9
59752,6,7
59753,4,4
59754,6,7
59755,0,9
59756,9,3
59757,2,1
59758,6,7
59759,4,4
59760,3,9
59761,9,4
59762,0,7
59763,8,9
59764,8,9
59765,9,8
59766,4,6
59767,7,3
59768,1,6
59769,3,5
59770,6,7
59771,9,3
59772,4,4
59773,1,6
59774,7,4
59775,6,7
59776,9,3
59777,3,5
59778,3,9
59779,7,4
59780,4,9
59781,1,6
59782,9,4
59783,1,9
59784,0,1
59785,6,7
59786,0,2
59787,1,6
59788,2,1
59789,4,4
59790,5,9
59791,6,7
59792,7,4
59793,8,9
59794,9,4
59795,0,2
59796,1,6
59797,2,1
59798,3,5
59799,4,4
59800,5,9
59801,6,7
59802,7,4
59803,8,9
59804,9,4
59805,0,2
59806,1,6
59807,2,1
59808,3,9
59809,4,4
59810,5,9
59811,6,7
59812,7,4
59813,8,9
59814,9,4
59815,3,9
59816,2,1
59817,9,8
59818,3,5
59819,2,1
59820,1,6
59821,4,4
59822,5,9
59823,5,9
59824,2,1
59825,3,9
59826,2,1
59827,1,0
59828,3,5
59829,9,3
59830,7,4
59831,2,1
59832,1,6
59833,2,1
59834,8,9
59835,9,3
59836,1,6
59837,8,9
59838,8,9
59839,7,4
59840,0,2
59841,6,7
59842,7,3
59843,7,4
59844,8,9
59845,7,4
59846,5,9
59847,0,2
59848,6,7
59849,1,6
59850,5,9
59851,7,3
59852,4,4
59853,6,7
59854,1,6
59855,2,1
59856,7,4
59857,9,4
59858,9,3
59859,0,2
59860,3,5
59861,8,9
59862,4,4
59863,4,4
59864,1,6
59865,8,9
59866,6,7
59867,5,9
59868,0,2
59869,0,2
59870,3,9
59871,7,4
59872,1,6
59873,6,7
59874,4,4
59875,2,1
59876,6,7
59877,6,7
59878,0,2
59879,4,4
59880,5,9
59881,4,4
59882,1,6
59883,3,9
59884,8,9
59885,6,7
59886,3,5
59887,9,4
59888,9,4
59889,5,9
59890,9,3
59891,3,9
59892,6,7
59893,4,4
59894,7,4
59895,6,7
59896,2,1
59897,2,1
59898,0,2
59899,9,4
59900,4,4
59901,0,2
59902,1,6
59903,2,1
59904,3,5
59905,4,4
59906,5,9
59907,6,7
59908,7,4
59909,8,9
59910,9,4
59911,0,2
59912,1,9
59913,2,1
59914,3,5
59915,4,4
59916,8,9
59917,9,4
59918,0,2
59919,1,9
59920,2,1
59921,3,9
59922,4,1
59923,5,9
59924,6,7
59925,7,4
59926,8,9
59927,9,4
59928,6,1
59929,0,2
59930,3,9
59931,4,1
59932,1,9
59933,4,4
59934,0,4
59935,7,4
59936,8,9
59937,7,4
59938,7,4
59939,9,4
59940,0,9
59941,4,9
59942,9,4
59943,4,4
59944,0,9
59945,5,9
59946,8,9
59947,5,9
59948,9,4
59949,8,9
59950,8,9
59951,4,4
59952,0,2
59953,7,4
59954,1,6
59955,3,5
59956,5,9
59957,3,1
59958,1,6
59959,6,7
59960,5,9
59961,3,5
59962,8,9
59963,7,4
59964,3,9
59965,1,6
59966,6,7
59967,8,9
59968,5,9
59969,9,4
59970,2,1
59971,2,1
59972,0,2
59973,9,4
59974,2,1
59975,4,4
59976,6,7
59977,7,4
59978,3,5
59979,1,6
59980,3,9
59981,6,7
59982,6,7
59983,2,1
59984,1,6
59985,2,1
59986,6,7
59987,0,2
59988,7,4
59989,8,9
59990,9,4
59991,2,1
59992,9,4
59993,5,9
59994,1,6
59995,8,9
59996,3,9
59997,5,9
59998,6,7
59999,8,9
